file,class,type,cbo,cboModified,fanin,fanout,wmc,dit,noc,rfc,lcom,lcom*,tcc,lcc,totalMethodsQty,staticMethodsQty,publicMethodsQty,privateMethodsQty,protectedMethodsQty,defaultMethodsQty,visibleMethodsQty,abstractMethodsQty,finalMethodsQty,synchronizedMethodsQty,totalFieldsQty,staticFieldsQty,publicFieldsQty,privateFieldsQty,protectedFieldsQty,defaultFieldsQty,finalFieldsQty,synchronizedFieldsQty,nosi,loc,returnQty,loopQty,comparisonsQty,tryCatchQty,parenthesizedExpsQty,stringLiteralsQty,numbersQty,assignmentsQty,mathOperationsQty,variablesQty,maxNestedBlocksQty,anonymousClassesQty,innerClassesQty,lambdasQty,uniqueWordsQty,modifiers,logStatementsQty
C:\Tender-Management-System-master\tendermanagement\src\com\hit\srv\ChangePasswordSrv.java,com.hit.srv.ChangePasswordSrv,class,10,11,1,10,10,2,0,16,3,1.0,0.0,0.0,3,0,1,0,2,0,3,0,0,0,1,1,0,1,0,0,1,0,0,45,0,0,1,0,0,20,1,15,1,15,2,0,0,0,53,1,0
C:\Tender-Management-System-master\tendermanagement\src\com\hit\srv\LogoutSrv.java,com.hit.srv.LogoutSrv,class,7,8,1,7,3,2,0,4,3,1.0,0.0,0.0,3,0,1,0,2,0,3,0,0,0,1,1,0,1,0,0,1,0,0,17,0,0,0,0,0,9,1,2,0,2,0,0,0,0,24,1,0
C:\Tender-Management-System-master\tendermanagement\src\com\hit\utility\IDUtil.java,com.hit.utility.IDUtil,class,1,5,4,1,4,1,0,2,6,0.0,0.0,0.0,4,4,4,0,0,0,4,0,0,0,0,0,0,0,0,0,0,0,1,26,4,0,0,0,0,6,0,12,3,6,0,0,0,0,17,1,0
C:\Tender-Management-System-master\tendermanagement\src\com\hit\srv\CreateTenderSrv.java,com.hit.srv.CreateTenderSrv,class,11,12,1,11,6,2,0,16,3,1.0,0.0,0.0,3,0,1,0,2,0,3,0,0,0,1,1,0,1,0,0,1,0,2,34,0,0,0,0,0,25,1,18,2,18,1,0,0,0,46,1,0
C:\Tender-Management-System-master\tendermanagement\src\com\hit\srv\AcceptBidSrv.java,com.hit.srv.AcceptBidSrv,class,9,10,1,9,6,2,0,13,3,1.0,0.0,0.0,3,0,1,0,2,0,3,0,0,0,1,1,0,1,0,0,1,0,0,28,0,0,0,0,0,14,1,12,1,12,1,0,0,0,41,1,0
C:\Tender-Management-System-master\tendermanagement\src\com\hit\dao\BidderDaoImpl.java,com.hit.dao.BidderDaoImpl,class,6,9,3,6,16,1,0,28,10,0.0,0.0,0.0,5,0,5,0,0,0,5,0,0,0,0,0,0,0,0,0,0,0,18,148,5,2,0,5,0,33,18,45,3,29,3,0,0,0,63,1,0
C:\Tender-Management-System-master\tendermanagement\src\com\hit\beans\VendorBean.java,com.hit.beans.VendorBean,class,0,7,7,0,16,1,0,0,78,0.8125,0.175,0.875,16,0,16,0,0,0,16,0,0,0,7,0,0,7,0,0,0,0,0,63,7,0,0,0,0,0,0,14,0,7,0,0,0,0,19,1,0
C:\Tender-Management-System-master\tendermanagement\src\com\hit\srv\RemoveNoticeSrv.java,com.hit.srv.RemoveNoticeSrv,class,9,10,1,9,7,2,0,14,3,1.0,0.0,0.0,3,0,1,0,2,0,3,0,0,0,1,1,0,1,0,0,1,0,1,26,0,0,1,0,0,12,1,10,1,10,1,0,0,0,39,1,0
C:\Tender-Management-System-master\tendermanagement\src\com\hit\dao\TenderDaoImpl.java,com.hit.dao.TenderDaoImpl,class,4,6,2,4,29,1,0,35,36,0.0,0.0,0.0,9,0,9,0,0,0,9,0,0,0,0,0,0,0,0,0,0,0,30,265,9,3,0,9,0,37,49,98,8,70,3,0,0,0,80,1,0
C:\Tender-Management-System-master\tendermanagement\src\com\hit\beans\NoticeBean.java,com.hit.beans.NoticeBean,class,0,3,3,0,8,1,0,0,10,0.71875,0.32142857,0.75,8,0,8,0,0,0,8,0,0,0,4,1,3,1,0,0,1,0,0,33,3,0,0,0,0,0,1,7,0,4,0,0,0,0,16,1,0
C:\Tender-Management-System-master\tendermanagement\src\com\hit\beans\TenderStatusBean.java,com.hit.beans.TenderStatusBean,class,0,2,2,0,10,1,0,0,21,0.7,0.26666668,0.8,10,0,10,0,0,0,10,0,0,0,4,0,4,0,0,0,0,0,0,40,4,0,0,0,0,0,0,8,0,4,0,0,0,0,14,1,0
C:\Tender-Management-System-master\tendermanagement\src\com\hit\srv\AddNoticeSrv.java,com.hit.srv.AddNoticeSrv,class,9,10,1,9,6,2,0,12,3,1.0,0.0,0.0,3,0,1,0,2,0,3,0,0,0,1,1,0,1,0,0,1,0,0,26,0,0,0,0,0,13,1,11,1,11,1,0,0,0,39,1,0
C:\Tender-Management-System-master\tendermanagement\src\com\hit\srv\LoginSrv.java,com.hit.srv.LoginSrv,class,9,10,1,9,10,2,0,22,3,1.0,0.0,0.0,3,0,1,0,2,0,3,0,0,0,1,1,0,1,0,0,1,0,5,99,0,0,0,1,0,43,5,39,0,35,4,0,0,0,66,1,0
C:\Tender-Management-System-master\tendermanagement\src\com\hit\dao\BidderDao.java,com.hit.dao.BidderDao,interface,1,5,4,1,5,1,0,0,10,0.0,0.0,0.0,5,0,5,0,0,0,5,0,0,0,0,0,0,0,0,0,0,0,0,7,0,0,0,0,0,0,0,0,0,0,0,0,0,0,17,1,0
C:\Tender-Management-System-master\tendermanagement\src\com\hit\dao\VendorDaoImpl.java,com.hit.dao.VendorDaoImpl,class,4,8,4,4,22,1,0,22,15,0.0,0.0,0.0,6,0,6,0,0,0,6,0,0,0,0,0,0,0,0,0,0,0,22,174,8,1,0,7,0,36,22,53,7,31,4,0,0,0,69,1,0
C:\Tender-Management-System-master\tendermanagement\src\com\hit\beans\TenderBean.java,com.hit.beans.TenderBean,class,0,3,3,0,17,1,0,2,78,0.8359375,0.175,0.875,16,0,16,0,0,0,16,0,0,0,8,1,0,8,0,0,1,0,0,73,7,0,0,1,0,1,1,18,0,10,1,0,0,0,36,1,0
C:\Tender-Management-System-master\tendermanagement\src\com\hit\dao\VendorDao.java,com.hit.dao.VendorDao,interface,1,5,4,1,6,1,0,0,15,0.0,0.0,0.0,6,0,6,0,0,0,6,0,0,0,0,0,0,0,0,0,0,0,0,8,0,0,0,0,0,0,0,0,0,0,0,0,0,0,18,1,0
C:\Tender-Management-System-master\tendermanagement\src\com\hit\beans\BidderBean.java,com.hit.beans.BidderBean,class,0,2,2,0,16,1,0,4,43,0.77142864,0.2952381,0.8666667,15,0,15,0,0,0,15,0,0,0,7,1,0,7,0,0,1,0,1,74,6,0,0,1,0,1,1,22,0,9,1,0,0,0,33,1,0
C:\Tender-Management-System-master\tendermanagement\src\com\hit\srv\UpdateProfileSrv.java,com.hit.srv.UpdateProfileSrv,class,10,11,1,10,9,2,0,14,3,1.0,0.0,0.0,3,0,1,0,2,0,3,0,0,0,1,1,0,1,0,0,1,0,0,36,0,0,2,0,0,21,1,17,1,17,1,0,0,0,49,1,0
C:\Tender-Management-System-master\tendermanagement\src\com\hit\srv\RejectBidSrv.java,com.hit.srv.RejectBidSrv,class,9,10,1,9,7,2,0,13,3,1.0,0.0,0.0,3,0,1,0,2,0,3,0,0,0,1,1,0,1,0,0,1,0,0,26,0,0,1,0,0,12,1,10,1,10,1,0,0,0,40,1,0
C:\Tender-Management-System-master\tendermanagement\src\com\hit\dao\NoticeDaoImpl.java,com.hit.dao.NoticeDaoImpl,class,3,6,3,3,15,1,0,21,10,0.0,0.0,0.0,5,0,5,0,0,0,5,0,0,0,0,0,0,0,0,0,0,0,14,113,5,1,0,5,0,20,10,35,4,21,2,0,0,0,55,1,0
C:\Tender-Management-System-master\tendermanagement\src\com\hit\utility\DBUtil.java,com.hit.utility.DBUtil,class,0,5,5,0,15,1,0,9,10,0.8,0.0,0.0,5,4,5,0,0,0,5,0,0,0,1,1,0,1,0,0,0,0,3,51,1,0,4,5,0,5,0,7,0,6,3,0,0,0,31,1,0
C:\Tender-Management-System-master\tendermanagement\src\com\hit\srv\BidTenderSrv.java,com.hit.srv.BidTenderSrv,class,9,10,1,9,7,2,0,13,3,1.0,0.0,0.0,3,0,1,0,2,0,3,0,0,0,1,1,0,1,0,0,1,0,0,29,0,0,1,0,0,15,1,13,1,13,1,0,0,0,44,1,0
C:\Tender-Management-System-master\tendermanagement\src\com\hit\dao\TenderDao.java,com.hit.dao.TenderDao,interface,2,5,3,2,9,1,0,0,36,0.0,0.0,0.0,9,0,9,0,0,0,9,0,0,0,0,0,0,0,0,0,0,0,0,11,0,0,0,0,0,0,0,0,0,0,0,0,0,0,20,1,0
C:\Tender-Management-System-master\tendermanagement\src\com\hit\srv\RegisterSrv.java,com.hit.srv.RegisterSrv,class,10,11,1,10,3,2,0,10,3,1.0,0.0,0.0,3,0,1,0,2,0,3,0,0,0,1,1,0,1,0,0,1,0,1,25,0,0,0,0,0,10,1,13,1,13,0,0,0,0,40,1,0
C:\Tender-Management-System-master\tendermanagement\src\com\hit\srv\UpdateNoticeSrv.java,com.hit.srv.UpdateNoticeSrv,class,10,11,1,10,7,2,0,14,3,1.0,0.0,0.0,3,0,1,0,2,0,3,0,0,0,1,1,0,1,0,0,1,0,1,29,0,0,1,0,0,14,1,13,1,13,1,0,0,0,42,1,0
C:\Tender-Management-System-master\tendermanagement\src\com\hit\dao\NoticeDao.java,com.hit.dao.NoticeDao,interface,1,5,4,1,5,1,0,0,10,0.0,0.0,0.0,5,0,5,0,0,0,5,0,0,0,0,0,0,0,0,0,0,0,0,7,0,0,0,0,0,0,0,0,0,0,0,0,0,0,13,1,0
