file,class,method,variable,usage
C:\Tender-Management-System-master\tendermanagement\src\com\hit\beans\VendorBean.java,com.hit.beans.VendorBean,getPassword/0,password,1
C:\Tender-Management-System-master\tendermanagement\src\com\hit\beans\VendorBean.java,com.hit.beans.VendorBean,getAddress/0,address,1
C:\Tender-Management-System-master\tendermanagement\src\com\hit\beans\VendorBean.java,com.hit.beans.VendorBean,getMobile/0,mobile,1
C:\Tender-Management-System-master\tendermanagement\src\com\hit\beans\VendorBean.java,com.hit.beans.VendorBean,setCompany/1[java.lang.String],company,3
C:\Tender-Management-System-master\tendermanagement\src\com\hit\beans\VendorBean.java,com.hit.beans.VendorBean,setPassword/1[java.lang.String],password,3
C:\Tender-Management-System-master\tendermanagement\src\com\hit\beans\VendorBean.java,com.hit.beans.VendorBean,getEmail/0,email,1
C:\Tender-Management-System-master\tendermanagement\src\com\hit\beans\VendorBean.java,com.hit.beans.VendorBean,getId/0,id,1
C:\Tender-Management-System-master\tendermanagement\src\com\hit\beans\VendorBean.java,com.hit.beans.VendorBean,setAddress/1[java.lang.String],address,3
C:\Tender-Management-System-master\tendermanagement\src\com\hit\beans\VendorBean.java,com.hit.beans.VendorBean,"VendorBean/7[java.lang.String,java.lang.String,java.lang.String,java.lang.String,java.lang.String,java.lang.String,java.lang.String]",password,3
C:\Tender-Management-System-master\tendermanagement\src\com\hit\beans\VendorBean.java,com.hit.beans.VendorBean,"VendorBean/7[java.lang.String,java.lang.String,java.lang.String,java.lang.String,java.lang.String,java.lang.String,java.lang.String]",address,3
C:\Tender-Management-System-master\tendermanagement\src\com\hit\beans\VendorBean.java,com.hit.beans.VendorBean,"VendorBean/7[java.lang.String,java.lang.String,java.lang.String,java.lang.String,java.lang.String,java.lang.String,java.lang.String]",name,3
C:\Tender-Management-System-master\tendermanagement\src\com\hit\beans\VendorBean.java,com.hit.beans.VendorBean,"VendorBean/7[java.lang.String,java.lang.String,java.lang.String,java.lang.String,java.lang.String,java.lang.String,java.lang.String]",mobile,3
C:\Tender-Management-System-master\tendermanagement\src\com\hit\beans\VendorBean.java,com.hit.beans.VendorBean,"VendorBean/7[java.lang.String,java.lang.String,java.lang.String,java.lang.String,java.lang.String,java.lang.String,java.lang.String]",company,3
C:\Tender-Management-System-master\tendermanagement\src\com\hit\beans\VendorBean.java,com.hit.beans.VendorBean,"VendorBean/7[java.lang.String,java.lang.String,java.lang.String,java.lang.String,java.lang.String,java.lang.String,java.lang.String]",id,3
C:\Tender-Management-System-master\tendermanagement\src\com\hit\beans\VendorBean.java,com.hit.beans.VendorBean,"VendorBean/7[java.lang.String,java.lang.String,java.lang.String,java.lang.String,java.lang.String,java.lang.String,java.lang.String]",email,3
C:\Tender-Management-System-master\tendermanagement\src\com\hit\beans\VendorBean.java,com.hit.beans.VendorBean,setEmail/1[java.lang.String],email,3
C:\Tender-Management-System-master\tendermanagement\src\com\hit\beans\VendorBean.java,com.hit.beans.VendorBean,setId/1[java.lang.String],id,3
C:\Tender-Management-System-master\tendermanagement\src\com\hit\beans\VendorBean.java,com.hit.beans.VendorBean,setMobile/1[java.lang.String],mobile,3
C:\Tender-Management-System-master\tendermanagement\src\com\hit\beans\VendorBean.java,com.hit.beans.VendorBean,getName/0,name,1
C:\Tender-Management-System-master\tendermanagement\src\com\hit\beans\VendorBean.java,com.hit.beans.VendorBean,setName/1[java.lang.String],name,3
C:\Tender-Management-System-master\tendermanagement\src\com\hit\beans\VendorBean.java,com.hit.beans.VendorBean,getCompany/0,company,1
C:\Tender-Management-System-master\tendermanagement\src\com\hit\beans\NoticeBean.java,com.hit.beans.NoticeBean,setNoticeTitle/1[java.lang.String],noticeTitle,3
C:\Tender-Management-System-master\tendermanagement\src\com\hit\beans\NoticeBean.java,com.hit.beans.NoticeBean,getNoticeTitle/0,noticeTitle,1
C:\Tender-Management-System-master\tendermanagement\src\com\hit\beans\NoticeBean.java,com.hit.beans.NoticeBean,getNoticeInfo/0,noticeInfo,1
C:\Tender-Management-System-master\tendermanagement\src\com\hit\beans\NoticeBean.java,com.hit.beans.NoticeBean,setNoticeInfo/1[java.lang.String],noticeInfo,3
C:\Tender-Management-System-master\tendermanagement\src\com\hit\beans\NoticeBean.java,com.hit.beans.NoticeBean,"NoticeBean/3[int,java.lang.String,java.lang.String]",noticeInfo,3
C:\Tender-Management-System-master\tendermanagement\src\com\hit\beans\NoticeBean.java,com.hit.beans.NoticeBean,"NoticeBean/3[int,java.lang.String,java.lang.String]",noticeId,3
C:\Tender-Management-System-master\tendermanagement\src\com\hit\beans\NoticeBean.java,com.hit.beans.NoticeBean,"NoticeBean/3[int,java.lang.String,java.lang.String]",noticeTitle,3
C:\Tender-Management-System-master\tendermanagement\src\com\hit\beans\NoticeBean.java,com.hit.beans.NoticeBean,setNoticeId/1[int],noticeId,3
C:\Tender-Management-System-master\tendermanagement\src\com\hit\beans\NoticeBean.java,com.hit.beans.NoticeBean,getNoticeId/0,noticeId,1
C:\Tender-Management-System-master\tendermanagement\src\com\hit\beans\TenderStatusBean.java,com.hit.beans.TenderStatusBean,getBidderId/0,bidderId,1
C:\Tender-Management-System-master\tendermanagement\src\com\hit\beans\TenderStatusBean.java,com.hit.beans.TenderStatusBean,setVendorId/1[java.lang.String],vendorId,3
C:\Tender-Management-System-master\tendermanagement\src\com\hit\beans\TenderStatusBean.java,com.hit.beans.TenderStatusBean,setTendorId/1[java.lang.String],tendorId,3
C:\Tender-Management-System-master\tendermanagement\src\com\hit\beans\TenderStatusBean.java,com.hit.beans.TenderStatusBean,getTendorId/0,tendorId,1
C:\Tender-Management-System-master\tendermanagement\src\com\hit\beans\TenderStatusBean.java,com.hit.beans.TenderStatusBean,getVendorId/0,vendorId,1
C:\Tender-Management-System-master\tendermanagement\src\com\hit\beans\TenderStatusBean.java,com.hit.beans.TenderStatusBean,setStatus/1[java.lang.String],status,3
C:\Tender-Management-System-master\tendermanagement\src\com\hit\beans\TenderStatusBean.java,com.hit.beans.TenderStatusBean,"TenderStatusBean/4[java.lang.String,java.lang.String,java.lang.String,java.lang.String]",bidderId,3
C:\Tender-Management-System-master\tendermanagement\src\com\hit\beans\TenderStatusBean.java,com.hit.beans.TenderStatusBean,"TenderStatusBean/4[java.lang.String,java.lang.String,java.lang.String,java.lang.String]",vendorId,3
C:\Tender-Management-System-master\tendermanagement\src\com\hit\beans\TenderStatusBean.java,com.hit.beans.TenderStatusBean,"TenderStatusBean/4[java.lang.String,java.lang.String,java.lang.String,java.lang.String]",tendorId,3
C:\Tender-Management-System-master\tendermanagement\src\com\hit\beans\TenderStatusBean.java,com.hit.beans.TenderStatusBean,"TenderStatusBean/4[java.lang.String,java.lang.String,java.lang.String,java.lang.String]",status,3
C:\Tender-Management-System-master\tendermanagement\src\com\hit\beans\TenderStatusBean.java,com.hit.beans.TenderStatusBean,setBidderId/1[java.lang.String],bidderId,3
C:\Tender-Management-System-master\tendermanagement\src\com\hit\beans\TenderStatusBean.java,com.hit.beans.TenderStatusBean,getStatus/0,status,1
C:\Tender-Management-System-master\tendermanagement\src\com\hit\beans\TenderBean.java,com.hit.beans.TenderBean,getPrice/0,price,1
C:\Tender-Management-System-master\tendermanagement\src\com\hit\beans\TenderBean.java,com.hit.beans.TenderBean,getType/0,type,1
C:\Tender-Management-System-master\tendermanagement\src\com\hit\beans\TenderBean.java,com.hit.beans.TenderBean,setName/1[java.lang.String],name,3
C:\Tender-Management-System-master\tendermanagement\src\com\hit\beans\TenderBean.java,com.hit.beans.TenderBean,setDesc/1[java.lang.String],desc,3
C:\Tender-Management-System-master\tendermanagement\src\com\hit\beans\TenderBean.java,com.hit.beans.TenderBean,getLocation/0,location,1
C:\Tender-Management-System-master\tendermanagement\src\com\hit\beans\TenderBean.java,com.hit.beans.TenderBean,setPrice/1[int],price,3
C:\Tender-Management-System-master\tendermanagement\src\com\hit\beans\TenderBean.java,com.hit.beans.TenderBean,getId/0,id,1
C:\Tender-Management-System-master\tendermanagement\src\com\hit\beans\TenderBean.java,com.hit.beans.TenderBean,setDeadline/1[java.util.Date],deadline,3
C:\Tender-Management-System-master\tendermanagement\src\com\hit\beans\TenderBean.java,com.hit.beans.TenderBean,setId/1[java.lang.String],id,3
C:\Tender-Management-System-master\tendermanagement\src\com\hit\beans\TenderBean.java,com.hit.beans.TenderBean,setLocation/1[java.lang.String],location,3
C:\Tender-Management-System-master\tendermanagement\src\com\hit\beans\TenderBean.java,com.hit.beans.TenderBean,getName/0,name,1
C:\Tender-Management-System-master\tendermanagement\src\com\hit\beans\TenderBean.java,com.hit.beans.TenderBean,getDeadline/0,deadline,1
C:\Tender-Management-System-master\tendermanagement\src\com\hit\beans\TenderBean.java,com.hit.beans.TenderBean,setType/1[java.lang.String],type,3
C:\Tender-Management-System-master\tendermanagement\src\com\hit\beans\TenderBean.java,com.hit.beans.TenderBean,getDesc/0,desc,1
C:\Tender-Management-System-master\tendermanagement\src\com\hit\beans\TenderBean.java,com.hit.beans.TenderBean,"TenderBean/7[java.lang.String,java.lang.String,java.lang.String,int,java.lang.String,java.lang.String,java.lang.String]",price,3
C:\Tender-Management-System-master\tendermanagement\src\com\hit\beans\TenderBean.java,com.hit.beans.TenderBean,"TenderBean/7[java.lang.String,java.lang.String,java.lang.String,int,java.lang.String,java.lang.String,java.lang.String]",name,3
C:\Tender-Management-System-master\tendermanagement\src\com\hit\beans\TenderBean.java,com.hit.beans.TenderBean,"TenderBean/7[java.lang.String,java.lang.String,java.lang.String,int,java.lang.String,java.lang.String,java.lang.String]",location,3
C:\Tender-Management-System-master\tendermanagement\src\com\hit\beans\TenderBean.java,com.hit.beans.TenderBean,"TenderBean/7[java.lang.String,java.lang.String,java.lang.String,int,java.lang.String,java.lang.String,java.lang.String]",id,3
C:\Tender-Management-System-master\tendermanagement\src\com\hit\beans\TenderBean.java,com.hit.beans.TenderBean,"TenderBean/7[java.lang.String,java.lang.String,java.lang.String,int,java.lang.String,java.lang.String,java.lang.String]",type,3
C:\Tender-Management-System-master\tendermanagement\src\com\hit\beans\TenderBean.java,com.hit.beans.TenderBean,"TenderBean/7[java.lang.String,java.lang.String,java.lang.String,int,java.lang.String,java.lang.String,java.lang.String]",deadline,1
C:\Tender-Management-System-master\tendermanagement\src\com\hit\beans\TenderBean.java,com.hit.beans.TenderBean,"TenderBean/7[java.lang.String,java.lang.String,java.lang.String,int,java.lang.String,java.lang.String,java.lang.String]",desc,3
C:\Tender-Management-System-master\tendermanagement\src\com\hit\beans\BidderBean.java,com.hit.beans.BidderBean,setTenderId/1[java.lang.String],tenderId,3
C:\Tender-Management-System-master\tendermanagement\src\com\hit\beans\BidderBean.java,com.hit.beans.BidderBean,getBidStatus/0,bidStatus,1
C:\Tender-Management-System-master\tendermanagement\src\com\hit\beans\BidderBean.java,com.hit.beans.BidderBean,getBidId/0,bidId,1
C:\Tender-Management-System-master\tendermanagement\src\com\hit\beans\BidderBean.java,com.hit.beans.BidderBean,getTenderId/0,tenderId,1
C:\Tender-Management-System-master\tendermanagement\src\com\hit\beans\BidderBean.java,com.hit.beans.BidderBean,setVendorId/1[java.lang.String],vendorId,3
C:\Tender-Management-System-master\tendermanagement\src\com\hit\beans\BidderBean.java,com.hit.beans.BidderBean,getVendorId/0,vendorId,1
C:\Tender-Management-System-master\tendermanagement\src\com\hit\beans\BidderBean.java,com.hit.beans.BidderBean,"BidderBean/6[java.lang.String,java.lang.String,java.lang.String,java.lang.String,java.lang.String,java.lang.String]",bidStatus,3
C:\Tender-Management-System-master\tendermanagement\src\com\hit\beans\BidderBean.java,com.hit.beans.BidderBean,"BidderBean/6[java.lang.String,java.lang.String,java.lang.String,java.lang.String,java.lang.String,java.lang.String]",bidDeadline,3
C:\Tender-Management-System-master\tendermanagement\src\com\hit\beans\BidderBean.java,com.hit.beans.BidderBean,"BidderBean/6[java.lang.String,java.lang.String,java.lang.String,java.lang.String,java.lang.String,java.lang.String]",vendorId,3
C:\Tender-Management-System-master\tendermanagement\src\com\hit\beans\BidderBean.java,com.hit.beans.BidderBean,"BidderBean/6[java.lang.String,java.lang.String,java.lang.String,java.lang.String,java.lang.String,java.lang.String]",bidAmount,3
C:\Tender-Management-System-master\tendermanagement\src\com\hit\beans\BidderBean.java,com.hit.beans.BidderBean,"BidderBean/6[java.lang.String,java.lang.String,java.lang.String,java.lang.String,java.lang.String,java.lang.String]",tenderId,3
C:\Tender-Management-System-master\tendermanagement\src\com\hit\beans\BidderBean.java,com.hit.beans.BidderBean,"BidderBean/6[java.lang.String,java.lang.String,java.lang.String,java.lang.String,java.lang.String,java.lang.String]",bidId,3
C:\Tender-Management-System-master\tendermanagement\src\com\hit\beans\BidderBean.java,com.hit.beans.BidderBean,getBidDeadline/0,bidDeadline,1
C:\Tender-Management-System-master\tendermanagement\src\com\hit\beans\BidderBean.java,com.hit.beans.BidderBean,setBidStatus/1[java.lang.String],bidStatus,3
C:\Tender-Management-System-master\tendermanagement\src\com\hit\beans\BidderBean.java,com.hit.beans.BidderBean,getBidAmount/0,bidAmount,1
C:\Tender-Management-System-master\tendermanagement\src\com\hit\beans\BidderBean.java,com.hit.beans.BidderBean,setBidAmount/1[int],bidAmount,3
C:\Tender-Management-System-master\tendermanagement\src\com\hit\beans\BidderBean.java,com.hit.beans.BidderBean,"BidderBean/6[java.lang.String,java.lang.String,java.lang.String,int,java.util.Date,java.lang.String]",bidStatus,3
C:\Tender-Management-System-master\tendermanagement\src\com\hit\beans\BidderBean.java,com.hit.beans.BidderBean,"BidderBean/6[java.lang.String,java.lang.String,java.lang.String,int,java.util.Date,java.lang.String]",bidDeadline,3
C:\Tender-Management-System-master\tendermanagement\src\com\hit\beans\BidderBean.java,com.hit.beans.BidderBean,"BidderBean/6[java.lang.String,java.lang.String,java.lang.String,int,java.util.Date,java.lang.String]",vendorId,3
C:\Tender-Management-System-master\tendermanagement\src\com\hit\beans\BidderBean.java,com.hit.beans.BidderBean,"BidderBean/6[java.lang.String,java.lang.String,java.lang.String,int,java.util.Date,java.lang.String]",bidAmount,3
C:\Tender-Management-System-master\tendermanagement\src\com\hit\beans\BidderBean.java,com.hit.beans.BidderBean,"BidderBean/6[java.lang.String,java.lang.String,java.lang.String,int,java.util.Date,java.lang.String]",tenderId,3
C:\Tender-Management-System-master\tendermanagement\src\com\hit\beans\BidderBean.java,com.hit.beans.BidderBean,"BidderBean/6[java.lang.String,java.lang.String,java.lang.String,int,java.util.Date,java.lang.String]",bidId,3
C:\Tender-Management-System-master\tendermanagement\src\com\hit\beans\BidderBean.java,com.hit.beans.BidderBean,setBidDeadline/1[java.sql.Date],bidDeadline,3
C:\Tender-Management-System-master\tendermanagement\src\com\hit\beans\BidderBean.java,com.hit.beans.BidderBean,setBidId/1[java.lang.String],bidId,3
C:\Tender-Management-System-master\tendermanagement\src\com\hit\utility\DBUtil.java,com.hit.utility.DBUtil,provideConnection/0,conn,4
