file,class,method,constructor,line,cbo,cboModified,fanin,fanout,wmc,rfc,loc,returnsQty,variablesQty,parametersQty,methodsInvokedQty,methodsInvokedLocalQty,methodsInvokedIndirectLocalQty,loopQty,comparisonsQty,tryCatchQty,parenthesizedExpsQty,stringLiteralsQty,numbersQty,assignmentsQty,mathOperationsQty,maxNestedBlocksQty,anonymousClassesQty,innerClassesQty,lambdasQty,uniqueWordsQty,modifiers,logStatementsQty,hasJavaDoc
C:\Tender-Management-System-master\tendermanagement\src\com\hit\srv\ChangePasswordSrv.java,com.hit.srv.ChangePasswordSrv,"doPost/2[com.hit.srv.HttpServletRequest,com.hit.srv.HttpServletResponse]",false,43,7,5,1,4,8,15,36,0,14,2,15,0,0,0,1,0,0,19,0,14,1,2,0,0,0,42,4,0,true
C:\Tender-Management-System-master\tendermanagement\src\com\hit\srv\ChangePasswordSrv.java,com.hit.srv.ChangePasswordSrv,"doGet/2[com.hit.srv.HttpServletRequest,com.hit.srv.HttpServletResponse]",false,36,3,1,0,1,1,1,3,0,0,2,1,1,1,0,0,0,0,0,0,0,0,0,0,0,0,10,4,0,true
C:\Tender-Management-System-master\tendermanagement\src\com\hit\srv\ChangePasswordSrv.java,com.hit.srv.ChangePasswordSrv,ChangePasswordSrv/0,true,28,0,0,0,0,1,0,3,0,0,0,0,0,0,0,0,0,0,0,0,0,0,0,0,0,0,3,1,0,true
C:\Tender-Management-System-master\tendermanagement\src\com\hit\srv\LogoutSrv.java,com.hit.srv.LogoutSrv,"doPost/2[com.hit.srv.HttpServletRequest,com.hit.srv.HttpServletResponse]",false,48,3,1,0,1,1,1,3,0,0,2,1,1,1,0,0,0,0,0,0,0,0,0,0,0,0,10,4,0,true
C:\Tender-Management-System-master\tendermanagement\src\com\hit\srv\LogoutSrv.java,com.hit.srv.LogoutSrv,LogoutSrv/0,true,26,0,0,0,0,1,0,3,0,0,0,0,0,0,0,0,0,0,0,0,0,0,0,0,0,0,2,1,0,true
C:\Tender-Management-System-master\tendermanagement\src\com\hit\srv\LogoutSrv.java,com.hit.srv.LogoutSrv,"doGet/2[com.hit.srv.HttpServletRequest,com.hit.srv.HttpServletResponse]",false,34,4,2,1,1,1,3,8,0,1,2,3,0,0,0,0,0,0,8,0,1,0,0,0,0,0,13,4,0,true
C:\Tender-Management-System-master\tendermanagement\src\com\hit\utility\IDUtil.java,com.hit.utility.IDUtil,generateApplicationId/0,false,28,1,1,0,1,1,1,3,1,0,0,1,1,1,0,0,0,0,0,0,0,0,0,0,0,0,4,9,0,false
C:\Tender-Management-System-master\tendermanagement\src\com\hit\utility\IDUtil.java,com.hit.utility.IDUtil,generateTenderId/0,false,7,0,1,1,0,1,1,7,1,2,0,1,0,0,0,0,0,0,2,0,4,1,0,0,0,0,9,9,0,false
C:\Tender-Management-System-master\tendermanagement\src\com\hit\utility\IDUtil.java,com.hit.utility.IDUtil,generateVendorId/0,false,18,0,1,1,0,1,1,7,1,2,0,1,0,0,0,0,0,0,2,0,4,1,0,0,0,0,9,9,0,false
C:\Tender-Management-System-master\tendermanagement\src\com\hit\utility\IDUtil.java,com.hit.utility.IDUtil,generateBidderId/0,false,32,0,2,2,0,1,1,7,1,2,0,1,0,0,0,0,0,0,2,0,4,1,0,0,0,0,9,9,0,false
C:\Tender-Management-System-master\tendermanagement\src\com\hit\srv\CreateTenderSrv.java,com.hit.srv.CreateTenderSrv,"doGet/2[com.hit.srv.HttpServletRequest,com.hit.srv.HttpServletResponse]",false,37,8,5,1,4,4,15,25,0,17,2,15,0,0,0,0,0,0,24,0,17,2,1,0,0,0,35,4,0,true
C:\Tender-Management-System-master\tendermanagement\src\com\hit\srv\CreateTenderSrv.java,com.hit.srv.CreateTenderSrv,"doPost/2[com.hit.srv.HttpServletRequest,com.hit.srv.HttpServletResponse]",false,80,3,1,0,1,1,1,3,0,0,2,1,1,1,0,0,0,0,0,0,0,0,0,0,0,0,10,4,0,true
C:\Tender-Management-System-master\tendermanagement\src\com\hit\srv\CreateTenderSrv.java,com.hit.srv.CreateTenderSrv,CreateTenderSrv/0,true,29,0,0,0,0,1,0,3,0,0,0,0,0,0,0,0,0,0,0,0,0,0,0,0,0,0,3,1,0,true
C:\Tender-Management-System-master\tendermanagement\src\com\hit\srv\AcceptBidSrv.java,com.hit.srv.AcceptBidSrv,"doGet/2[com.hit.srv.HttpServletRequest,com.hit.srv.HttpServletResponse]",false,36,6,3,1,2,4,12,19,0,11,2,12,0,0,0,0,0,0,13,0,11,1,1,0,0,0,29,4,0,true
C:\Tender-Management-System-master\tendermanagement\src\com\hit\srv\AcceptBidSrv.java,com.hit.srv.AcceptBidSrv,AcceptBidSrv/0,true,28,0,0,0,0,1,0,3,0,0,0,0,0,0,0,0,0,0,0,0,0,0,0,0,0,0,3,1,0,true
C:\Tender-Management-System-master\tendermanagement\src\com\hit\srv\AcceptBidSrv.java,com.hit.srv.AcceptBidSrv,"doPost/2[com.hit.srv.HttpServletRequest,com.hit.srv.HttpServletResponse]",false,74,3,1,0,1,1,1,3,0,0,2,1,1,1,0,0,0,0,0,0,0,0,0,0,0,0,10,4,0,true
C:\Tender-Management-System-master\tendermanagement\src\com\hit\dao\BidderDaoImpl.java,com.hit.dao.BidderDaoImpl,rejectBid/1[java.lang.String],false,67,1,3,0,3,3,8,22,1,4,1,8,0,0,0,0,1,0,6,4,7,1,2,0,0,0,27,1,0,false
C:\Tender-Management-System-master\tendermanagement\src\com\hit\dao\BidderDaoImpl.java,com.hit.dao.BidderDaoImpl,getAllBidsOfaTender/1[java.lang.String],false,154,2,11,0,11,3,20,30,1,5,1,20,0,0,1,0,1,0,7,1,7,0,2,0,0,0,28,1,0,false
C:\Tender-Management-System-master\tendermanagement\src\com\hit\dao\BidderDaoImpl.java,com.hit.dao.BidderDaoImpl,getAllBidsOfaVendor/1[java.lang.String],false,204,2,11,0,11,3,20,30,1,5,1,20,0,0,1,0,1,0,7,1,7,0,2,0,0,0,28,1,0,false
C:\Tender-Management-System-master\tendermanagement\src\com\hit\dao\BidderDaoImpl.java,com.hit.dao.BidderDaoImpl,"bidTender/4[java.lang.String,java.lang.String,java.lang.String,java.lang.String]",false,102,3,7,0,7,3,13,28,1,8,4,13,0,0,0,0,1,0,4,7,10,0,2,0,0,0,30,1,0,false
C:\Tender-Management-System-master\tendermanagement\src\com\hit\dao\BidderDaoImpl.java,com.hit.dao.BidderDaoImpl,"acceptBid/3[java.lang.String,java.lang.String,java.lang.String]",false,18,3,5,0,5,4,11,36,1,7,3,11,0,0,0,0,1,0,9,5,14,2,3,0,0,0,39,1,0,false
C:\Tender-Management-System-master\tendermanagement\src\com\hit\beans\VendorBean.java,com.hit.beans.VendorBean,getPassword/0,false,52,0,3,3,0,1,0,3,1,0,0,0,0,0,0,0,0,0,0,0,0,0,0,0,0,0,3,1,0,false
C:\Tender-Management-System-master\tendermanagement\src\com\hit\beans\VendorBean.java,com.hit.beans.VendorBean,getAddress/0,false,40,0,2,2,0,1,0,3,1,0,0,0,0,0,0,0,0,0,0,0,0,0,0,0,0,0,3,1,0,false
C:\Tender-Management-System-master\tendermanagement\src\com\hit\beans\VendorBean.java,com.hit.beans.VendorBean,getMobile/0,false,28,0,2,2,0,1,0,3,1,0,0,0,0,0,0,0,0,0,0,0,0,0,0,0,0,0,3,1,0,false
C:\Tender-Management-System-master\tendermanagement\src\com\hit\beans\VendorBean.java,com.hit.beans.VendorBean,VendorBean/0,true,15,0,1,1,0,1,0,2,0,0,0,0,0,0,0,0,0,0,0,0,0,0,0,0,0,0,2,1,0,false
C:\Tender-Management-System-master\tendermanagement\src\com\hit\beans\VendorBean.java,com.hit.beans.VendorBean,setCompany/1[java.lang.String],false,49,0,0,0,0,1,0,3,0,0,1,0,0,0,0,0,0,0,0,0,1,0,0,0,0,0,3,1,0,false
C:\Tender-Management-System-master\tendermanagement\src\com\hit\beans\VendorBean.java,com.hit.beans.VendorBean,setPassword/1[java.lang.String],false,55,0,1,1,0,1,0,3,0,0,1,0,0,0,0,0,0,0,0,0,1,0,0,0,0,0,3,1,0,false
C:\Tender-Management-System-master\tendermanagement\src\com\hit\beans\VendorBean.java,com.hit.beans.VendorBean,getEmail/0,false,34,0,2,2,0,1,0,3,1,0,0,0,0,0,0,0,0,0,0,0,0,0,0,0,0,0,3,1,0,false
C:\Tender-Management-System-master\tendermanagement\src\com\hit\beans\VendorBean.java,com.hit.beans.VendorBean,getId/0,false,16,0,2,2,0,1,0,3,1,0,0,0,0,0,0,0,0,0,0,0,0,0,0,0,0,0,3,1,0,false
C:\Tender-Management-System-master\tendermanagement\src\com\hit\beans\VendorBean.java,com.hit.beans.VendorBean,setAddress/1[java.lang.String],false,43,0,0,0,0,1,0,3,0,0,1,0,0,0,0,0,0,0,0,0,1,0,0,0,0,0,3,1,0,false
C:\Tender-Management-System-master\tendermanagement\src\com\hit\beans\VendorBean.java,com.hit.beans.VendorBean,"VendorBean/7[java.lang.String,java.lang.String,java.lang.String,java.lang.String,java.lang.String,java.lang.String,java.lang.String]",true,59,0,5,5,0,1,0,10,0,0,7,0,0,0,0,0,0,0,0,0,7,0,0,0,0,0,9,1,0,false
C:\Tender-Management-System-master\tendermanagement\src\com\hit\beans\VendorBean.java,com.hit.beans.VendorBean,setEmail/1[java.lang.String],false,37,0,0,0,0,1,0,3,0,0,1,0,0,0,0,0,0,0,0,0,1,0,0,0,0,0,3,1,0,false
C:\Tender-Management-System-master\tendermanagement\src\com\hit\beans\VendorBean.java,com.hit.beans.VendorBean,setId/1[java.lang.String],false,19,0,0,0,0,1,0,3,0,0,1,0,0,0,0,0,0,0,0,0,1,0,0,0,0,0,3,1,0,false
C:\Tender-Management-System-master\tendermanagement\src\com\hit\beans\VendorBean.java,com.hit.beans.VendorBean,setMobile/1[java.lang.String],false,31,0,0,0,0,1,0,3,0,0,1,0,0,0,0,0,0,0,0,0,1,0,0,0,0,0,3,1,0,false
C:\Tender-Management-System-master\tendermanagement\src\com\hit\beans\VendorBean.java,com.hit.beans.VendorBean,getName/0,false,22,0,2,2,0,1,0,3,1,0,0,0,0,0,0,0,0,0,0,0,0,0,0,0,0,0,3,1,0,false
C:\Tender-Management-System-master\tendermanagement\src\com\hit\beans\VendorBean.java,com.hit.beans.VendorBean,setName/1[java.lang.String],false,25,0,0,0,0,1,0,3,0,0,1,0,0,0,0,0,0,0,0,0,1,0,0,0,0,0,3,1,0,false
C:\Tender-Management-System-master\tendermanagement\src\com\hit\beans\VendorBean.java,com.hit.beans.VendorBean,getCompany/0,false,46,0,2,2,0,1,0,3,1,0,0,0,0,0,0,0,0,0,0,0,0,0,0,0,0,0,3,1,0,false
C:\Tender-Management-System-master\tendermanagement\src\com\hit\srv\RemoveNoticeSrv.java,com.hit.srv.RemoveNoticeSrv,"doGet/2[com.hit.srv.HttpServletRequest,com.hit.srv.HttpServletResponse]",false,35,6,3,1,2,5,13,17,0,9,2,13,0,0,0,1,0,0,11,0,9,1,1,0,0,0,28,4,0,true
C:\Tender-Management-System-master\tendermanagement\src\com\hit\srv\RemoveNoticeSrv.java,com.hit.srv.RemoveNoticeSrv,RemoveNoticeSrv/0,true,27,0,0,0,0,1,0,3,0,0,0,0,0,0,0,0,0,0,0,0,0,0,0,0,0,0,3,1,0,true
C:\Tender-Management-System-master\tendermanagement\src\com\hit\srv\RemoveNoticeSrv.java,com.hit.srv.RemoveNoticeSrv,"doPost/2[com.hit.srv.HttpServletRequest,com.hit.srv.HttpServletResponse]",false,71,3,1,0,1,1,1,3,0,0,2,1,1,1,0,0,0,0,0,0,0,0,0,0,0,0,10,4,0,true
C:\Tender-Management-System-master\tendermanagement\src\com\hit\dao\TenderDaoImpl.java,com.hit.dao.TenderDaoImpl,removeTender/1[java.lang.String],false,178,1,3,0,3,3,7,21,1,4,1,7,0,0,0,0,1,0,1,2,6,0,2,0,0,0,21,1,0,false
C:\Tender-Management-System-master\tendermanagement\src\com\hit\dao\TenderDaoImpl.java,com.hit.dao.TenderDaoImpl,getAllAssignedTenders/0,false,382,2,5,0,5,3,10,23,1,5,0,10,0,0,1,0,1,0,5,0,7,0,2,0,0,0,24,1,0,false
C:\Tender-Management-System-master\tendermanagement\src\com\hit\dao\TenderDaoImpl.java,com.hit.dao.TenderDaoImpl,getTenderDetails/1[java.lang.String],false,20,2,5,0,5,4,11,48,1,22,1,11,0,0,1,0,1,0,3,15,26,1,3,0,0,0,34,1,0,false
C:\Tender-Management-System-master\tendermanagement\src\com\hit\dao\TenderDaoImpl.java,com.hit.dao.TenderDaoImpl,getAllTenders/0,false,88,2,12,0,12,3,20,31,1,6,0,20,0,0,1,0,1,0,7,1,8,0,2,0,0,0,23,1,0,false
C:\Tender-Management-System-master\tendermanagement\src\com\hit\dao\TenderDaoImpl.java,com.hit.dao.TenderDaoImpl,updateTender/1[com.hit.beans.TenderBean],false,214,2,10,0,10,3,18,28,1,6,1,18,0,0,0,0,1,0,4,8,9,1,2,0,0,0,33,1,0,false
C:\Tender-Management-System-master\tendermanagement\src\com\hit\dao\TenderDaoImpl.java,com.hit.dao.TenderDaoImpl,createTender/1[com.hit.beans.TenderBean],false,134,2,10,0,10,3,18,28,1,6,1,18,0,0,0,0,1,0,4,8,9,2,2,0,0,0,26,1,0,false
C:\Tender-Management-System-master\tendermanagement\src\com\hit\dao\TenderDaoImpl.java,com.hit.dao.TenderDaoImpl,getTenderDataById/1[java.lang.String],false,255,2,4,0,4,3,10,30,1,12,1,10,0,0,0,0,1,0,1,8,14,0,2,0,0,0,32,1,0,false
C:\Tender-Management-System-master\tendermanagement\src\com\hit\dao\TenderDaoImpl.java,com.hit.dao.TenderDaoImpl,getTenderStatus/1[java.lang.String],false,303,1,4,0,4,3,10,24,1,4,1,10,0,0,0,0,1,0,4,1,8,1,2,0,0,0,24,1,0,false
C:\Tender-Management-System-master\tendermanagement\src\com\hit\dao\TenderDaoImpl.java,com.hit.dao.TenderDaoImpl,"assignTender/3[java.lang.String,java.lang.String,java.lang.String]",false,340,1,1,0,1,4,9,30,1,5,3,9,0,0,0,0,1,0,8,6,11,3,3,0,0,0,35,1,0,false
C:\Tender-Management-System-master\tendermanagement\src\com\hit\beans\NoticeBean.java,com.hit.beans.NoticeBean,NoticeBean/0,true,49,0,1,1,0,1,0,3,0,0,0,0,0,0,0,0,0,0,0,0,0,0,0,0,0,0,2,1,0,false
C:\Tender-Management-System-master\tendermanagement\src\com\hit\beans\NoticeBean.java,com.hit.beans.NoticeBean,setNoticeTitle/1[java.lang.String],false,30,0,1,1,0,1,0,3,0,0,1,0,0,0,0,0,0,0,0,0,1,0,0,0,0,0,4,1,0,false
C:\Tender-Management-System-master\tendermanagement\src\com\hit\beans\NoticeBean.java,com.hit.beans.NoticeBean,getNoticeTitle/0,false,26,0,1,1,0,1,0,3,1,0,0,0,0,0,0,0,0,0,0,0,0,0,0,0,0,0,4,1,0,false
C:\Tender-Management-System-master\tendermanagement\src\com\hit\beans\NoticeBean.java,com.hit.beans.NoticeBean,getNoticeInfo/0,false,34,0,1,1,0,1,0,3,1,0,0,0,0,0,0,0,0,0,0,0,0,0,0,0,0,0,4,1,0,false
C:\Tender-Management-System-master\tendermanagement\src\com\hit\beans\NoticeBean.java,com.hit.beans.NoticeBean,setNoticeInfo/1[java.lang.String],false,38,0,1,1,0,1,0,3,0,0,1,0,0,0,0,0,0,0,0,0,1,0,0,0,0,0,4,1,0,false
C:\Tender-Management-System-master\tendermanagement\src\com\hit\beans\NoticeBean.java,com.hit.beans.NoticeBean,"NoticeBean/3[int,java.lang.String,java.lang.String]",true,42,0,2,2,0,1,0,6,0,0,3,0,0,0,0,0,0,0,0,0,3,0,0,0,0,0,6,1,0,false
C:\Tender-Management-System-master\tendermanagement\src\com\hit\beans\NoticeBean.java,com.hit.beans.NoticeBean,setNoticeId/1[int],false,22,0,1,1,0,1,0,3,0,0,1,0,0,0,0,0,0,0,0,0,1,0,0,0,0,0,4,1,0,false
C:\Tender-Management-System-master\tendermanagement\src\com\hit\beans\NoticeBean.java,com.hit.beans.NoticeBean,getNoticeId/0,false,18,0,1,1,0,1,0,3,1,0,0,0,0,0,0,0,0,0,0,0,0,0,0,0,0,0,4,1,0,false
C:\Tender-Management-System-master\tendermanagement\src\com\hit\beans\TenderStatusBean.java,com.hit.beans.TenderStatusBean,getBidderId/0,false,24,0,0,0,0,1,0,3,1,0,0,0,0,0,0,0,0,0,0,0,0,0,0,0,0,0,4,1,0,false
C:\Tender-Management-System-master\tendermanagement\src\com\hit\beans\TenderStatusBean.java,com.hit.beans.TenderStatusBean,setVendorId/1[java.lang.String],false,44,0,0,0,0,1,0,3,0,0,1,0,0,0,0,0,0,0,0,0,1,0,0,0,0,0,4,1,0,false
C:\Tender-Management-System-master\tendermanagement\src\com\hit\beans\TenderStatusBean.java,com.hit.beans.TenderStatusBean,setTendorId/1[java.lang.String],false,20,0,0,0,0,1,0,3,0,0,1,0,0,0,0,0,0,0,0,0,1,0,0,0,0,0,4,1,0,false
C:\Tender-Management-System-master\tendermanagement\src\com\hit\beans\TenderStatusBean.java,com.hit.beans.TenderStatusBean,getTendorId/0,false,16,0,0,0,0,1,0,3,1,0,0,0,0,0,0,0,0,0,0,0,0,0,0,0,0,0,4,1,0,false
C:\Tender-Management-System-master\tendermanagement\src\com\hit\beans\TenderStatusBean.java,com.hit.beans.TenderStatusBean,getVendorId/0,false,40,0,0,0,0,1,0,3,1,0,0,0,0,0,0,0,0,0,0,0,0,0,0,0,0,0,4,1,0,false
C:\Tender-Management-System-master\tendermanagement\src\com\hit\beans\TenderStatusBean.java,com.hit.beans.TenderStatusBean,setStatus/1[java.lang.String],false,36,0,0,0,0,1,0,3,0,0,1,0,0,0,0,0,0,0,0,0,1,0,0,0,0,0,3,1,0,false
C:\Tender-Management-System-master\tendermanagement\src\com\hit\beans\TenderStatusBean.java,com.hit.beans.TenderStatusBean,"TenderStatusBean/4[java.lang.String,java.lang.String,java.lang.String,java.lang.String]",true,49,0,1,1,0,1,0,7,0,0,4,0,0,0,0,0,0,0,0,0,4,0,0,0,0,0,8,1,0,false
C:\Tender-Management-System-master\tendermanagement\src\com\hit\beans\TenderStatusBean.java,com.hit.beans.TenderStatusBean,setBidderId/1[java.lang.String],false,28,0,0,0,0,1,0,3,0,0,1,0,0,0,0,0,0,0,0,0,1,0,0,0,0,0,4,1,0,false
C:\Tender-Management-System-master\tendermanagement\src\com\hit\beans\TenderStatusBean.java,com.hit.beans.TenderStatusBean,TenderStatusBean/0,true,12,0,0,0,0,1,0,3,0,0,0,0,0,0,0,0,0,0,0,0,0,0,0,0,0,0,3,1,0,false
C:\Tender-Management-System-master\tendermanagement\src\com\hit\beans\TenderStatusBean.java,com.hit.beans.TenderStatusBean,getStatus/0,false,32,0,0,0,0,1,0,3,1,0,0,0,0,0,0,0,0,0,0,0,0,0,0,0,0,0,3,1,0,false
C:\Tender-Management-System-master\tendermanagement\src\com\hit\srv\AddNoticeSrv.java,com.hit.srv.AddNoticeSrv,"doGet/2[com.hit.srv.HttpServletRequest,com.hit.srv.HttpServletResponse]",false,35,6,3,1,2,4,11,17,0,10,2,11,0,0,0,0,0,0,12,0,10,1,1,0,0,0,28,4,0,true
C:\Tender-Management-System-master\tendermanagement\src\com\hit\srv\AddNoticeSrv.java,com.hit.srv.AddNoticeSrv,AddNoticeSrv/0,true,27,0,0,0,0,1,0,3,0,0,0,0,0,0,0,0,0,0,0,0,0,0,0,0,0,0,3,1,0,true
C:\Tender-Management-System-master\tendermanagement\src\com\hit\srv\AddNoticeSrv.java,com.hit.srv.AddNoticeSrv,"doPost/2[com.hit.srv.HttpServletRequest,com.hit.srv.HttpServletResponse]",false,73,3,1,0,1,1,1,3,0,0,2,1,1,1,0,0,0,0,0,0,0,0,0,0,0,0,10,4,0,true
C:\Tender-Management-System-master\tendermanagement\src\com\hit\srv\LoginSrv.java,com.hit.srv.LoginSrv,"doPost/2[com.hit.srv.HttpServletRequest,com.hit.srv.HttpServletResponse]",false,47,6,5,1,4,8,21,90,0,34,2,21,0,0,0,0,1,0,42,4,38,0,4,0,0,0,56,4,0,true
C:\Tender-Management-System-master\tendermanagement\src\com\hit\srv\LoginSrv.java,com.hit.srv.LoginSrv,"doGet/2[com.hit.srv.HttpServletRequest,com.hit.srv.HttpServletResponse]",false,40,3,1,0,1,1,1,3,0,0,2,1,1,1,0,0,0,0,0,0,0,0,0,0,0,0,10,4,0,true
C:\Tender-Management-System-master\tendermanagement\src\com\hit\srv\LoginSrv.java,com.hit.srv.LoginSrv,LoginSrv/0,true,32,0,0,0,0,1,0,3,0,0,0,0,0,0,0,0,0,0,0,0,0,0,0,0,0,0,2,1,0,true
C:\Tender-Management-System-master\tendermanagement\src\com\hit\dao\BidderDao.java,com.hit.dao.BidderDao,"bidTender/4[java.lang.String,java.lang.String,java.lang.String,java.lang.String]",false,13,0,1,1,0,1,0,1,0,0,4,0,0,0,0,0,0,0,0,0,0,0,0,0,0,0,3,1,0,false
C:\Tender-Management-System-master\tendermanagement\src\com\hit\dao\BidderDao.java,com.hit.dao.BidderDao,"acceptBid/3[java.lang.String,java.lang.String,java.lang.String]",false,9,0,1,1,0,1,0,1,0,0,3,0,0,0,0,0,0,0,0,0,0,0,0,0,0,0,4,1,0,false
C:\Tender-Management-System-master\tendermanagement\src\com\hit\dao\BidderDao.java,com.hit.dao.BidderDao,getAllBidsOfaTender/1[java.lang.String],false,15,1,0,0,0,1,0,1,0,0,1,0,0,0,0,0,0,0,0,0,0,0,0,0,0,0,7,1,0,false
C:\Tender-Management-System-master\tendermanagement\src\com\hit\dao\BidderDao.java,com.hit.dao.BidderDao,rejectBid/1[java.lang.String],false,11,0,1,1,0,1,0,1,0,0,1,0,0,0,0,0,0,0,0,0,0,0,0,0,0,0,4,1,0,false
C:\Tender-Management-System-master\tendermanagement\src\com\hit\dao\BidderDao.java,com.hit.dao.BidderDao,getAllBidsOfaVendor/1[java.lang.String],false,17,1,0,0,0,1,0,1,0,0,1,0,0,0,0,0,0,0,0,0,0,0,0,0,0,0,7,1,0,false
C:\Tender-Management-System-master\tendermanagement\src\com\hit\dao\VendorDaoImpl.java,com.hit.dao.VendorDaoImpl,getVendorDataById/1[java.lang.String],false,262,2,5,0,5,3,10,23,1,4,1,10,0,0,0,0,1,0,8,1,7,0,2,0,0,0,24,1,0,false
C:\Tender-Management-System-master\tendermanagement\src\com\hit\dao\VendorDaoImpl.java,com.hit.dao.VendorDaoImpl,getAllVendors/0,false,87,2,5,0,5,3,10,23,1,5,0,10,0,0,1,0,1,0,8,0,7,0,2,0,0,0,22,1,0,false
C:\Tender-Management-System-master\tendermanagement\src\com\hit\dao\VendorDaoImpl.java,com.hit.dao.VendorDaoImpl,"changePassword/3[java.lang.String,java.lang.String,java.lang.String]",false,213,3,5,0,5,4,9,26,2,5,3,9,0,0,0,0,1,0,5,3,9,2,2,0,0,0,34,1,0,false
C:\Tender-Management-System-master\tendermanagement\src\com\hit\dao\VendorDaoImpl.java,com.hit.dao.VendorDaoImpl,"validatePassword/2[java.lang.String,java.lang.String]",false,123,1,4,0,4,3,9,22,1,4,2,9,0,0,0,0,1,0,1,2,7,0,2,0,0,0,25,1,0,false
C:\Tender-Management-System-master\tendermanagement\src\com\hit\dao\VendorDaoImpl.java,com.hit.dao.VendorDaoImpl,registerVendor/1[com.hit.beans.VendorBean],false,19,2,10,0,10,5,18,44,1,6,1,18,0,0,0,0,2,0,9,9,12,3,4,0,0,0,34,1,0,false
C:\Tender-Management-System-master\tendermanagement\src\com\hit\dao\VendorDaoImpl.java,com.hit.dao.VendorDaoImpl,updateProfile/1[com.hit.beans.VendorBean],false,159,4,12,0,12,4,16,34,2,7,1,16,0,0,0,0,1,0,5,7,11,2,2,0,0,0,35,1,0,false
C:\Tender-Management-System-master\tendermanagement\src\com\hit\beans\TenderBean.java,com.hit.beans.TenderBean,getPrice/0,false,38,0,2,2,0,1,0,3,1,0,0,0,0,0,0,0,0,0,0,0,0,0,0,0,0,0,3,1,0,false
C:\Tender-Management-System-master\tendermanagement\src\com\hit\beans\TenderBean.java,com.hit.beans.TenderBean,getType/0,false,32,0,2,2,0,1,0,3,1,0,0,0,0,0,0,0,0,0,0,0,0,0,0,0,0,0,3,1,0,false
C:\Tender-Management-System-master\tendermanagement\src\com\hit\beans\TenderBean.java,com.hit.beans.TenderBean,setName/1[java.lang.String],false,29,0,1,1,0,1,0,3,0,0,1,0,0,0,0,0,0,0,0,0,1,0,0,0,0,0,3,1,0,false
C:\Tender-Management-System-master\tendermanagement\src\com\hit\beans\TenderBean.java,com.hit.beans.TenderBean,setDesc/1[java.lang.String],false,47,0,1,1,0,1,0,3,0,0,1,0,0,0,0,0,0,0,0,0,1,0,0,0,0,0,3,1,0,false
C:\Tender-Management-System-master\tendermanagement\src\com\hit\beans\TenderBean.java,com.hit.beans.TenderBean,getLocation/0,false,56,0,2,2,0,1,0,3,1,0,0,0,0,0,0,0,0,0,0,0,0,0,0,0,0,0,3,1,0,false
C:\Tender-Management-System-master\tendermanagement\src\com\hit\beans\TenderBean.java,com.hit.beans.TenderBean,setPrice/1[int],false,41,0,1,1,0,1,0,3,0,0,1,0,0,0,0,0,0,0,0,0,1,0,0,0,0,0,3,1,0,false
C:\Tender-Management-System-master\tendermanagement\src\com\hit\beans\TenderBean.java,com.hit.beans.TenderBean,getId/0,false,20,0,2,2,0,1,0,3,1,0,0,0,0,0,0,0,0,0,0,0,0,0,0,0,0,0,3,1,0,false
C:\Tender-Management-System-master\tendermanagement\src\com\hit\beans\TenderBean.java,com.hit.beans.TenderBean,setDeadline/1[java.util.Date],false,53,0,1,1,0,1,0,3,0,0,1,0,0,0,0,0,0,0,0,0,1,0,0,0,0,0,4,1,0,false
C:\Tender-Management-System-master\tendermanagement\src\com\hit\beans\TenderBean.java,com.hit.beans.TenderBean,setId/1[java.lang.String],false,23,0,1,1,0,1,0,3,0,0,1,0,0,0,0,0,0,0,0,0,1,0,0,0,0,0,3,1,0,false
C:\Tender-Management-System-master\tendermanagement\src\com\hit\beans\TenderBean.java,com.hit.beans.TenderBean,setLocation/1[java.lang.String],false,59,0,1,1,0,1,0,3,0,0,1,0,0,0,0,0,0,0,0,0,1,0,0,0,0,0,3,1,0,false
C:\Tender-Management-System-master\tendermanagement\src\com\hit\beans\TenderBean.java,com.hit.beans.TenderBean,getName/0,false,26,0,2,2,0,1,0,3,1,0,0,0,0,0,0,0,0,0,0,0,0,0,0,0,0,0,3,1,0,false
C:\Tender-Management-System-master\tendermanagement\src\com\hit\beans\TenderBean.java,com.hit.beans.TenderBean,getDeadline/0,false,50,0,2,2,0,1,0,3,1,0,0,0,0,0,0,0,0,0,0,0,0,0,0,0,0,0,4,1,0,false
C:\Tender-Management-System-master\tendermanagement\src\com\hit\beans\TenderBean.java,com.hit.beans.TenderBean,setType/1[java.lang.String],false,35,0,1,1,0,1,0,3,0,0,1,0,0,0,0,0,0,0,0,0,1,0,0,0,0,0,3,1,0,false
C:\Tender-Management-System-master\tendermanagement\src\com\hit\beans\TenderBean.java,com.hit.beans.TenderBean,getDesc/0,false,44,0,2,2,0,1,0,3,1,0,0,0,0,0,0,0,0,0,0,0,0,0,0,0,0,0,3,1,0,false
C:\Tender-Management-System-master\tendermanagement\src\com\hit\beans\TenderBean.java,com.hit.beans.TenderBean,TenderBean/0,true,84,0,2,2,0,1,0,3,0,0,0,0,0,0,0,0,0,0,0,0,0,0,0,0,0,0,2,1,0,false
C:\Tender-Management-System-master\tendermanagement\src\com\hit\beans\TenderBean.java,com.hit.beans.TenderBean,"TenderBean/7[java.lang.String,java.lang.String,java.lang.String,int,java.lang.String,java.lang.String,java.lang.String]",true,63,0,3,3,0,2,2,18,0,2,7,2,0,0,0,0,1,0,1,0,10,0,1,0,0,0,19,1,0,false
C:\Tender-Management-System-master\tendermanagement\src\com\hit\dao\VendorDao.java,com.hit.dao.VendorDao,getVendorDataById/1[java.lang.String],false,19,1,0,0,0,1,0,1,0,0,1,0,0,0,0,0,0,0,0,0,0,0,0,0,0,0,7,1,0,false
C:\Tender-Management-System-master\tendermanagement\src\com\hit\dao\VendorDao.java,com.hit.dao.VendorDao,getAllVendors/0,false,11,1,0,0,0,1,0,1,0,0,0,0,0,0,0,0,0,0,0,0,0,0,0,0,0,0,3,1,0,false
C:\Tender-Management-System-master\tendermanagement\src\com\hit\dao\VendorDao.java,com.hit.dao.VendorDao,"changePassword/3[java.lang.String,java.lang.String,java.lang.String]",false,17,0,1,1,0,1,0,1,0,0,3,0,0,0,0,0,0,0,0,0,0,0,0,0,0,0,3,1,0,false
C:\Tender-Management-System-master\tendermanagement\src\com\hit\dao\VendorDao.java,com.hit.dao.VendorDao,registerVendor/1[com.hit.beans.VendorBean],false,9,1,1,1,0,1,0,1,0,0,1,0,0,0,0,0,0,0,0,0,0,0,0,0,0,0,4,1,0,false
C:\Tender-Management-System-master\tendermanagement\src\com\hit\dao\VendorDao.java,com.hit.dao.VendorDao,"validatePassword/2[java.lang.String,java.lang.String]",false,13,0,2,2,0,1,0,1,0,0,2,0,0,0,0,0,0,0,0,0,0,0,0,0,0,0,3,1,0,false
C:\Tender-Management-System-master\tendermanagement\src\com\hit\dao\VendorDao.java,com.hit.dao.VendorDao,updateProfile/1[com.hit.beans.VendorBean],false,15,1,1,1,0,1,0,1,0,0,1,0,0,0,0,0,0,0,0,0,0,0,0,0,0,0,5,1,0,false
C:\Tender-Management-System-master\tendermanagement\src\com\hit\beans\BidderBean.java,com.hit.beans.BidderBean,setTenderId/1[java.lang.String],false,36,0,2,2,0,1,0,3,0,0,1,0,0,0,0,0,0,0,0,0,1,0,0,0,0,0,4,1,0,false
C:\Tender-Management-System-master\tendermanagement\src\com\hit\beans\BidderBean.java,com.hit.beans.BidderBean,getBidStatus/0,false,55,0,0,0,0,1,0,3,1,0,0,0,0,0,0,0,0,0,0,0,0,0,0,0,0,0,4,1,0,false
C:\Tender-Management-System-master\tendermanagement\src\com\hit\beans\BidderBean.java,com.hit.beans.BidderBean,getBidId/0,false,20,0,0,0,0,1,0,3,1,0,0,0,0,0,0,0,0,0,0,0,0,0,0,0,0,0,4,1,0,false
C:\Tender-Management-System-master\tendermanagement\src\com\hit\beans\BidderBean.java,com.hit.beans.BidderBean,getTenderId/0,false,33,0,0,0,0,1,0,3,1,0,0,0,0,0,0,0,0,0,0,0,0,0,0,0,0,0,4,1,0,false
C:\Tender-Management-System-master\tendermanagement\src\com\hit\beans\BidderBean.java,com.hit.beans.BidderBean,setVendorId/1[java.lang.String],false,30,0,2,2,0,1,0,3,0,0,1,0,0,0,0,0,0,0,0,0,1,0,0,0,0,0,4,1,0,false
C:\Tender-Management-System-master\tendermanagement\src\com\hit\beans\BidderBean.java,com.hit.beans.BidderBean,getVendorId/0,false,27,0,0,0,0,1,0,3,1,0,0,0,0,0,0,0,0,0,0,0,0,0,0,0,0,0,4,1,0,false
C:\Tender-Management-System-master\tendermanagement\src\com\hit\beans\BidderBean.java,com.hit.beans.BidderBean,"BidderBean/6[java.lang.String,java.lang.String,java.lang.String,java.lang.String,java.lang.String,java.lang.String]",true,63,0,1,1,0,2,3,17,0,2,6,3,0,0,0,0,1,0,1,0,9,0,1,0,0,0,20,1,0,false
C:\Tender-Management-System-master\tendermanagement\src\com\hit\beans\BidderBean.java,com.hit.beans.BidderBean,getBidDeadline/0,false,45,0,1,1,0,1,0,3,1,0,0,0,0,0,0,0,0,0,0,0,0,0,0,0,0,0,5,1,0,false
C:\Tender-Management-System-master\tendermanagement\src\com\hit\beans\BidderBean.java,com.hit.beans.BidderBean,setBidStatus/1[java.lang.String],false,58,0,2,2,0,1,0,3,0,0,1,0,0,0,0,0,0,0,0,0,1,0,0,0,0,0,4,1,0,false
C:\Tender-Management-System-master\tendermanagement\src\com\hit\beans\BidderBean.java,com.hit.beans.BidderBean,getBidAmount/0,false,39,0,1,1,0,1,0,3,1,0,0,0,0,0,0,0,0,0,0,0,0,0,0,0,0,0,4,1,0,false
C:\Tender-Management-System-master\tendermanagement\src\com\hit\beans\BidderBean.java,com.hit.beans.BidderBean,setBidAmount/1[int],false,42,0,2,2,0,1,0,3,0,0,1,0,0,0,0,0,0,0,0,0,1,0,0,0,0,0,4,1,0,false
C:\Tender-Management-System-master\tendermanagement\src\com\hit\beans\BidderBean.java,com.hit.beans.BidderBean,"BidderBean/6[java.lang.String,java.lang.String,java.lang.String,int,java.util.Date,java.lang.String]",true,85,0,0,0,0,1,0,9,0,0,6,0,0,0,0,0,0,0,0,0,6,0,0,0,0,0,9,1,0,false
C:\Tender-Management-System-master\tendermanagement\src\com\hit\beans\BidderBean.java,com.hit.beans.BidderBean,setBidDeadline/1[java.sql.Date],false,48,0,2,2,0,1,1,3,0,0,1,1,0,0,0,0,0,0,0,0,1,0,0,0,0,0,4,1,0,false
C:\Tender-Management-System-master\tendermanagement\src\com\hit\beans\BidderBean.java,com.hit.beans.BidderBean,setBidId/1[java.lang.String],false,24,0,2,2,0,1,0,3,0,0,1,0,0,0,0,0,0,0,0,0,1,0,0,0,0,0,4,1,0,false
C:\Tender-Management-System-master\tendermanagement\src\com\hit\beans\BidderBean.java,com.hit.beans.BidderBean,BidderBean/0,true,94,0,2,2,0,1,0,3,0,0,0,0,0,0,0,0,0,0,0,0,0,0,0,0,0,0,2,1,0,false
C:\Tender-Management-System-master\tendermanagement\src\com\hit\srv\UpdateProfileSrv.java,com.hit.srv.UpdateProfileSrv,"doPost/2[com.hit.srv.HttpServletRequest,com.hit.srv.HttpServletResponse]",false,43,7,4,1,3,7,13,27,0,16,2,13,0,0,0,2,0,0,20,0,16,1,1,0,0,0,37,4,0,true
C:\Tender-Management-System-master\tendermanagement\src\com\hit\srv\UpdateProfileSrv.java,com.hit.srv.UpdateProfileSrv,"doGet/2[com.hit.srv.HttpServletRequest,com.hit.srv.HttpServletResponse]",false,36,3,1,0,1,1,1,3,0,0,2,1,1,1,0,0,0,0,0,0,0,0,0,0,0,0,10,4,0,true
C:\Tender-Management-System-master\tendermanagement\src\com\hit\srv\UpdateProfileSrv.java,com.hit.srv.UpdateProfileSrv,UpdateProfileSrv/0,true,28,0,0,0,0,1,0,3,0,0,0,0,0,0,0,0,0,0,0,0,0,0,0,0,0,0,3,1,0,true
C:\Tender-Management-System-master\tendermanagement\src\com\hit\srv\RejectBidSrv.java,com.hit.srv.RejectBidSrv,"doGet/2[com.hit.srv.HttpServletRequest,com.hit.srv.HttpServletResponse]",false,36,6,3,1,2,5,12,17,0,9,2,12,0,0,0,1,0,0,11,0,9,1,1,0,0,0,28,4,0,true
C:\Tender-Management-System-master\tendermanagement\src\com\hit\srv\RejectBidSrv.java,com.hit.srv.RejectBidSrv,RejectBidSrv/0,true,28,0,0,0,0,1,0,3,0,0,0,0,0,0,0,0,0,0,0,0,0,0,0,0,0,0,3,1,0,true
C:\Tender-Management-System-master\tendermanagement\src\com\hit\srv\RejectBidSrv.java,com.hit.srv.RejectBidSrv,"doPost/2[com.hit.srv.HttpServletRequest,com.hit.srv.HttpServletResponse]",false,70,3,1,0,1,1,1,3,0,0,2,1,1,1,0,0,0,0,0,0,0,0,0,0,0,0,10,4,0,true
C:\Tender-Management-System-master\tendermanagement\src\com\hit\dao\NoticeDaoImpl.java,com.hit.dao.NoticeDaoImpl,"addNotice/2[java.lang.String,java.lang.String]",false,49,1,3,0,3,3,8,23,1,4,2,8,0,0,0,0,1,0,4,3,7,1,2,0,0,0,22,1,0,false
C:\Tender-Management-System-master\tendermanagement\src\com\hit\dao\NoticeDaoImpl.java,com.hit.dao.NoticeDaoImpl,viewAllNotice/0,false,89,2,8,0,8,3,14,26,1,5,0,14,0,0,1,0,1,0,4,0,7,0,2,0,0,0,26,1,0,false
C:\Tender-Management-System-master\tendermanagement\src\com\hit\dao\NoticeDaoImpl.java,com.hit.dao.NoticeDaoImpl,updateNotice/1[com.hit.beans.NoticeBean],false,134,2,6,0,6,3,12,22,1,4,1,12,0,0,0,0,1,0,4,4,7,1,2,0,0,0,25,1,0,false
C:\Tender-Management-System-master\tendermanagement\src\com\hit\dao\NoticeDaoImpl.java,com.hit.dao.NoticeDaoImpl,removeNotice/1[int],false,16,1,3,0,3,3,8,22,1,4,1,8,0,0,0,0,1,0,5,2,7,2,2,0,0,0,25,1,0,false
C:\Tender-Management-System-master\tendermanagement\src\com\hit\dao\NoticeDaoImpl.java,com.hit.dao.NoticeDaoImpl,getNoticeById/1[int],false,173,2,2,0,2,3,7,18,1,4,1,7,0,0,0,0,1,0,3,1,7,0,2,0,0,0,23,1,0,false
C:\Tender-Management-System-master\tendermanagement\src\com\hit\utility\DBUtil.java,com.hit.utility.DBUtil,DBUtil/0,true,13,0,0,0,0,1,0,2,0,0,0,0,0,0,0,0,0,0,0,0,0,0,0,0,0,0,3,1,0,false
C:\Tender-Management-System-master\tendermanagement\src\com\hit\utility\DBUtil.java,com.hit.utility.DBUtil,closeConnection/1[java.sql.Connection],false,74,0,23,23,0,3,2,8,0,0,1,2,0,0,0,1,1,0,0,0,0,0,2,0,0,0,9,9,0,false
C:\Tender-Management-System-master\tendermanagement\src\com\hit\utility\DBUtil.java,com.hit.utility.DBUtil,closeConnection/1[java.sql.PreparedStatement],false,50,0,24,24,0,3,2,8,0,0,1,2,0,0,0,1,1,0,0,0,0,0,2,0,0,0,11,9,0,false
C:\Tender-Management-System-master\tendermanagement\src\com\hit\utility\DBUtil.java,com.hit.utility.DBUtil,closeConnection/1[java.sql.ResultSet],false,62,0,10,10,0,3,2,8,0,0,1,2,0,0,0,1,1,0,0,0,0,0,2,0,0,0,11,9,0,false
C:\Tender-Management-System-master\tendermanagement\src\com\hit\utility\DBUtil.java,com.hit.utility.DBUtil,provideConnection/0,false,16,0,26,26,0,5,6,22,1,5,0,6,0,0,0,1,2,0,5,0,6,0,3,0,0,0,20,9,0,false
C:\Tender-Management-System-master\tendermanagement\src\com\hit\srv\BidTenderSrv.java,com.hit.srv.BidTenderSrv,"doGet/2[com.hit.srv.HttpServletRequest,com.hit.srv.HttpServletResponse]",false,35,3,1,0,1,1,1,3,0,0,2,1,1,1,0,0,0,0,0,0,0,0,0,0,0,0,10,4,0,true
C:\Tender-Management-System-master\tendermanagement\src\com\hit\srv\BidTenderSrv.java,com.hit.srv.BidTenderSrv,BidTenderSrv/0,true,27,0,0,0,0,1,0,3,0,0,0,0,0,0,0,0,0,0,0,0,0,0,0,0,0,0,3,1,0,true
C:\Tender-Management-System-master\tendermanagement\src\com\hit\srv\BidTenderSrv.java,com.hit.srv.BidTenderSrv,"doPost/2[com.hit.srv.HttpServletRequest,com.hit.srv.HttpServletResponse]",false,42,6,3,1,2,5,12,20,0,12,2,12,0,0,0,1,0,0,14,0,12,1,1,0,0,0,32,4,0,true
C:\Tender-Management-System-master\tendermanagement\src\com\hit\dao\TenderDao.java,com.hit.dao.TenderDao,createTender/1[com.hit.beans.TenderBean],false,14,1,1,1,0,1,0,1,0,0,1,0,0,0,0,0,0,0,0,0,0,0,0,0,0,0,4,1,0,false
C:\Tender-Management-System-master\tendermanagement\src\com\hit\dao\TenderDao.java,com.hit.dao.TenderDao,removeTender/1[java.lang.String],false,16,0,0,0,0,1,0,1,0,0,1,0,0,0,0,0,0,0,0,0,0,0,0,0,0,0,3,1,0,false
C:\Tender-Management-System-master\tendermanagement\src\com\hit\dao\TenderDao.java,com.hit.dao.TenderDao,getTenderDataById/1[java.lang.String],false,20,1,0,0,0,1,0,1,0,0,1,0,0,0,0,0,0,0,0,0,0,0,0,0,0,0,7,1,0,false
C:\Tender-Management-System-master\tendermanagement\src\com\hit\dao\TenderDao.java,com.hit.dao.TenderDao,getTenderStatus/1[java.lang.String],false,22,0,0,0,0,1,0,1,0,0,1,0,0,0,0,0,0,0,0,0,0,0,0,0,0,0,5,1,0,false
C:\Tender-Management-System-master\tendermanagement\src\com\hit\dao\TenderDao.java,com.hit.dao.TenderDao,getAllTenders/0,false,12,1,0,0,0,1,0,1,0,0,0,0,0,0,0,0,0,0,0,0,0,0,0,0,0,0,3,1,0,false
C:\Tender-Management-System-master\tendermanagement\src\com\hit\dao\TenderDao.java,com.hit.dao.TenderDao,"assignTender/3[java.lang.String,java.lang.String,java.lang.String]",false,24,0,1,1,0,1,0,1,0,0,3,0,0,0,0,0,0,0,0,0,0,0,0,0,0,0,4,1,0,false
C:\Tender-Management-System-master\tendermanagement\src\com\hit\dao\TenderDao.java,com.hit.dao.TenderDao,getTenderDetails/1[java.lang.String],false,10,1,0,0,0,1,0,1,0,0,1,0,0,0,0,0,0,0,0,0,0,0,0,0,0,0,4,1,0,false
C:\Tender-Management-System-master\tendermanagement\src\com\hit\dao\TenderDao.java,com.hit.dao.TenderDao,updateTender/1[com.hit.beans.TenderBean],false,18,1,0,0,0,1,0,1,0,0,1,0,0,0,0,0,0,0,0,0,0,0,0,0,0,0,4,1,0,false
C:\Tender-Management-System-master\tendermanagement\src\com\hit\dao\TenderDao.java,com.hit.dao.TenderDao,getAllAssignedTenders/0,false,26,1,0,0,0,1,0,1,0,0,0,0,0,0,0,0,0,0,0,0,0,0,0,0,0,0,4,1,0,false
C:\Tender-Management-System-master\tendermanagement\src\com\hit\srv\RegisterSrv.java,com.hit.srv.RegisterSrv,RegisterSrv/0,true,35,0,0,0,0,1,0,3,0,0,0,0,0,0,0,0,0,0,0,0,0,0,0,0,0,0,2,1,0,true
C:\Tender-Management-System-master\tendermanagement\src\com\hit\srv\RegisterSrv.java,com.hit.srv.RegisterSrv,"doGet/2[com.hit.srv.HttpServletRequest,com.hit.srv.HttpServletResponse]",false,43,7,5,1,4,1,9,16,0,12,2,9,0,0,0,0,0,0,9,0,12,1,0,0,0,0,29,4,0,true
C:\Tender-Management-System-master\tendermanagement\src\com\hit\srv\RegisterSrv.java,com.hit.srv.RegisterSrv,"doPost/2[com.hit.srv.HttpServletRequest,com.hit.srv.HttpServletResponse]",false,73,3,1,0,1,1,1,3,0,0,2,1,1,1,0,0,0,0,0,0,0,0,0,0,0,0,10,4,0,true
C:\Tender-Management-System-master\tendermanagement\src\com\hit\srv\UpdateNoticeSrv.java,com.hit.srv.UpdateNoticeSrv,"doGet/2[com.hit.srv.HttpServletRequest,com.hit.srv.HttpServletResponse]",false,36,7,4,1,3,5,13,20,0,12,2,13,0,0,0,1,0,0,13,0,12,1,1,0,0,0,31,4,0,true
C:\Tender-Management-System-master\tendermanagement\src\com\hit\srv\UpdateNoticeSrv.java,com.hit.srv.UpdateNoticeSrv,"doPost/2[com.hit.srv.HttpServletRequest,com.hit.srv.HttpServletResponse]",false,79,3,1,0,1,1,1,3,0,0,2,1,1,1,0,0,0,0,0,0,0,0,0,0,0,0,10,4,0,true
C:\Tender-Management-System-master\tendermanagement\src\com\hit\srv\UpdateNoticeSrv.java,com.hit.srv.UpdateNoticeSrv,UpdateNoticeSrv/0,true,28,0,0,0,0,1,0,3,0,0,0,0,0,0,0,0,0,0,0,0,0,0,0,0,0,0,3,1,0,true
C:\Tender-Management-System-master\tendermanagement\src\com\hit\dao\NoticeDao.java,com.hit.dao.NoticeDao,removeNotice/1[int],false,9,0,1,1,0,1,0,1,0,0,1,0,0,0,0,0,0,0,0,0,0,0,0,0,0,0,4,1,0,false
C:\Tender-Management-System-master\tendermanagement\src\com\hit\dao\NoticeDao.java,com.hit.dao.NoticeDao,getNoticeById/1[int],false,17,1,0,0,0,1,0,1,0,0,1,0,0,0,0,0,0,0,0,0,0,0,0,0,0,0,6,1,0,false
C:\Tender-Management-System-master\tendermanagement\src\com\hit\dao\NoticeDao.java,com.hit.dao.NoticeDao,"addNotice/2[java.lang.String,java.lang.String]",false,11,0,1,1,0,1,0,1,0,0,2,0,0,0,0,0,0,0,0,0,0,0,0,0,0,0,4,1,0,false
C:\Tender-Management-System-master\tendermanagement\src\com\hit\dao\NoticeDao.java,com.hit.dao.NoticeDao,viewAllNotice/0,false,13,1,0,0,0,1,0,1,0,0,0,0,0,0,0,0,0,0,0,0,0,0,0,0,0,0,3,1,0,false
C:\Tender-Management-System-master\tendermanagement\src\com\hit\dao\NoticeDao.java,com.hit.dao.NoticeDao,updateNotice/1[com.hit.beans.NoticeBean],false,15,1,1,1,0,1,0,1,0,0,1,0,0,0,0,0,0,0,0,0,0,0,0,0,0,0,4,1,0,false
