file,class,method,variable,usage
C:\Tender-Management-System-master\tendermanagement\src\com\hit\srv\ChangePasswordSrv.java,com.hit.srv.ChangePasswordSrv,"doPost/2[com.hit.srv.HttpServletRequest,com.hit.srv.HttpServletResponse]",request,9
C:\Tender-Management-System-master\tendermanagement\src\com\hit\srv\ChangePasswordSrv.java,com.hit.srv.ChangePasswordSrv,"doPost/2[com.hit.srv.HttpServletRequest,com.hit.srv.HttpServletResponse]",verifyPass,1
C:\Tender-Management-System-master\tendermanagement\src\com\hit\srv\ChangePasswordSrv.java,com.hit.srv.ChangePasswordSrv,"doPost/2[com.hit.srv.HttpServletRequest,com.hit.srv.HttpServletResponse]",uname,1
C:\Tender-Management-System-master\tendermanagement\src\com\hit\srv\ChangePasswordSrv.java,com.hit.srv.ChangePasswordSrv,"doPost/2[com.hit.srv.HttpServletRequest,com.hit.srv.HttpServletResponse]",session,5
C:\Tender-Management-System-master\tendermanagement\src\com\hit\srv\ChangePasswordSrv.java,com.hit.srv.ChangePasswordSrv,"doPost/2[com.hit.srv.HttpServletRequest,com.hit.srv.HttpServletResponse]",pw,4
C:\Tender-Management-System-master\tendermanagement\src\com\hit\srv\ChangePasswordSrv.java,com.hit.srv.ChangePasswordSrv,"doPost/2[com.hit.srv.HttpServletRequest,com.hit.srv.HttpServletResponse]",newPass,3
C:\Tender-Management-System-master\tendermanagement\src\com\hit\srv\ChangePasswordSrv.java,com.hit.srv.ChangePasswordSrv,"doPost/2[com.hit.srv.HttpServletRequest,com.hit.srv.HttpServletResponse]",foldPass,2
C:\Tender-Management-System-master\tendermanagement\src\com\hit\srv\ChangePasswordSrv.java,com.hit.srv.ChangePasswordSrv,"doPost/2[com.hit.srv.HttpServletRequest,com.hit.srv.HttpServletResponse]",rd,3
C:\Tender-Management-System-master\tendermanagement\src\com\hit\srv\ChangePasswordSrv.java,com.hit.srv.ChangePasswordSrv,"doPost/2[com.hit.srv.HttpServletRequest,com.hit.srv.HttpServletResponse]",dao,1
C:\Tender-Management-System-master\tendermanagement\src\com\hit\srv\ChangePasswordSrv.java,com.hit.srv.ChangePasswordSrv,"doPost/2[com.hit.srv.HttpServletRequest,com.hit.srv.HttpServletResponse]",vpass,1
C:\Tender-Management-System-master\tendermanagement\src\com\hit\srv\ChangePasswordSrv.java,com.hit.srv.ChangePasswordSrv,"doPost/2[com.hit.srv.HttpServletRequest,com.hit.srv.HttpServletResponse]",response,5
C:\Tender-Management-System-master\tendermanagement\src\com\hit\srv\ChangePasswordSrv.java,com.hit.srv.ChangePasswordSrv,"doPost/2[com.hit.srv.HttpServletRequest,com.hit.srv.HttpServletResponse]",vendor,3
C:\Tender-Management-System-master\tendermanagement\src\com\hit\srv\ChangePasswordSrv.java,com.hit.srv.ChangePasswordSrv,"doPost/2[com.hit.srv.HttpServletRequest,com.hit.srv.HttpServletResponse]",pword,1
C:\Tender-Management-System-master\tendermanagement\src\com\hit\srv\ChangePasswordSrv.java,com.hit.srv.ChangePasswordSrv,"doPost/2[com.hit.srv.HttpServletRequest,com.hit.srv.HttpServletResponse]",fvid,1
C:\Tender-Management-System-master\tendermanagement\src\com\hit\srv\ChangePasswordSrv.java,com.hit.srv.ChangePasswordSrv,"doPost/2[com.hit.srv.HttpServletRequest,com.hit.srv.HttpServletResponse]",user,2
C:\Tender-Management-System-master\tendermanagement\src\com\hit\srv\ChangePasswordSrv.java,com.hit.srv.ChangePasswordSrv,"doPost/2[com.hit.srv.HttpServletRequest,com.hit.srv.HttpServletResponse]",status,2
C:\Tender-Management-System-master\tendermanagement\src\com\hit\srv\ChangePasswordSrv.java,com.hit.srv.ChangePasswordSrv,"doGet/2[com.hit.srv.HttpServletRequest,com.hit.srv.HttpServletResponse]",request,1
C:\Tender-Management-System-master\tendermanagement\src\com\hit\srv\ChangePasswordSrv.java,com.hit.srv.ChangePasswordSrv,"doGet/2[com.hit.srv.HttpServletRequest,com.hit.srv.HttpServletResponse]",response,1
C:\Tender-Management-System-master\tendermanagement\src\com\hit\srv\LogoutSrv.java,com.hit.srv.LogoutSrv,"doPost/2[com.hit.srv.HttpServletRequest,com.hit.srv.HttpServletResponse]",request,1
C:\Tender-Management-System-master\tendermanagement\src\com\hit\srv\LogoutSrv.java,com.hit.srv.LogoutSrv,"doPost/2[com.hit.srv.HttpServletRequest,com.hit.srv.HttpServletResponse]",response,1
C:\Tender-Management-System-master\tendermanagement\src\com\hit\srv\LogoutSrv.java,com.hit.srv.LogoutSrv,"doGet/2[com.hit.srv.HttpServletRequest,com.hit.srv.HttpServletResponse]",request,1
C:\Tender-Management-System-master\tendermanagement\src\com\hit\srv\LogoutSrv.java,com.hit.srv.LogoutSrv,"doGet/2[com.hit.srv.HttpServletRequest,com.hit.srv.HttpServletResponse]",response,1
C:\Tender-Management-System-master\tendermanagement\src\com\hit\srv\LogoutSrv.java,com.hit.srv.LogoutSrv,"doGet/2[com.hit.srv.HttpServletRequest,com.hit.srv.HttpServletResponse]",session,4
C:\Tender-Management-System-master\tendermanagement\src\com\hit\utility\IDUtil.java,com.hit.utility.IDUtil,generateTenderId/0,sdf,1
C:\Tender-Management-System-master\tendermanagement\src\com\hit\utility\IDUtil.java,com.hit.utility.IDUtil,generateTenderId/0,tid,4
C:\Tender-Management-System-master\tendermanagement\src\com\hit\utility\IDUtil.java,com.hit.utility.IDUtil,generateVendorId/0,vid,4
C:\Tender-Management-System-master\tendermanagement\src\com\hit\utility\IDUtil.java,com.hit.utility.IDUtil,generateVendorId/0,sdf,1
C:\Tender-Management-System-master\tendermanagement\src\com\hit\utility\IDUtil.java,com.hit.utility.IDUtil,generateBidderId/0,sdf,1
C:\Tender-Management-System-master\tendermanagement\src\com\hit\utility\IDUtil.java,com.hit.utility.IDUtil,generateBidderId/0,bidderId,4
C:\Tender-Management-System-master\tendermanagement\src\com\hit\srv\CreateTenderSrv.java,com.hit.srv.CreateTenderSrv,"doGet/2[com.hit.srv.HttpServletRequest,com.hit.srv.HttpServletResponse]",tender,1
C:\Tender-Management-System-master\tendermanagement\src\com\hit\srv\CreateTenderSrv.java,com.hit.srv.CreateTenderSrv,"doGet/2[com.hit.srv.HttpServletRequest,com.hit.srv.HttpServletResponse]",request,9
C:\Tender-Management-System-master\tendermanagement\src\com\hit\srv\CreateTenderSrv.java,com.hit.srv.CreateTenderSrv,"doGet/2[com.hit.srv.HttpServletRequest,com.hit.srv.HttpServletResponse]",uname,1
C:\Tender-Management-System-master\tendermanagement\src\com\hit\srv\CreateTenderSrv.java,com.hit.srv.CreateTenderSrv,"doGet/2[com.hit.srv.HttpServletRequest,com.hit.srv.HttpServletResponse]",tprice,2
C:\Tender-Management-System-master\tendermanagement\src\com\hit\srv\CreateTenderSrv.java,com.hit.srv.CreateTenderSrv,"doGet/2[com.hit.srv.HttpServletRequest,com.hit.srv.HttpServletResponse]",session,3
C:\Tender-Management-System-master\tendermanagement\src\com\hit\srv\CreateTenderSrv.java,com.hit.srv.CreateTenderSrv,"doGet/2[com.hit.srv.HttpServletRequest,com.hit.srv.HttpServletResponse]",pw,1
C:\Tender-Management-System-master\tendermanagement\src\com\hit\srv\CreateTenderSrv.java,com.hit.srv.CreateTenderSrv,"doGet/2[com.hit.srv.HttpServletRequest,com.hit.srv.HttpServletResponse]",tname,2
C:\Tender-Management-System-master\tendermanagement\src\com\hit\srv\CreateTenderSrv.java,com.hit.srv.CreateTenderSrv,"doGet/2[com.hit.srv.HttpServletRequest,com.hit.srv.HttpServletResponse]",tid,2
C:\Tender-Management-System-master\tendermanagement\src\com\hit\srv\CreateTenderSrv.java,com.hit.srv.CreateTenderSrv,"doGet/2[com.hit.srv.HttpServletRequest,com.hit.srv.HttpServletResponse]",rd,1
C:\Tender-Management-System-master\tendermanagement\src\com\hit\srv\CreateTenderSrv.java,com.hit.srv.CreateTenderSrv,"doGet/2[com.hit.srv.HttpServletRequest,com.hit.srv.HttpServletResponse]",dao,1
C:\Tender-Management-System-master\tendermanagement\src\com\hit\srv\CreateTenderSrv.java,com.hit.srv.CreateTenderSrv,"doGet/2[com.hit.srv.HttpServletRequest,com.hit.srv.HttpServletResponse]",tdesc,2
C:\Tender-Management-System-master\tendermanagement\src\com\hit\srv\CreateTenderSrv.java,com.hit.srv.CreateTenderSrv,"doGet/2[com.hit.srv.HttpServletRequest,com.hit.srv.HttpServletResponse]",response,3
C:\Tender-Management-System-master\tendermanagement\src\com\hit\srv\CreateTenderSrv.java,com.hit.srv.CreateTenderSrv,"doGet/2[com.hit.srv.HttpServletRequest,com.hit.srv.HttpServletResponse]",stprice,1
C:\Tender-Management-System-master\tendermanagement\src\com\hit\srv\CreateTenderSrv.java,com.hit.srv.CreateTenderSrv,"doGet/2[com.hit.srv.HttpServletRequest,com.hit.srv.HttpServletResponse]",ttype,2
C:\Tender-Management-System-master\tendermanagement\src\com\hit\srv\CreateTenderSrv.java,com.hit.srv.CreateTenderSrv,"doGet/2[com.hit.srv.HttpServletRequest,com.hit.srv.HttpServletResponse]",pword,1
C:\Tender-Management-System-master\tendermanagement\src\com\hit\srv\CreateTenderSrv.java,com.hit.srv.CreateTenderSrv,"doGet/2[com.hit.srv.HttpServletRequest,com.hit.srv.HttpServletResponse]",tloc,2
C:\Tender-Management-System-master\tendermanagement\src\com\hit\srv\CreateTenderSrv.java,com.hit.srv.CreateTenderSrv,"doGet/2[com.hit.srv.HttpServletRequest,com.hit.srv.HttpServletResponse]",user,1
C:\Tender-Management-System-master\tendermanagement\src\com\hit\srv\CreateTenderSrv.java,com.hit.srv.CreateTenderSrv,"doGet/2[com.hit.srv.HttpServletRequest,com.hit.srv.HttpServletResponse]",stdeadline,2
C:\Tender-Management-System-master\tendermanagement\src\com\hit\srv\CreateTenderSrv.java,com.hit.srv.CreateTenderSrv,"doGet/2[com.hit.srv.HttpServletRequest,com.hit.srv.HttpServletResponse]",status,1
C:\Tender-Management-System-master\tendermanagement\src\com\hit\srv\CreateTenderSrv.java,com.hit.srv.CreateTenderSrv,"doPost/2[com.hit.srv.HttpServletRequest,com.hit.srv.HttpServletResponse]",request,1
C:\Tender-Management-System-master\tendermanagement\src\com\hit\srv\CreateTenderSrv.java,com.hit.srv.CreateTenderSrv,"doPost/2[com.hit.srv.HttpServletRequest,com.hit.srv.HttpServletResponse]",response,1
C:\Tender-Management-System-master\tendermanagement\src\com\hit\srv\AcceptBidSrv.java,com.hit.srv.AcceptBidSrv,"doGet/2[com.hit.srv.HttpServletRequest,com.hit.srv.HttpServletResponse]",request,6
C:\Tender-Management-System-master\tendermanagement\src\com\hit\srv\AcceptBidSrv.java,com.hit.srv.AcceptBidSrv,"doGet/2[com.hit.srv.HttpServletRequest,com.hit.srv.HttpServletResponse]",uname,1
C:\Tender-Management-System-master\tendermanagement\src\com\hit\srv\AcceptBidSrv.java,com.hit.srv.AcceptBidSrv,"doGet/2[com.hit.srv.HttpServletRequest,com.hit.srv.HttpServletResponse]",session,3
C:\Tender-Management-System-master\tendermanagement\src\com\hit\srv\AcceptBidSrv.java,com.hit.srv.AcceptBidSrv,"doGet/2[com.hit.srv.HttpServletRequest,com.hit.srv.HttpServletResponse]",pw,2
C:\Tender-Management-System-master\tendermanagement\src\com\hit\srv\AcceptBidSrv.java,com.hit.srv.AcceptBidSrv,"doGet/2[com.hit.srv.HttpServletRequest,com.hit.srv.HttpServletResponse]",vendorId,1
C:\Tender-Management-System-master\tendermanagement\src\com\hit\srv\AcceptBidSrv.java,com.hit.srv.AcceptBidSrv,"doGet/2[com.hit.srv.HttpServletRequest,com.hit.srv.HttpServletResponse]",tenderId,1
C:\Tender-Management-System-master\tendermanagement\src\com\hit\srv\AcceptBidSrv.java,com.hit.srv.AcceptBidSrv,"doGet/2[com.hit.srv.HttpServletRequest,com.hit.srv.HttpServletResponse]",rd,1
C:\Tender-Management-System-master\tendermanagement\src\com\hit\srv\AcceptBidSrv.java,com.hit.srv.AcceptBidSrv,"doGet/2[com.hit.srv.HttpServletRequest,com.hit.srv.HttpServletResponse]",dao,1
C:\Tender-Management-System-master\tendermanagement\src\com\hit\srv\AcceptBidSrv.java,com.hit.srv.AcceptBidSrv,"doGet/2[com.hit.srv.HttpServletRequest,com.hit.srv.HttpServletResponse]",response,3
C:\Tender-Management-System-master\tendermanagement\src\com\hit\srv\AcceptBidSrv.java,com.hit.srv.AcceptBidSrv,"doGet/2[com.hit.srv.HttpServletRequest,com.hit.srv.HttpServletResponse]",pword,1
C:\Tender-Management-System-master\tendermanagement\src\com\hit\srv\AcceptBidSrv.java,com.hit.srv.AcceptBidSrv,"doGet/2[com.hit.srv.HttpServletRequest,com.hit.srv.HttpServletResponse]",bidderId,1
C:\Tender-Management-System-master\tendermanagement\src\com\hit\srv\AcceptBidSrv.java,com.hit.srv.AcceptBidSrv,"doGet/2[com.hit.srv.HttpServletRequest,com.hit.srv.HttpServletResponse]",user,1
C:\Tender-Management-System-master\tendermanagement\src\com\hit\srv\AcceptBidSrv.java,com.hit.srv.AcceptBidSrv,"doGet/2[com.hit.srv.HttpServletRequest,com.hit.srv.HttpServletResponse]",status,1
C:\Tender-Management-System-master\tendermanagement\src\com\hit\srv\AcceptBidSrv.java,com.hit.srv.AcceptBidSrv,"doPost/2[com.hit.srv.HttpServletRequest,com.hit.srv.HttpServletResponse]",request,1
C:\Tender-Management-System-master\tendermanagement\src\com\hit\srv\AcceptBidSrv.java,com.hit.srv.AcceptBidSrv,"doPost/2[com.hit.srv.HttpServletRequest,com.hit.srv.HttpServletResponse]",response,1
C:\Tender-Management-System-master\tendermanagement\src\com\hit\dao\BidderDaoImpl.java,com.hit.dao.BidderDaoImpl,rejectBid/1[java.lang.String],con,2
C:\Tender-Management-System-master\tendermanagement\src\com\hit\dao\BidderDaoImpl.java,com.hit.dao.BidderDaoImpl,rejectBid/1[java.lang.String],ps,6
C:\Tender-Management-System-master\tendermanagement\src\com\hit\dao\BidderDaoImpl.java,com.hit.dao.BidderDaoImpl,rejectBid/1[java.lang.String],e,2
C:\Tender-Management-System-master\tendermanagement\src\com\hit\dao\BidderDaoImpl.java,com.hit.dao.BidderDaoImpl,rejectBid/1[java.lang.String],x,1
C:\Tender-Management-System-master\tendermanagement\src\com\hit\dao\BidderDaoImpl.java,com.hit.dao.BidderDaoImpl,rejectBid/1[java.lang.String],applicationId,1
C:\Tender-Management-System-master\tendermanagement\src\com\hit\dao\BidderDaoImpl.java,com.hit.dao.BidderDaoImpl,rejectBid/1[java.lang.String],status,4
C:\Tender-Management-System-master\tendermanagement\src\com\hit\dao\BidderDaoImpl.java,com.hit.dao.BidderDaoImpl,getAllBidsOfaTender/1[java.lang.String],rs,9
C:\Tender-Management-System-master\tendermanagement\src\com\hit\dao\BidderDaoImpl.java,com.hit.dao.BidderDaoImpl,getAllBidsOfaTender/1[java.lang.String],con,2
C:\Tender-Management-System-master\tendermanagement\src\com\hit\dao\BidderDaoImpl.java,com.hit.dao.BidderDaoImpl,getAllBidsOfaTender/1[java.lang.String],ps,4
C:\Tender-Management-System-master\tendermanagement\src\com\hit\dao\BidderDaoImpl.java,com.hit.dao.BidderDaoImpl,getAllBidsOfaTender/1[java.lang.String],bidderList,2
C:\Tender-Management-System-master\tendermanagement\src\com\hit\dao\BidderDaoImpl.java,com.hit.dao.BidderDaoImpl,getAllBidsOfaTender/1[java.lang.String],bidder,7
C:\Tender-Management-System-master\tendermanagement\src\com\hit\dao\BidderDaoImpl.java,com.hit.dao.BidderDaoImpl,getAllBidsOfaTender/1[java.lang.String],e,1
C:\Tender-Management-System-master\tendermanagement\src\com\hit\dao\BidderDaoImpl.java,com.hit.dao.BidderDaoImpl,getAllBidsOfaTender/1[java.lang.String],tenderId,1
C:\Tender-Management-System-master\tendermanagement\src\com\hit\dao\BidderDaoImpl.java,com.hit.dao.BidderDaoImpl,getAllBidsOfaVendor/1[java.lang.String],rs,9
C:\Tender-Management-System-master\tendermanagement\src\com\hit\dao\BidderDaoImpl.java,com.hit.dao.BidderDaoImpl,getAllBidsOfaVendor/1[java.lang.String],con,2
C:\Tender-Management-System-master\tendermanagement\src\com\hit\dao\BidderDaoImpl.java,com.hit.dao.BidderDaoImpl,getAllBidsOfaVendor/1[java.lang.String],ps,4
C:\Tender-Management-System-master\tendermanagement\src\com\hit\dao\BidderDaoImpl.java,com.hit.dao.BidderDaoImpl,getAllBidsOfaVendor/1[java.lang.String],bidderList,2
C:\Tender-Management-System-master\tendermanagement\src\com\hit\dao\BidderDaoImpl.java,com.hit.dao.BidderDaoImpl,getAllBidsOfaVendor/1[java.lang.String],bidder,7
C:\Tender-Management-System-master\tendermanagement\src\com\hit\dao\BidderDaoImpl.java,com.hit.dao.BidderDaoImpl,getAllBidsOfaVendor/1[java.lang.String],e,1
C:\Tender-Management-System-master\tendermanagement\src\com\hit\dao\BidderDaoImpl.java,com.hit.dao.BidderDaoImpl,getAllBidsOfaVendor/1[java.lang.String],vendorId,1
C:\Tender-Management-System-master\tendermanagement\src\com\hit\dao\BidderDaoImpl.java,com.hit.dao.BidderDaoImpl,"bidTender/4[java.lang.String,java.lang.String,java.lang.String,java.lang.String]",bidStatus,2
C:\Tender-Management-System-master\tendermanagement\src\com\hit\dao\BidderDaoImpl.java,com.hit.dao.BidderDaoImpl,"bidTender/4[java.lang.String,java.lang.String,java.lang.String,java.lang.String]",con,2
C:\Tender-Management-System-master\tendermanagement\src\com\hit\dao\BidderDaoImpl.java,com.hit.dao.BidderDaoImpl,"bidTender/4[java.lang.String,java.lang.String,java.lang.String,java.lang.String]",ps,9
C:\Tender-Management-System-master\tendermanagement\src\com\hit\dao\BidderDaoImpl.java,com.hit.dao.BidderDaoImpl,"bidTender/4[java.lang.String,java.lang.String,java.lang.String,java.lang.String]",bidder,2
C:\Tender-Management-System-master\tendermanagement\src\com\hit\dao\BidderDaoImpl.java,com.hit.dao.BidderDaoImpl,"bidTender/4[java.lang.String,java.lang.String,java.lang.String,java.lang.String]",e,1
C:\Tender-Management-System-master\tendermanagement\src\com\hit\dao\BidderDaoImpl.java,com.hit.dao.BidderDaoImpl,"bidTender/4[java.lang.String,java.lang.String,java.lang.String,java.lang.String]",vendorId,2
C:\Tender-Management-System-master\tendermanagement\src\com\hit\dao\BidderDaoImpl.java,com.hit.dao.BidderDaoImpl,"bidTender/4[java.lang.String,java.lang.String,java.lang.String,java.lang.String]",bidAmount,1
C:\Tender-Management-System-master\tendermanagement\src\com\hit\dao\BidderDaoImpl.java,com.hit.dao.BidderDaoImpl,"bidTender/4[java.lang.String,java.lang.String,java.lang.String,java.lang.String]",tenderId,2
C:\Tender-Management-System-master\tendermanagement\src\com\hit\dao\BidderDaoImpl.java,com.hit.dao.BidderDaoImpl,"bidTender/4[java.lang.String,java.lang.String,java.lang.String,java.lang.String]",bidId,2
C:\Tender-Management-System-master\tendermanagement\src\com\hit\dao\BidderDaoImpl.java,com.hit.dao.BidderDaoImpl,"bidTender/4[java.lang.String,java.lang.String,java.lang.String,java.lang.String]",bidDeadline,1
C:\Tender-Management-System-master\tendermanagement\src\com\hit\dao\BidderDaoImpl.java,com.hit.dao.BidderDaoImpl,"bidTender/4[java.lang.String,java.lang.String,java.lang.String,java.lang.String]",x,1
C:\Tender-Management-System-master\tendermanagement\src\com\hit\dao\BidderDaoImpl.java,com.hit.dao.BidderDaoImpl,"bidTender/4[java.lang.String,java.lang.String,java.lang.String,java.lang.String]",bidDate,1
C:\Tender-Management-System-master\tendermanagement\src\com\hit\dao\BidderDaoImpl.java,com.hit.dao.BidderDaoImpl,"bidTender/4[java.lang.String,java.lang.String,java.lang.String,java.lang.String]",status,2
C:\Tender-Management-System-master\tendermanagement\src\com\hit\dao\BidderDaoImpl.java,com.hit.dao.BidderDaoImpl,"acceptBid/3[java.lang.String,java.lang.String,java.lang.String]",pst,5
C:\Tender-Management-System-master\tendermanagement\src\com\hit\dao\BidderDaoImpl.java,com.hit.dao.BidderDaoImpl,"acceptBid/3[java.lang.String,java.lang.String,java.lang.String]",rs,2
C:\Tender-Management-System-master\tendermanagement\src\com\hit\dao\BidderDaoImpl.java,com.hit.dao.BidderDaoImpl,"acceptBid/3[java.lang.String,java.lang.String,java.lang.String]",con,3
C:\Tender-Management-System-master\tendermanagement\src\com\hit\dao\BidderDaoImpl.java,com.hit.dao.BidderDaoImpl,"acceptBid/3[java.lang.String,java.lang.String,java.lang.String]",ps,4
C:\Tender-Management-System-master\tendermanagement\src\com\hit\dao\BidderDaoImpl.java,com.hit.dao.BidderDaoImpl,"acceptBid/3[java.lang.String,java.lang.String,java.lang.String]",dao,1
C:\Tender-Management-System-master\tendermanagement\src\com\hit\dao\BidderDaoImpl.java,com.hit.dao.BidderDaoImpl,"acceptBid/3[java.lang.String,java.lang.String,java.lang.String]",e,2
C:\Tender-Management-System-master\tendermanagement\src\com\hit\dao\BidderDaoImpl.java,com.hit.dao.BidderDaoImpl,"acceptBid/3[java.lang.String,java.lang.String,java.lang.String]",x,1
C:\Tender-Management-System-master\tendermanagement\src\com\hit\dao\BidderDaoImpl.java,com.hit.dao.BidderDaoImpl,"acceptBid/3[java.lang.String,java.lang.String,java.lang.String]",vendorId,1
C:\Tender-Management-System-master\tendermanagement\src\com\hit\dao\BidderDaoImpl.java,com.hit.dao.BidderDaoImpl,"acceptBid/3[java.lang.String,java.lang.String,java.lang.String]",applicationId,2
C:\Tender-Management-System-master\tendermanagement\src\com\hit\dao\BidderDaoImpl.java,com.hit.dao.BidderDaoImpl,"acceptBid/3[java.lang.String,java.lang.String,java.lang.String]",tenderId,2
C:\Tender-Management-System-master\tendermanagement\src\com\hit\dao\BidderDaoImpl.java,com.hit.dao.BidderDaoImpl,"acceptBid/3[java.lang.String,java.lang.String,java.lang.String]",status,7
C:\Tender-Management-System-master\tendermanagement\src\com\hit\beans\VendorBean.java,com.hit.beans.VendorBean,setCompany/1[java.lang.String],company,2
C:\Tender-Management-System-master\tendermanagement\src\com\hit\beans\VendorBean.java,com.hit.beans.VendorBean,setPassword/1[java.lang.String],password,2
C:\Tender-Management-System-master\tendermanagement\src\com\hit\beans\VendorBean.java,com.hit.beans.VendorBean,setAddress/1[java.lang.String],address,2
C:\Tender-Management-System-master\tendermanagement\src\com\hit\beans\VendorBean.java,com.hit.beans.VendorBean,"VendorBean/7[java.lang.String,java.lang.String,java.lang.String,java.lang.String,java.lang.String,java.lang.String,java.lang.String]",password,2
C:\Tender-Management-System-master\tendermanagement\src\com\hit\beans\VendorBean.java,com.hit.beans.VendorBean,"VendorBean/7[java.lang.String,java.lang.String,java.lang.String,java.lang.String,java.lang.String,java.lang.String,java.lang.String]",address,2
C:\Tender-Management-System-master\tendermanagement\src\com\hit\beans\VendorBean.java,com.hit.beans.VendorBean,"VendorBean/7[java.lang.String,java.lang.String,java.lang.String,java.lang.String,java.lang.String,java.lang.String,java.lang.String]",name,2
C:\Tender-Management-System-master\tendermanagement\src\com\hit\beans\VendorBean.java,com.hit.beans.VendorBean,"VendorBean/7[java.lang.String,java.lang.String,java.lang.String,java.lang.String,java.lang.String,java.lang.String,java.lang.String]",mobile,2
C:\Tender-Management-System-master\tendermanagement\src\com\hit\beans\VendorBean.java,com.hit.beans.VendorBean,"VendorBean/7[java.lang.String,java.lang.String,java.lang.String,java.lang.String,java.lang.String,java.lang.String,java.lang.String]",company,2
C:\Tender-Management-System-master\tendermanagement\src\com\hit\beans\VendorBean.java,com.hit.beans.VendorBean,"VendorBean/7[java.lang.String,java.lang.String,java.lang.String,java.lang.String,java.lang.String,java.lang.String,java.lang.String]",id,2
C:\Tender-Management-System-master\tendermanagement\src\com\hit\beans\VendorBean.java,com.hit.beans.VendorBean,"VendorBean/7[java.lang.String,java.lang.String,java.lang.String,java.lang.String,java.lang.String,java.lang.String,java.lang.String]",email,2
C:\Tender-Management-System-master\tendermanagement\src\com\hit\beans\VendorBean.java,com.hit.beans.VendorBean,setEmail/1[java.lang.String],email,2
C:\Tender-Management-System-master\tendermanagement\src\com\hit\beans\VendorBean.java,com.hit.beans.VendorBean,setId/1[java.lang.String],id,2
C:\Tender-Management-System-master\tendermanagement\src\com\hit\beans\VendorBean.java,com.hit.beans.VendorBean,setMobile/1[java.lang.String],mobile,2
C:\Tender-Management-System-master\tendermanagement\src\com\hit\beans\VendorBean.java,com.hit.beans.VendorBean,setName/1[java.lang.String],name,2
C:\Tender-Management-System-master\tendermanagement\src\com\hit\srv\RemoveNoticeSrv.java,com.hit.srv.RemoveNoticeSrv,"doGet/2[com.hit.srv.HttpServletRequest,com.hit.srv.HttpServletResponse]",request,4
C:\Tender-Management-System-master\tendermanagement\src\com\hit\srv\RemoveNoticeSrv.java,com.hit.srv.RemoveNoticeSrv,"doGet/2[com.hit.srv.HttpServletRequest,com.hit.srv.HttpServletResponse]",rd,1
C:\Tender-Management-System-master\tendermanagement\src\com\hit\srv\RemoveNoticeSrv.java,com.hit.srv.RemoveNoticeSrv,"doGet/2[com.hit.srv.HttpServletRequest,com.hit.srv.HttpServletResponse]",dao,1
C:\Tender-Management-System-master\tendermanagement\src\com\hit\srv\RemoveNoticeSrv.java,com.hit.srv.RemoveNoticeSrv,"doGet/2[com.hit.srv.HttpServletRequest,com.hit.srv.HttpServletResponse]",uname,1
C:\Tender-Management-System-master\tendermanagement\src\com\hit\srv\RemoveNoticeSrv.java,com.hit.srv.RemoveNoticeSrv,"doGet/2[com.hit.srv.HttpServletRequest,com.hit.srv.HttpServletResponse]",response,3
C:\Tender-Management-System-master\tendermanagement\src\com\hit\srv\RemoveNoticeSrv.java,com.hit.srv.RemoveNoticeSrv,"doGet/2[com.hit.srv.HttpServletRequest,com.hit.srv.HttpServletResponse]",session,3
C:\Tender-Management-System-master\tendermanagement\src\com\hit\srv\RemoveNoticeSrv.java,com.hit.srv.RemoveNoticeSrv,"doGet/2[com.hit.srv.HttpServletRequest,com.hit.srv.HttpServletResponse]",pw,2
C:\Tender-Management-System-master\tendermanagement\src\com\hit\srv\RemoveNoticeSrv.java,com.hit.srv.RemoveNoticeSrv,"doGet/2[com.hit.srv.HttpServletRequest,com.hit.srv.HttpServletResponse]",pword,1
C:\Tender-Management-System-master\tendermanagement\src\com\hit\srv\RemoveNoticeSrv.java,com.hit.srv.RemoveNoticeSrv,"doGet/2[com.hit.srv.HttpServletRequest,com.hit.srv.HttpServletResponse]",user,2
C:\Tender-Management-System-master\tendermanagement\src\com\hit\srv\RemoveNoticeSrv.java,com.hit.srv.RemoveNoticeSrv,"doGet/2[com.hit.srv.HttpServletRequest,com.hit.srv.HttpServletResponse]",noticeId,1
C:\Tender-Management-System-master\tendermanagement\src\com\hit\srv\RemoveNoticeSrv.java,com.hit.srv.RemoveNoticeSrv,"doGet/2[com.hit.srv.HttpServletRequest,com.hit.srv.HttpServletResponse]",status,1
C:\Tender-Management-System-master\tendermanagement\src\com\hit\srv\RemoveNoticeSrv.java,com.hit.srv.RemoveNoticeSrv,"doPost/2[com.hit.srv.HttpServletRequest,com.hit.srv.HttpServletResponse]",request,1
C:\Tender-Management-System-master\tendermanagement\src\com\hit\srv\RemoveNoticeSrv.java,com.hit.srv.RemoveNoticeSrv,"doPost/2[com.hit.srv.HttpServletRequest,com.hit.srv.HttpServletResponse]",response,1
C:\Tender-Management-System-master\tendermanagement\src\com\hit\dao\TenderDaoImpl.java,com.hit.dao.TenderDaoImpl,removeTender/1[java.lang.String],flag,2
C:\Tender-Management-System-master\tendermanagement\src\com\hit\dao\TenderDaoImpl.java,com.hit.dao.TenderDaoImpl,removeTender/1[java.lang.String],con,2
C:\Tender-Management-System-master\tendermanagement\src\com\hit\dao\TenderDaoImpl.java,com.hit.dao.TenderDaoImpl,removeTender/1[java.lang.String],ps,4
C:\Tender-Management-System-master\tendermanagement\src\com\hit\dao\TenderDaoImpl.java,com.hit.dao.TenderDaoImpl,removeTender/1[java.lang.String],e,1
C:\Tender-Management-System-master\tendermanagement\src\com\hit\dao\TenderDaoImpl.java,com.hit.dao.TenderDaoImpl,removeTender/1[java.lang.String],x,1
C:\Tender-Management-System-master\tendermanagement\src\com\hit\dao\TenderDaoImpl.java,com.hit.dao.TenderDaoImpl,removeTender/1[java.lang.String],tid,1
C:\Tender-Management-System-master\tendermanagement\src\com\hit\dao\TenderDaoImpl.java,com.hit.dao.TenderDaoImpl,getAllAssignedTenders/0,rs,7
C:\Tender-Management-System-master\tendermanagement\src\com\hit\dao\TenderDaoImpl.java,com.hit.dao.TenderDaoImpl,getAllAssignedTenders/0,con,2
C:\Tender-Management-System-master\tendermanagement\src\com\hit\dao\TenderDaoImpl.java,com.hit.dao.TenderDaoImpl,getAllAssignedTenders/0,ps,3
C:\Tender-Management-System-master\tendermanagement\src\com\hit\dao\TenderDaoImpl.java,com.hit.dao.TenderDaoImpl,getAllAssignedTenders/0,statusList,2
C:\Tender-Management-System-master\tendermanagement\src\com\hit\dao\TenderDaoImpl.java,com.hit.dao.TenderDaoImpl,getAllAssignedTenders/0,e,1
C:\Tender-Management-System-master\tendermanagement\src\com\hit\dao\TenderDaoImpl.java,com.hit.dao.TenderDaoImpl,getAllAssignedTenders/0,status,1
C:\Tender-Management-System-master\tendermanagement\src\com\hit\dao\TenderDaoImpl.java,com.hit.dao.TenderDaoImpl,getTenderDetails/1[java.lang.String],tender,5
C:\Tender-Management-System-master\tendermanagement\src\com\hit\dao\TenderDaoImpl.java,com.hit.dao.TenderDaoImpl,getTenderDetails/1[java.lang.String],rs,8
C:\Tender-Management-System-master\tendermanagement\src\com\hit\dao\TenderDaoImpl.java,com.hit.dao.TenderDaoImpl,getTenderDetails/1[java.lang.String],con,3
C:\Tender-Management-System-master\tendermanagement\src\com\hit\dao\TenderDaoImpl.java,com.hit.dao.TenderDaoImpl,getTenderDetails/1[java.lang.String],ps,4
C:\Tender-Management-System-master\tendermanagement\src\com\hit\dao\TenderDaoImpl.java,com.hit.dao.TenderDaoImpl,getTenderDetails/1[java.lang.String],e,1
C:\Tender-Management-System-master\tendermanagement\src\com\hit\dao\TenderDaoImpl.java,com.hit.dao.TenderDaoImpl,getTenderDetails/1[java.lang.String],tenderList,3
C:\Tender-Management-System-master\tendermanagement\src\com\hit\dao\TenderDaoImpl.java,com.hit.dao.TenderDaoImpl,getTenderDetails/1[java.lang.String],type,3
C:\Tender-Management-System-master\tendermanagement\src\com\hit\dao\TenderDaoImpl.java,com.hit.dao.TenderDaoImpl,getTenderDetails/1[java.lang.String],tid,2
C:\Tender-Management-System-master\tendermanagement\src\com\hit\dao\TenderDaoImpl.java,com.hit.dao.TenderDaoImpl,getTenderDetails/1[java.lang.String],pst,3
C:\Tender-Management-System-master\tendermanagement\src\com\hit\dao\TenderDaoImpl.java,com.hit.dao.TenderDaoImpl,getTenderDetails/1[java.lang.String],rss,8
C:\Tender-Management-System-master\tendermanagement\src\com\hit\dao\TenderDaoImpl.java,com.hit.dao.TenderDaoImpl,getTenderDetails/1[java.lang.String],price,3
C:\Tender-Management-System-master\tendermanagement\src\com\hit\dao\TenderDaoImpl.java,com.hit.dao.TenderDaoImpl,getTenderDetails/1[java.lang.String],name,3
C:\Tender-Management-System-master\tendermanagement\src\com\hit\dao\TenderDaoImpl.java,com.hit.dao.TenderDaoImpl,getTenderDetails/1[java.lang.String],location,3
C:\Tender-Management-System-master\tendermanagement\src\com\hit\dao\TenderDaoImpl.java,com.hit.dao.TenderDaoImpl,getTenderDetails/1[java.lang.String],id,3
C:\Tender-Management-System-master\tendermanagement\src\com\hit\dao\TenderDaoImpl.java,com.hit.dao.TenderDaoImpl,getTenderDetails/1[java.lang.String],deadline,3
C:\Tender-Management-System-master\tendermanagement\src\com\hit\dao\TenderDaoImpl.java,com.hit.dao.TenderDaoImpl,getTenderDetails/1[java.lang.String],desc,3
C:\Tender-Management-System-master\tendermanagement\src\com\hit\dao\TenderDaoImpl.java,com.hit.dao.TenderDaoImpl,getAllTenders/0,tender,8
C:\Tender-Management-System-master\tendermanagement\src\com\hit\dao\TenderDaoImpl.java,com.hit.dao.TenderDaoImpl,getAllTenders/0,rs,10
C:\Tender-Management-System-master\tendermanagement\src\com\hit\dao\TenderDaoImpl.java,com.hit.dao.TenderDaoImpl,getAllTenders/0,con,2
C:\Tender-Management-System-master\tendermanagement\src\com\hit\dao\TenderDaoImpl.java,com.hit.dao.TenderDaoImpl,getAllTenders/0,ps,3
C:\Tender-Management-System-master\tendermanagement\src\com\hit\dao\TenderDaoImpl.java,com.hit.dao.TenderDaoImpl,getAllTenders/0,e,1
C:\Tender-Management-System-master\tendermanagement\src\com\hit\dao\TenderDaoImpl.java,com.hit.dao.TenderDaoImpl,getAllTenders/0,tenderList,2
C:\Tender-Management-System-master\tendermanagement\src\com\hit\dao\TenderDaoImpl.java,com.hit.dao.TenderDaoImpl,getAllTenders/0,udate,1
C:\Tender-Management-System-master\tendermanagement\src\com\hit\dao\TenderDaoImpl.java,com.hit.dao.TenderDaoImpl,updateTender/1[com.hit.beans.TenderBean],tender,7
C:\Tender-Management-System-master\tendermanagement\src\com\hit\dao\TenderDaoImpl.java,com.hit.dao.TenderDaoImpl,updateTender/1[com.hit.beans.TenderBean],pst,10
C:\Tender-Management-System-master\tendermanagement\src\com\hit\dao\TenderDaoImpl.java,com.hit.dao.TenderDaoImpl,updateTender/1[com.hit.beans.TenderBean],con,2
C:\Tender-Management-System-master\tendermanagement\src\com\hit\dao\TenderDaoImpl.java,com.hit.dao.TenderDaoImpl,updateTender/1[com.hit.beans.TenderBean],e,2
C:\Tender-Management-System-master\tendermanagement\src\com\hit\dao\TenderDaoImpl.java,com.hit.dao.TenderDaoImpl,updateTender/1[com.hit.beans.TenderBean],sDeadline,1
C:\Tender-Management-System-master\tendermanagement\src\com\hit\dao\TenderDaoImpl.java,com.hit.dao.TenderDaoImpl,updateTender/1[com.hit.beans.TenderBean],x,1
C:\Tender-Management-System-master\tendermanagement\src\com\hit\dao\TenderDaoImpl.java,com.hit.dao.TenderDaoImpl,updateTender/1[com.hit.beans.TenderBean],deadline,1
C:\Tender-Management-System-master\tendermanagement\src\com\hit\dao\TenderDaoImpl.java,com.hit.dao.TenderDaoImpl,updateTender/1[com.hit.beans.TenderBean],status,3
C:\Tender-Management-System-master\tendermanagement\src\com\hit\dao\TenderDaoImpl.java,com.hit.dao.TenderDaoImpl,createTender/1[com.hit.beans.TenderBean],tender,8
C:\Tender-Management-System-master\tendermanagement\src\com\hit\dao\TenderDaoImpl.java,com.hit.dao.TenderDaoImpl,createTender/1[com.hit.beans.TenderBean],pst,10
C:\Tender-Management-System-master\tendermanagement\src\com\hit\dao\TenderDaoImpl.java,com.hit.dao.TenderDaoImpl,createTender/1[com.hit.beans.TenderBean],conn,2
C:\Tender-Management-System-master\tendermanagement\src\com\hit\dao\TenderDaoImpl.java,com.hit.dao.TenderDaoImpl,createTender/1[com.hit.beans.TenderBean],e,2
C:\Tender-Management-System-master\tendermanagement\src\com\hit\dao\TenderDaoImpl.java,com.hit.dao.TenderDaoImpl,createTender/1[com.hit.beans.TenderBean],sDeadline,1
C:\Tender-Management-System-master\tendermanagement\src\com\hit\dao\TenderDaoImpl.java,com.hit.dao.TenderDaoImpl,createTender/1[com.hit.beans.TenderBean],x,1
C:\Tender-Management-System-master\tendermanagement\src\com\hit\dao\TenderDaoImpl.java,com.hit.dao.TenderDaoImpl,createTender/1[com.hit.beans.TenderBean],deadline,1
C:\Tender-Management-System-master\tendermanagement\src\com\hit\dao\TenderDaoImpl.java,com.hit.dao.TenderDaoImpl,createTender/1[com.hit.beans.TenderBean],status,3
C:\Tender-Management-System-master\tendermanagement\src\com\hit\dao\TenderDaoImpl.java,com.hit.dao.TenderDaoImpl,getTenderDataById/1[java.lang.String],tender,2
C:\Tender-Management-System-master\tendermanagement\src\com\hit\dao\TenderDaoImpl.java,com.hit.dao.TenderDaoImpl,getTenderDataById/1[java.lang.String],rs,8
C:\Tender-Management-System-master\tendermanagement\src\com\hit\dao\TenderDaoImpl.java,com.hit.dao.TenderDaoImpl,getTenderDataById/1[java.lang.String],con,2
C:\Tender-Management-System-master\tendermanagement\src\com\hit\dao\TenderDaoImpl.java,com.hit.dao.TenderDaoImpl,getTenderDataById/1[java.lang.String],ps,4
C:\Tender-Management-System-master\tendermanagement\src\com\hit\dao\TenderDaoImpl.java,com.hit.dao.TenderDaoImpl,getTenderDataById/1[java.lang.String],e,1
C:\Tender-Management-System-master\tendermanagement\src\com\hit\dao\TenderDaoImpl.java,com.hit.dao.TenderDaoImpl,getTenderDataById/1[java.lang.String],type,1
C:\Tender-Management-System-master\tendermanagement\src\com\hit\dao\TenderDaoImpl.java,com.hit.dao.TenderDaoImpl,getTenderDataById/1[java.lang.String],tid,1
C:\Tender-Management-System-master\tendermanagement\src\com\hit\dao\TenderDaoImpl.java,com.hit.dao.TenderDaoImpl,getTenderDataById/1[java.lang.String],pst,1
C:\Tender-Management-System-master\tendermanagement\src\com\hit\dao\TenderDaoImpl.java,com.hit.dao.TenderDaoImpl,getTenderDataById/1[java.lang.String],price,1
C:\Tender-Management-System-master\tendermanagement\src\com\hit\dao\TenderDaoImpl.java,com.hit.dao.TenderDaoImpl,getTenderDataById/1[java.lang.String],name,1
C:\Tender-Management-System-master\tendermanagement\src\com\hit\dao\TenderDaoImpl.java,com.hit.dao.TenderDaoImpl,getTenderDataById/1[java.lang.String],location,1
C:\Tender-Management-System-master\tendermanagement\src\com\hit\dao\TenderDaoImpl.java,com.hit.dao.TenderDaoImpl,getTenderDataById/1[java.lang.String],id,1
C:\Tender-Management-System-master\tendermanagement\src\com\hit\dao\TenderDaoImpl.java,com.hit.dao.TenderDaoImpl,getTenderDataById/1[java.lang.String],deadline,1
C:\Tender-Management-System-master\tendermanagement\src\com\hit\dao\TenderDaoImpl.java,com.hit.dao.TenderDaoImpl,getTenderDataById/1[java.lang.String],desc,1
C:\Tender-Management-System-master\tendermanagement\src\com\hit\dao\TenderDaoImpl.java,com.hit.dao.TenderDaoImpl,getTenderStatus/1[java.lang.String],rs,3
C:\Tender-Management-System-master\tendermanagement\src\com\hit\dao\TenderDaoImpl.java,com.hit.dao.TenderDaoImpl,getTenderStatus/1[java.lang.String],con,2
C:\Tender-Management-System-master\tendermanagement\src\com\hit\dao\TenderDaoImpl.java,com.hit.dao.TenderDaoImpl,getTenderStatus/1[java.lang.String],ps,4
C:\Tender-Management-System-master\tendermanagement\src\com\hit\dao\TenderDaoImpl.java,com.hit.dao.TenderDaoImpl,getTenderStatus/1[java.lang.String],e,2
C:\Tender-Management-System-master\tendermanagement\src\com\hit\dao\TenderDaoImpl.java,com.hit.dao.TenderDaoImpl,getTenderStatus/1[java.lang.String],tenderId,1
C:\Tender-Management-System-master\tendermanagement\src\com\hit\dao\TenderDaoImpl.java,com.hit.dao.TenderDaoImpl,getTenderStatus/1[java.lang.String],status,3
C:\Tender-Management-System-master\tendermanagement\src\com\hit\dao\TenderDaoImpl.java,com.hit.dao.TenderDaoImpl,"assignTender/3[java.lang.String,java.lang.String,java.lang.String]",rs,3
C:\Tender-Management-System-master\tendermanagement\src\com\hit\dao\TenderDaoImpl.java,com.hit.dao.TenderDaoImpl,"assignTender/3[java.lang.String,java.lang.String,java.lang.String]",con,2
C:\Tender-Management-System-master\tendermanagement\src\com\hit\dao\TenderDaoImpl.java,com.hit.dao.TenderDaoImpl,"assignTender/3[java.lang.String,java.lang.String,java.lang.String]",ps,9
C:\Tender-Management-System-master\tendermanagement\src\com\hit\dao\TenderDaoImpl.java,com.hit.dao.TenderDaoImpl,"assignTender/3[java.lang.String,java.lang.String,java.lang.String]",e,2
C:\Tender-Management-System-master\tendermanagement\src\com\hit\dao\TenderDaoImpl.java,com.hit.dao.TenderDaoImpl,"assignTender/3[java.lang.String,java.lang.String,java.lang.String]",vendorId,2
C:\Tender-Management-System-master\tendermanagement\src\com\hit\dao\TenderDaoImpl.java,com.hit.dao.TenderDaoImpl,"assignTender/3[java.lang.String,java.lang.String,java.lang.String]",bidderId,1
C:\Tender-Management-System-master\tendermanagement\src\com\hit\dao\TenderDaoImpl.java,com.hit.dao.TenderDaoImpl,"assignTender/3[java.lang.String,java.lang.String,java.lang.String]",k,1
C:\Tender-Management-System-master\tendermanagement\src\com\hit\dao\TenderDaoImpl.java,com.hit.dao.TenderDaoImpl,"assignTender/3[java.lang.String,java.lang.String,java.lang.String]",tenderId,3
C:\Tender-Management-System-master\tendermanagement\src\com\hit\dao\TenderDaoImpl.java,com.hit.dao.TenderDaoImpl,"assignTender/3[java.lang.String,java.lang.String,java.lang.String]",status,5
C:\Tender-Management-System-master\tendermanagement\src\com\hit\beans\NoticeBean.java,com.hit.beans.NoticeBean,setNoticeTitle/1[java.lang.String],noticeTitle,2
C:\Tender-Management-System-master\tendermanagement\src\com\hit\beans\NoticeBean.java,com.hit.beans.NoticeBean,setNoticeInfo/1[java.lang.String],noticeInfo,2
C:\Tender-Management-System-master\tendermanagement\src\com\hit\beans\NoticeBean.java,com.hit.beans.NoticeBean,"NoticeBean/3[int,java.lang.String,java.lang.String]",noticeInfo,2
C:\Tender-Management-System-master\tendermanagement\src\com\hit\beans\NoticeBean.java,com.hit.beans.NoticeBean,"NoticeBean/3[int,java.lang.String,java.lang.String]",noticeId,2
C:\Tender-Management-System-master\tendermanagement\src\com\hit\beans\NoticeBean.java,com.hit.beans.NoticeBean,"NoticeBean/3[int,java.lang.String,java.lang.String]",noticeTitle,2
C:\Tender-Management-System-master\tendermanagement\src\com\hit\beans\NoticeBean.java,com.hit.beans.NoticeBean,setNoticeId/1[int],noticeId,2
C:\Tender-Management-System-master\tendermanagement\src\com\hit\beans\TenderStatusBean.java,com.hit.beans.TenderStatusBean,setVendorId/1[java.lang.String],vendorId,2
C:\Tender-Management-System-master\tendermanagement\src\com\hit\beans\TenderStatusBean.java,com.hit.beans.TenderStatusBean,setTendorId/1[java.lang.String],tendorId,2
C:\Tender-Management-System-master\tendermanagement\src\com\hit\beans\TenderStatusBean.java,com.hit.beans.TenderStatusBean,setStatus/1[java.lang.String],status,2
C:\Tender-Management-System-master\tendermanagement\src\com\hit\beans\TenderStatusBean.java,com.hit.beans.TenderStatusBean,"TenderStatusBean/4[java.lang.String,java.lang.String,java.lang.String,java.lang.String]",bidderId,2
C:\Tender-Management-System-master\tendermanagement\src\com\hit\beans\TenderStatusBean.java,com.hit.beans.TenderStatusBean,"TenderStatusBean/4[java.lang.String,java.lang.String,java.lang.String,java.lang.String]",vendorId,2
C:\Tender-Management-System-master\tendermanagement\src\com\hit\beans\TenderStatusBean.java,com.hit.beans.TenderStatusBean,"TenderStatusBean/4[java.lang.String,java.lang.String,java.lang.String,java.lang.String]",tendorId,2
C:\Tender-Management-System-master\tendermanagement\src\com\hit\beans\TenderStatusBean.java,com.hit.beans.TenderStatusBean,"TenderStatusBean/4[java.lang.String,java.lang.String,java.lang.String,java.lang.String]",status,2
C:\Tender-Management-System-master\tendermanagement\src\com\hit\beans\TenderStatusBean.java,com.hit.beans.TenderStatusBean,setBidderId/1[java.lang.String],bidderId,2
C:\Tender-Management-System-master\tendermanagement\src\com\hit\srv\AddNoticeSrv.java,com.hit.srv.AddNoticeSrv,"doGet/2[com.hit.srv.HttpServletRequest,com.hit.srv.HttpServletResponse]",request,5
C:\Tender-Management-System-master\tendermanagement\src\com\hit\srv\AddNoticeSrv.java,com.hit.srv.AddNoticeSrv,"doGet/2[com.hit.srv.HttpServletRequest,com.hit.srv.HttpServletResponse]",rd,1
C:\Tender-Management-System-master\tendermanagement\src\com\hit\srv\AddNoticeSrv.java,com.hit.srv.AddNoticeSrv,"doGet/2[com.hit.srv.HttpServletRequest,com.hit.srv.HttpServletResponse]",dao,1
C:\Tender-Management-System-master\tendermanagement\src\com\hit\srv\AddNoticeSrv.java,com.hit.srv.AddNoticeSrv,"doGet/2[com.hit.srv.HttpServletRequest,com.hit.srv.HttpServletResponse]",uname,1
C:\Tender-Management-System-master\tendermanagement\src\com\hit\srv\AddNoticeSrv.java,com.hit.srv.AddNoticeSrv,"doGet/2[com.hit.srv.HttpServletRequest,com.hit.srv.HttpServletResponse]",response,3
C:\Tender-Management-System-master\tendermanagement\src\com\hit\srv\AddNoticeSrv.java,com.hit.srv.AddNoticeSrv,"doGet/2[com.hit.srv.HttpServletRequest,com.hit.srv.HttpServletResponse]",session,3
C:\Tender-Management-System-master\tendermanagement\src\com\hit\srv\AddNoticeSrv.java,com.hit.srv.AddNoticeSrv,"doGet/2[com.hit.srv.HttpServletRequest,com.hit.srv.HttpServletResponse]",pw,1
C:\Tender-Management-System-master\tendermanagement\src\com\hit\srv\AddNoticeSrv.java,com.hit.srv.AddNoticeSrv,"doGet/2[com.hit.srv.HttpServletRequest,com.hit.srv.HttpServletResponse]",pword,1
C:\Tender-Management-System-master\tendermanagement\src\com\hit\srv\AddNoticeSrv.java,com.hit.srv.AddNoticeSrv,"doGet/2[com.hit.srv.HttpServletRequest,com.hit.srv.HttpServletResponse]",noticeDesc,1
C:\Tender-Management-System-master\tendermanagement\src\com\hit\srv\AddNoticeSrv.java,com.hit.srv.AddNoticeSrv,"doGet/2[com.hit.srv.HttpServletRequest,com.hit.srv.HttpServletResponse]",user,1
C:\Tender-Management-System-master\tendermanagement\src\com\hit\srv\AddNoticeSrv.java,com.hit.srv.AddNoticeSrv,"doGet/2[com.hit.srv.HttpServletRequest,com.hit.srv.HttpServletResponse]",noticeTitle,1
C:\Tender-Management-System-master\tendermanagement\src\com\hit\srv\AddNoticeSrv.java,com.hit.srv.AddNoticeSrv,"doGet/2[com.hit.srv.HttpServletRequest,com.hit.srv.HttpServletResponse]",status,1
C:\Tender-Management-System-master\tendermanagement\src\com\hit\srv\AddNoticeSrv.java,com.hit.srv.AddNoticeSrv,"doPost/2[com.hit.srv.HttpServletRequest,com.hit.srv.HttpServletResponse]",request,1
C:\Tender-Management-System-master\tendermanagement\src\com\hit\srv\AddNoticeSrv.java,com.hit.srv.AddNoticeSrv,"doPost/2[com.hit.srv.HttpServletRequest,com.hit.srv.HttpServletResponse]",response,1
C:\Tender-Management-System-master\tendermanagement\src\com\hit\srv\LoginSrv.java,com.hit.srv.LoginSrv,"doPost/2[com.hit.srv.HttpServletRequest,com.hit.srv.HttpServletResponse]",request,16
C:\Tender-Management-System-master\tendermanagement\src\com\hit\srv\LoginSrv.java,com.hit.srv.LoginSrv,"doPost/2[com.hit.srv.HttpServletRequest,com.hit.srv.HttpServletResponse]",rs,8
C:\Tender-Management-System-master\tendermanagement\src\com\hit\srv\LoginSrv.java,com.hit.srv.LoginSrv,"doPost/2[com.hit.srv.HttpServletRequest,com.hit.srv.HttpServletResponse]",mob,3
C:\Tender-Management-System-master\tendermanagement\src\com\hit\srv\LoginSrv.java,com.hit.srv.LoginSrv,"doPost/2[com.hit.srv.HttpServletRequest,com.hit.srv.HttpServletResponse]",conn,2
C:\Tender-Management-System-master\tendermanagement\src\com\hit\srv\LoginSrv.java,com.hit.srv.LoginSrv,"doPost/2[com.hit.srv.HttpServletRequest,com.hit.srv.HttpServletResponse]",ps,5
C:\Tender-Management-System-master\tendermanagement\src\com\hit\srv\LoginSrv.java,com.hit.srv.LoginSrv,"doPost/2[com.hit.srv.HttpServletRequest,com.hit.srv.HttpServletResponse]",uname,7
C:\Tender-Management-System-master\tendermanagement\src\com\hit\srv\LoginSrv.java,com.hit.srv.LoginSrv,"doPost/2[com.hit.srv.HttpServletRequest,com.hit.srv.HttpServletResponse]",pass,3
C:\Tender-Management-System-master\tendermanagement\src\com\hit\srv\LoginSrv.java,com.hit.srv.LoginSrv,"doPost/2[com.hit.srv.HttpServletRequest,com.hit.srv.HttpServletResponse]",e,1
C:\Tender-Management-System-master\tendermanagement\src\com\hit\srv\LoginSrv.java,com.hit.srv.LoginSrv,"doPost/2[com.hit.srv.HttpServletRequest,com.hit.srv.HttpServletResponse]",session,13
C:\Tender-Management-System-master\tendermanagement\src\com\hit\srv\LoginSrv.java,com.hit.srv.LoginSrv,"doPost/2[com.hit.srv.HttpServletRequest,com.hit.srv.HttpServletResponse]",pw,3
C:\Tender-Management-System-master\tendermanagement\src\com\hit\srv\LoginSrv.java,com.hit.srv.LoginSrv,"doPost/2[com.hit.srv.HttpServletRequest,com.hit.srv.HttpServletResponse]",cname,3
C:\Tender-Management-System-master\tendermanagement\src\com\hit\srv\LoginSrv.java,com.hit.srv.LoginSrv,"doPost/2[com.hit.srv.HttpServletRequest,com.hit.srv.HttpServletResponse]",vaddr,3
C:\Tender-Management-System-master\tendermanagement\src\com\hit\srv\LoginSrv.java,com.hit.srv.LoginSrv,"doPost/2[com.hit.srv.HttpServletRequest,com.hit.srv.HttpServletResponse]",pst,5
C:\Tender-Management-System-master\tendermanagement\src\com\hit\srv\LoginSrv.java,com.hit.srv.LoginSrv,"doPost/2[com.hit.srv.HttpServletRequest,com.hit.srv.HttpServletResponse]",vid,3
C:\Tender-Management-System-master\tendermanagement\src\com\hit\srv\LoginSrv.java,com.hit.srv.LoginSrv,"doPost/2[com.hit.srv.HttpServletRequest,com.hit.srv.HttpServletResponse]",rs1,9
C:\Tender-Management-System-master\tendermanagement\src\com\hit\srv\LoginSrv.java,com.hit.srv.LoginSrv,"doPost/2[com.hit.srv.HttpServletRequest,com.hit.srv.HttpServletResponse]",rd,9
C:\Tender-Management-System-master\tendermanagement\src\com\hit\srv\LoginSrv.java,com.hit.srv.LoginSrv,"doPost/2[com.hit.srv.HttpServletRequest,com.hit.srv.HttpServletResponse]",vname,3
C:\Tender-Management-System-master\tendermanagement\src\com\hit\srv\LoginSrv.java,com.hit.srv.LoginSrv,"doPost/2[com.hit.srv.HttpServletRequest,com.hit.srv.HttpServletResponse]",response,8
C:\Tender-Management-System-master\tendermanagement\src\com\hit\srv\LoginSrv.java,com.hit.srv.LoginSrv,"doPost/2[com.hit.srv.HttpServletRequest,com.hit.srv.HttpServletResponse]",vendor,3
C:\Tender-Management-System-master\tendermanagement\src\com\hit\srv\LoginSrv.java,com.hit.srv.LoginSrv,"doPost/2[com.hit.srv.HttpServletRequest,com.hit.srv.HttpServletResponse]",pword,8
C:\Tender-Management-System-master\tendermanagement\src\com\hit\srv\LoginSrv.java,com.hit.srv.LoginSrv,"doPost/2[com.hit.srv.HttpServletRequest,com.hit.srv.HttpServletResponse]",vemail,3
C:\Tender-Management-System-master\tendermanagement\src\com\hit\srv\LoginSrv.java,com.hit.srv.LoginSrv,"doPost/2[com.hit.srv.HttpServletRequest,com.hit.srv.HttpServletResponse]",user,2
C:\Tender-Management-System-master\tendermanagement\src\com\hit\srv\LoginSrv.java,com.hit.srv.LoginSrv,"doGet/2[com.hit.srv.HttpServletRequest,com.hit.srv.HttpServletResponse]",request,1
C:\Tender-Management-System-master\tendermanagement\src\com\hit\srv\LoginSrv.java,com.hit.srv.LoginSrv,"doGet/2[com.hit.srv.HttpServletRequest,com.hit.srv.HttpServletResponse]",response,1
C:\Tender-Management-System-master\tendermanagement\src\com\hit\dao\BidderDao.java,com.hit.dao.BidderDao,"bidTender/4[java.lang.String,java.lang.String,java.lang.String,java.lang.String]",vendorId,0
C:\Tender-Management-System-master\tendermanagement\src\com\hit\dao\BidderDao.java,com.hit.dao.BidderDao,"bidTender/4[java.lang.String,java.lang.String,java.lang.String,java.lang.String]",bidAmount,0
C:\Tender-Management-System-master\tendermanagement\src\com\hit\dao\BidderDao.java,com.hit.dao.BidderDao,"bidTender/4[java.lang.String,java.lang.String,java.lang.String,java.lang.String]",tenderId,0
C:\Tender-Management-System-master\tendermanagement\src\com\hit\dao\BidderDao.java,com.hit.dao.BidderDao,"bidTender/4[java.lang.String,java.lang.String,java.lang.String,java.lang.String]",deadline,0
C:\Tender-Management-System-master\tendermanagement\src\com\hit\dao\BidderDao.java,com.hit.dao.BidderDao,"acceptBid/3[java.lang.String,java.lang.String,java.lang.String]",vendorId,0
C:\Tender-Management-System-master\tendermanagement\src\com\hit\dao\BidderDao.java,com.hit.dao.BidderDao,"acceptBid/3[java.lang.String,java.lang.String,java.lang.String]",applicationId,0
C:\Tender-Management-System-master\tendermanagement\src\com\hit\dao\BidderDao.java,com.hit.dao.BidderDao,"acceptBid/3[java.lang.String,java.lang.String,java.lang.String]",tenderId,0
C:\Tender-Management-System-master\tendermanagement\src\com\hit\dao\BidderDao.java,com.hit.dao.BidderDao,getAllBidsOfaTender/1[java.lang.String],tenderId,0
C:\Tender-Management-System-master\tendermanagement\src\com\hit\dao\BidderDao.java,com.hit.dao.BidderDao,rejectBid/1[java.lang.String],applicationId,0
C:\Tender-Management-System-master\tendermanagement\src\com\hit\dao\BidderDao.java,com.hit.dao.BidderDao,getAllBidsOfaVendor/1[java.lang.String],vendorId,0
C:\Tender-Management-System-master\tendermanagement\src\com\hit\dao\VendorDaoImpl.java,com.hit.dao.VendorDaoImpl,getVendorDataById/1[java.lang.String],rs,10
C:\Tender-Management-System-master\tendermanagement\src\com\hit\dao\VendorDaoImpl.java,com.hit.dao.VendorDaoImpl,getVendorDataById/1[java.lang.String],con,2
C:\Tender-Management-System-master\tendermanagement\src\com\hit\dao\VendorDaoImpl.java,com.hit.dao.VendorDaoImpl,getVendorDataById/1[java.lang.String],ps,4
C:\Tender-Management-System-master\tendermanagement\src\com\hit\dao\VendorDaoImpl.java,com.hit.dao.VendorDaoImpl,getVendorDataById/1[java.lang.String],e,1
C:\Tender-Management-System-master\tendermanagement\src\com\hit\dao\VendorDaoImpl.java,com.hit.dao.VendorDaoImpl,getVendorDataById/1[java.lang.String],vendor,2
C:\Tender-Management-System-master\tendermanagement\src\com\hit\dao\VendorDaoImpl.java,com.hit.dao.VendorDaoImpl,getVendorDataById/1[java.lang.String],vendorId,1
C:\Tender-Management-System-master\tendermanagement\src\com\hit\dao\VendorDaoImpl.java,com.hit.dao.VendorDaoImpl,getAllVendors/0,rs,10
C:\Tender-Management-System-master\tendermanagement\src\com\hit\dao\VendorDaoImpl.java,com.hit.dao.VendorDaoImpl,getAllVendors/0,con,2
C:\Tender-Management-System-master\tendermanagement\src\com\hit\dao\VendorDaoImpl.java,com.hit.dao.VendorDaoImpl,getAllVendors/0,ps,3
C:\Tender-Management-System-master\tendermanagement\src\com\hit\dao\VendorDaoImpl.java,com.hit.dao.VendorDaoImpl,getAllVendors/0,e,1
C:\Tender-Management-System-master\tendermanagement\src\com\hit\dao\VendorDaoImpl.java,com.hit.dao.VendorDaoImpl,getAllVendors/0,vendor,1
C:\Tender-Management-System-master\tendermanagement\src\com\hit\dao\VendorDaoImpl.java,com.hit.dao.VendorDaoImpl,getAllVendors/0,vendorList,2
C:\Tender-Management-System-master\tendermanagement\src\com\hit\dao\VendorDaoImpl.java,com.hit.dao.VendorDaoImpl,"changePassword/3[java.lang.String,java.lang.String,java.lang.String]",dao,1
C:\Tender-Management-System-master\tendermanagement\src\com\hit\dao\VendorDaoImpl.java,com.hit.dao.VendorDaoImpl,"changePassword/3[java.lang.String,java.lang.String,java.lang.String]",con,2
C:\Tender-Management-System-master\tendermanagement\src\com\hit\dao\VendorDaoImpl.java,com.hit.dao.VendorDaoImpl,"changePassword/3[java.lang.String,java.lang.String,java.lang.String]",ps,5
C:\Tender-Management-System-master\tendermanagement\src\com\hit\dao\VendorDaoImpl.java,com.hit.dao.VendorDaoImpl,"changePassword/3[java.lang.String,java.lang.String,java.lang.String]",e,2
C:\Tender-Management-System-master\tendermanagement\src\com\hit\dao\VendorDaoImpl.java,com.hit.dao.VendorDaoImpl,"changePassword/3[java.lang.String,java.lang.String,java.lang.String]",oldPassword,1
C:\Tender-Management-System-master\tendermanagement\src\com\hit\dao\VendorDaoImpl.java,com.hit.dao.VendorDaoImpl,"changePassword/3[java.lang.String,java.lang.String,java.lang.String]",x,1
C:\Tender-Management-System-master\tendermanagement\src\com\hit\dao\VendorDaoImpl.java,com.hit.dao.VendorDaoImpl,"changePassword/3[java.lang.String,java.lang.String,java.lang.String]",vendorId,2
C:\Tender-Management-System-master\tendermanagement\src\com\hit\dao\VendorDaoImpl.java,com.hit.dao.VendorDaoImpl,"changePassword/3[java.lang.String,java.lang.String,java.lang.String]",newPassword,1
C:\Tender-Management-System-master\tendermanagement\src\com\hit\dao\VendorDaoImpl.java,com.hit.dao.VendorDaoImpl,"changePassword/3[java.lang.String,java.lang.String,java.lang.String]",status,7
C:\Tender-Management-System-master\tendermanagement\src\com\hit\dao\VendorDaoImpl.java,com.hit.dao.VendorDaoImpl,"validatePassword/2[java.lang.String,java.lang.String]",vid,1
C:\Tender-Management-System-master\tendermanagement\src\com\hit\dao\VendorDaoImpl.java,com.hit.dao.VendorDaoImpl,"validatePassword/2[java.lang.String,java.lang.String]",pst,5
C:\Tender-Management-System-master\tendermanagement\src\com\hit\dao\VendorDaoImpl.java,com.hit.dao.VendorDaoImpl,"validatePassword/2[java.lang.String,java.lang.String]",rs,3
C:\Tender-Management-System-master\tendermanagement\src\com\hit\dao\VendorDaoImpl.java,com.hit.dao.VendorDaoImpl,"validatePassword/2[java.lang.String,java.lang.String]",password,1
C:\Tender-Management-System-master\tendermanagement\src\com\hit\dao\VendorDaoImpl.java,com.hit.dao.VendorDaoImpl,"validatePassword/2[java.lang.String,java.lang.String]",conn,2
C:\Tender-Management-System-master\tendermanagement\src\com\hit\dao\VendorDaoImpl.java,com.hit.dao.VendorDaoImpl,"validatePassword/2[java.lang.String,java.lang.String]",flag,2
C:\Tender-Management-System-master\tendermanagement\src\com\hit\dao\VendorDaoImpl.java,com.hit.dao.VendorDaoImpl,"validatePassword/2[java.lang.String,java.lang.String]",e,1
C:\Tender-Management-System-master\tendermanagement\src\com\hit\dao\VendorDaoImpl.java,com.hit.dao.VendorDaoImpl,registerVendor/1[com.hit.beans.VendorBean],pst,4
C:\Tender-Management-System-master\tendermanagement\src\com\hit\dao\VendorDaoImpl.java,com.hit.dao.VendorDaoImpl,registerVendor/1[com.hit.beans.VendorBean],rs,1
C:\Tender-Management-System-master\tendermanagement\src\com\hit\dao\VendorDaoImpl.java,com.hit.dao.VendorDaoImpl,registerVendor/1[com.hit.beans.VendorBean],con,3
C:\Tender-Management-System-master\tendermanagement\src\com\hit\dao\VendorDaoImpl.java,com.hit.dao.VendorDaoImpl,registerVendor/1[com.hit.beans.VendorBean],ps,10
C:\Tender-Management-System-master\tendermanagement\src\com\hit\dao\VendorDaoImpl.java,com.hit.dao.VendorDaoImpl,registerVendor/1[com.hit.beans.VendorBean],e,6
C:\Tender-Management-System-master\tendermanagement\src\com\hit\dao\VendorDaoImpl.java,com.hit.dao.VendorDaoImpl,registerVendor/1[com.hit.beans.VendorBean],vendor,9
C:\Tender-Management-System-master\tendermanagement\src\com\hit\dao\VendorDaoImpl.java,com.hit.dao.VendorDaoImpl,registerVendor/1[com.hit.beans.VendorBean],k,1
C:\Tender-Management-System-master\tendermanagement\src\com\hit\dao\VendorDaoImpl.java,com.hit.dao.VendorDaoImpl,registerVendor/1[com.hit.beans.VendorBean],status,5
C:\Tender-Management-System-master\tendermanagement\src\com\hit\dao\VendorDaoImpl.java,com.hit.dao.VendorDaoImpl,updateProfile/1[com.hit.beans.VendorBean],password,1
C:\Tender-Management-System-master\tendermanagement\src\com\hit\dao\VendorDaoImpl.java,com.hit.dao.VendorDaoImpl,updateProfile/1[com.hit.beans.VendorBean],dao,1
C:\Tender-Management-System-master\tendermanagement\src\com\hit\dao\VendorDaoImpl.java,com.hit.dao.VendorDaoImpl,updateProfile/1[com.hit.beans.VendorBean],con,2
C:\Tender-Management-System-master\tendermanagement\src\com\hit\dao\VendorDaoImpl.java,com.hit.dao.VendorDaoImpl,updateProfile/1[com.hit.beans.VendorBean],ps,9
C:\Tender-Management-System-master\tendermanagement\src\com\hit\dao\VendorDaoImpl.java,com.hit.dao.VendorDaoImpl,updateProfile/1[com.hit.beans.VendorBean],e,2
C:\Tender-Management-System-master\tendermanagement\src\com\hit\dao\VendorDaoImpl.java,com.hit.dao.VendorDaoImpl,updateProfile/1[com.hit.beans.VendorBean],vendor,8
C:\Tender-Management-System-master\tendermanagement\src\com\hit\dao\VendorDaoImpl.java,com.hit.dao.VendorDaoImpl,updateProfile/1[com.hit.beans.VendorBean],x,1
C:\Tender-Management-System-master\tendermanagement\src\com\hit\dao\VendorDaoImpl.java,com.hit.dao.VendorDaoImpl,updateProfile/1[com.hit.beans.VendorBean],vendorId,1
C:\Tender-Management-System-master\tendermanagement\src\com\hit\dao\VendorDaoImpl.java,com.hit.dao.VendorDaoImpl,updateProfile/1[com.hit.beans.VendorBean],status,6
C:\Tender-Management-System-master\tendermanagement\src\com\hit\beans\TenderBean.java,com.hit.beans.TenderBean,setName/1[java.lang.String],name,2
C:\Tender-Management-System-master\tendermanagement\src\com\hit\beans\TenderBean.java,com.hit.beans.TenderBean,setDesc/1[java.lang.String],desc,2
C:\Tender-Management-System-master\tendermanagement\src\com\hit\beans\TenderBean.java,com.hit.beans.TenderBean,setPrice/1[int],price,2
C:\Tender-Management-System-master\tendermanagement\src\com\hit\beans\TenderBean.java,com.hit.beans.TenderBean,setDeadline/1[java.util.Date],deadline,2
C:\Tender-Management-System-master\tendermanagement\src\com\hit\beans\TenderBean.java,com.hit.beans.TenderBean,setId/1[java.lang.String],id,2
C:\Tender-Management-System-master\tendermanagement\src\com\hit\beans\TenderBean.java,com.hit.beans.TenderBean,setLocation/1[java.lang.String],location,2
C:\Tender-Management-System-master\tendermanagement\src\com\hit\beans\TenderBean.java,com.hit.beans.TenderBean,setType/1[java.lang.String],type,2
C:\Tender-Management-System-master\tendermanagement\src\com\hit\beans\TenderBean.java,com.hit.beans.TenderBean,"TenderBean/7[java.lang.String,java.lang.String,java.lang.String,int,java.lang.String,java.lang.String,java.lang.String]",sdf,1
C:\Tender-Management-System-master\tendermanagement\src\com\hit\beans\TenderBean.java,com.hit.beans.TenderBean,"TenderBean/7[java.lang.String,java.lang.String,java.lang.String,int,java.lang.String,java.lang.String,java.lang.String]",e,1
C:\Tender-Management-System-master\tendermanagement\src\com\hit\beans\TenderBean.java,com.hit.beans.TenderBean,"TenderBean/7[java.lang.String,java.lang.String,java.lang.String,int,java.lang.String,java.lang.String,java.lang.String]",price,2
C:\Tender-Management-System-master\tendermanagement\src\com\hit\beans\TenderBean.java,com.hit.beans.TenderBean,"TenderBean/7[java.lang.String,java.lang.String,java.lang.String,int,java.lang.String,java.lang.String,java.lang.String]",name,2
C:\Tender-Management-System-master\tendermanagement\src\com\hit\beans\TenderBean.java,com.hit.beans.TenderBean,"TenderBean/7[java.lang.String,java.lang.String,java.lang.String,int,java.lang.String,java.lang.String,java.lang.String]",location,2
C:\Tender-Management-System-master\tendermanagement\src\com\hit\beans\TenderBean.java,com.hit.beans.TenderBean,"TenderBean/7[java.lang.String,java.lang.String,java.lang.String,int,java.lang.String,java.lang.String,java.lang.String]",id,2
C:\Tender-Management-System-master\tendermanagement\src\com\hit\beans\TenderBean.java,com.hit.beans.TenderBean,"TenderBean/7[java.lang.String,java.lang.String,java.lang.String,int,java.lang.String,java.lang.String,java.lang.String]",type,2
C:\Tender-Management-System-master\tendermanagement\src\com\hit\beans\TenderBean.java,com.hit.beans.TenderBean,"TenderBean/7[java.lang.String,java.lang.String,java.lang.String,int,java.lang.String,java.lang.String,java.lang.String]",deadline,3
C:\Tender-Management-System-master\tendermanagement\src\com\hit\beans\TenderBean.java,com.hit.beans.TenderBean,"TenderBean/7[java.lang.String,java.lang.String,java.lang.String,int,java.lang.String,java.lang.String,java.lang.String]",stdeadline,1
C:\Tender-Management-System-master\tendermanagement\src\com\hit\beans\TenderBean.java,com.hit.beans.TenderBean,"TenderBean/7[java.lang.String,java.lang.String,java.lang.String,int,java.lang.String,java.lang.String,java.lang.String]",desc,2
C:\Tender-Management-System-master\tendermanagement\src\com\hit\dao\VendorDao.java,com.hit.dao.VendorDao,getVendorDataById/1[java.lang.String],vendorId,0
C:\Tender-Management-System-master\tendermanagement\src\com\hit\dao\VendorDao.java,com.hit.dao.VendorDao,"changePassword/3[java.lang.String,java.lang.String,java.lang.String]",oldPassword,0
C:\Tender-Management-System-master\tendermanagement\src\com\hit\dao\VendorDao.java,com.hit.dao.VendorDao,"changePassword/3[java.lang.String,java.lang.String,java.lang.String]",vendorId,0
C:\Tender-Management-System-master\tendermanagement\src\com\hit\dao\VendorDao.java,com.hit.dao.VendorDao,"changePassword/3[java.lang.String,java.lang.String,java.lang.String]",newPassword,0
C:\Tender-Management-System-master\tendermanagement\src\com\hit\dao\VendorDao.java,com.hit.dao.VendorDao,registerVendor/1[com.hit.beans.VendorBean],vendor,0
C:\Tender-Management-System-master\tendermanagement\src\com\hit\dao\VendorDao.java,com.hit.dao.VendorDao,"validatePassword/2[java.lang.String,java.lang.String]",password,0
C:\Tender-Management-System-master\tendermanagement\src\com\hit\dao\VendorDao.java,com.hit.dao.VendorDao,"validatePassword/2[java.lang.String,java.lang.String]",vendorId,0
C:\Tender-Management-System-master\tendermanagement\src\com\hit\dao\VendorDao.java,com.hit.dao.VendorDao,updateProfile/1[com.hit.beans.VendorBean],vendor,0
C:\Tender-Management-System-master\tendermanagement\src\com\hit\beans\BidderBean.java,com.hit.beans.BidderBean,setTenderId/1[java.lang.String],tenderId,2
C:\Tender-Management-System-master\tendermanagement\src\com\hit\beans\BidderBean.java,com.hit.beans.BidderBean,setVendorId/1[java.lang.String],vendorId,2
C:\Tender-Management-System-master\tendermanagement\src\com\hit\beans\BidderBean.java,com.hit.beans.BidderBean,"BidderBean/6[java.lang.String,java.lang.String,java.lang.String,java.lang.String,java.lang.String,java.lang.String]",bidStatus,2
C:\Tender-Management-System-master\tendermanagement\src\com\hit\beans\BidderBean.java,com.hit.beans.BidderBean,"BidderBean/6[java.lang.String,java.lang.String,java.lang.String,java.lang.String,java.lang.String,java.lang.String]",bidDeadline,2
C:\Tender-Management-System-master\tendermanagement\src\com\hit\beans\BidderBean.java,com.hit.beans.BidderBean,"BidderBean/6[java.lang.String,java.lang.String,java.lang.String,java.lang.String,java.lang.String,java.lang.String]",sdf,1
C:\Tender-Management-System-master\tendermanagement\src\com\hit\beans\BidderBean.java,com.hit.beans.BidderBean,"BidderBean/6[java.lang.String,java.lang.String,java.lang.String,java.lang.String,java.lang.String,java.lang.String]",e,1
C:\Tender-Management-System-master\tendermanagement\src\com\hit\beans\BidderBean.java,com.hit.beans.BidderBean,"BidderBean/6[java.lang.String,java.lang.String,java.lang.String,java.lang.String,java.lang.String,java.lang.String]",vendorId,2
C:\Tender-Management-System-master\tendermanagement\src\com\hit\beans\BidderBean.java,com.hit.beans.BidderBean,"BidderBean/6[java.lang.String,java.lang.String,java.lang.String,java.lang.String,java.lang.String,java.lang.String]",bidAmount,2
C:\Tender-Management-System-master\tendermanagement\src\com\hit\beans\BidderBean.java,com.hit.beans.BidderBean,"BidderBean/6[java.lang.String,java.lang.String,java.lang.String,java.lang.String,java.lang.String,java.lang.String]",tenderId,2
C:\Tender-Management-System-master\tendermanagement\src\com\hit\beans\BidderBean.java,com.hit.beans.BidderBean,"BidderBean/6[java.lang.String,java.lang.String,java.lang.String,java.lang.String,java.lang.String,java.lang.String]",udate,2
C:\Tender-Management-System-master\tendermanagement\src\com\hit\beans\BidderBean.java,com.hit.beans.BidderBean,"BidderBean/6[java.lang.String,java.lang.String,java.lang.String,java.lang.String,java.lang.String,java.lang.String]",bidId,2
C:\Tender-Management-System-master\tendermanagement\src\com\hit\beans\BidderBean.java,com.hit.beans.BidderBean,setBidStatus/1[java.lang.String],bidStatus,2
C:\Tender-Management-System-master\tendermanagement\src\com\hit\beans\BidderBean.java,com.hit.beans.BidderBean,setBidAmount/1[int],bidAmount,2
C:\Tender-Management-System-master\tendermanagement\src\com\hit\beans\BidderBean.java,com.hit.beans.BidderBean,"BidderBean/6[java.lang.String,java.lang.String,java.lang.String,int,java.util.Date,java.lang.String]",bidStatus,2
C:\Tender-Management-System-master\tendermanagement\src\com\hit\beans\BidderBean.java,com.hit.beans.BidderBean,"BidderBean/6[java.lang.String,java.lang.String,java.lang.String,int,java.util.Date,java.lang.String]",bidDeadline,2
C:\Tender-Management-System-master\tendermanagement\src\com\hit\beans\BidderBean.java,com.hit.beans.BidderBean,"BidderBean/6[java.lang.String,java.lang.String,java.lang.String,int,java.util.Date,java.lang.String]",vendorId,2
C:\Tender-Management-System-master\tendermanagement\src\com\hit\beans\BidderBean.java,com.hit.beans.BidderBean,"BidderBean/6[java.lang.String,java.lang.String,java.lang.String,int,java.util.Date,java.lang.String]",bidAmount,2
C:\Tender-Management-System-master\tendermanagement\src\com\hit\beans\BidderBean.java,com.hit.beans.BidderBean,"BidderBean/6[java.lang.String,java.lang.String,java.lang.String,int,java.util.Date,java.lang.String]",tenderId,2
C:\Tender-Management-System-master\tendermanagement\src\com\hit\beans\BidderBean.java,com.hit.beans.BidderBean,"BidderBean/6[java.lang.String,java.lang.String,java.lang.String,int,java.util.Date,java.lang.String]",bidId,2
C:\Tender-Management-System-master\tendermanagement\src\com\hit\beans\BidderBean.java,com.hit.beans.BidderBean,setBidDeadline/1[java.sql.Date],bidDeadline,2
C:\Tender-Management-System-master\tendermanagement\src\com\hit\beans\BidderBean.java,com.hit.beans.BidderBean,setBidId/1[java.lang.String],bidId,2
C:\Tender-Management-System-master\tendermanagement\src\com\hit\srv\UpdateProfileSrv.java,com.hit.srv.UpdateProfileSrv,"doPost/2[com.hit.srv.HttpServletRequest,com.hit.srv.HttpServletResponse]",request,10
C:\Tender-Management-System-master\tendermanagement\src\com\hit\srv\UpdateProfileSrv.java,com.hit.srv.UpdateProfileSrv,"doPost/2[com.hit.srv.HttpServletRequest,com.hit.srv.HttpServletResponse]",uname,1
C:\Tender-Management-System-master\tendermanagement\src\com\hit\srv\UpdateProfileSrv.java,com.hit.srv.UpdateProfileSrv,"doPost/2[com.hit.srv.HttpServletRequest,com.hit.srv.HttpServletResponse]",session,5
C:\Tender-Management-System-master\tendermanagement\src\com\hit\srv\UpdateProfileSrv.java,com.hit.srv.UpdateProfileSrv,"doPost/2[com.hit.srv.HttpServletRequest,com.hit.srv.HttpServletResponse]",pw,2
C:\Tender-Management-System-master\tendermanagement\src\com\hit\srv\UpdateProfileSrv.java,com.hit.srv.UpdateProfileSrv,"doPost/2[com.hit.srv.HttpServletRequest,com.hit.srv.HttpServletResponse]",vaddr,1
C:\Tender-Management-System-master\tendermanagement\src\com\hit\srv\UpdateProfileSrv.java,com.hit.srv.UpdateProfileSrv,"doPost/2[com.hit.srv.HttpServletRequest,com.hit.srv.HttpServletResponse]",vid,1
C:\Tender-Management-System-master\tendermanagement\src\com\hit\srv\UpdateProfileSrv.java,com.hit.srv.UpdateProfileSrv,"doPost/2[com.hit.srv.HttpServletRequest,com.hit.srv.HttpServletResponse]",rd,1
C:\Tender-Management-System-master\tendermanagement\src\com\hit\srv\UpdateProfileSrv.java,com.hit.srv.UpdateProfileSrv,"doPost/2[com.hit.srv.HttpServletRequest,com.hit.srv.HttpServletResponse]",vname,1
C:\Tender-Management-System-master\tendermanagement\src\com\hit\srv\UpdateProfileSrv.java,com.hit.srv.UpdateProfileSrv,"doPost/2[com.hit.srv.HttpServletRequest,com.hit.srv.HttpServletResponse]",dao,1
C:\Tender-Management-System-master\tendermanagement\src\com\hit\srv\UpdateProfileSrv.java,com.hit.srv.UpdateProfileSrv,"doPost/2[com.hit.srv.HttpServletRequest,com.hit.srv.HttpServletResponse]",vpass,1
C:\Tender-Management-System-master\tendermanagement\src\com\hit\srv\UpdateProfileSrv.java,com.hit.srv.UpdateProfileSrv,"doPost/2[com.hit.srv.HttpServletRequest,com.hit.srv.HttpServletResponse]",response,3
C:\Tender-Management-System-master\tendermanagement\src\com\hit\srv\UpdateProfileSrv.java,com.hit.srv.UpdateProfileSrv,"doPost/2[com.hit.srv.HttpServletRequest,com.hit.srv.HttpServletResponse]",vcompany,1
C:\Tender-Management-System-master\tendermanagement\src\com\hit\srv\UpdateProfileSrv.java,com.hit.srv.UpdateProfileSrv,"doPost/2[com.hit.srv.HttpServletRequest,com.hit.srv.HttpServletResponse]",vendor,2
C:\Tender-Management-System-master\tendermanagement\src\com\hit\srv\UpdateProfileSrv.java,com.hit.srv.UpdateProfileSrv,"doPost/2[com.hit.srv.HttpServletRequest,com.hit.srv.HttpServletResponse]",pword,1
C:\Tender-Management-System-master\tendermanagement\src\com\hit\srv\UpdateProfileSrv.java,com.hit.srv.UpdateProfileSrv,"doPost/2[com.hit.srv.HttpServletRequest,com.hit.srv.HttpServletResponse]",vemail,1
C:\Tender-Management-System-master\tendermanagement\src\com\hit\srv\UpdateProfileSrv.java,com.hit.srv.UpdateProfileSrv,"doPost/2[com.hit.srv.HttpServletRequest,com.hit.srv.HttpServletResponse]",user,2
C:\Tender-Management-System-master\tendermanagement\src\com\hit\srv\UpdateProfileSrv.java,com.hit.srv.UpdateProfileSrv,"doPost/2[com.hit.srv.HttpServletRequest,com.hit.srv.HttpServletResponse]",vmob,1
C:\Tender-Management-System-master\tendermanagement\src\com\hit\srv\UpdateProfileSrv.java,com.hit.srv.UpdateProfileSrv,"doPost/2[com.hit.srv.HttpServletRequest,com.hit.srv.HttpServletResponse]",status,2
C:\Tender-Management-System-master\tendermanagement\src\com\hit\srv\UpdateProfileSrv.java,com.hit.srv.UpdateProfileSrv,"doGet/2[com.hit.srv.HttpServletRequest,com.hit.srv.HttpServletResponse]",request,1
C:\Tender-Management-System-master\tendermanagement\src\com\hit\srv\UpdateProfileSrv.java,com.hit.srv.UpdateProfileSrv,"doGet/2[com.hit.srv.HttpServletRequest,com.hit.srv.HttpServletResponse]",response,1
C:\Tender-Management-System-master\tendermanagement\src\com\hit\srv\RejectBidSrv.java,com.hit.srv.RejectBidSrv,"doGet/2[com.hit.srv.HttpServletRequest,com.hit.srv.HttpServletResponse]",request,4
C:\Tender-Management-System-master\tendermanagement\src\com\hit\srv\RejectBidSrv.java,com.hit.srv.RejectBidSrv,"doGet/2[com.hit.srv.HttpServletRequest,com.hit.srv.HttpServletResponse]",rd,1
C:\Tender-Management-System-master\tendermanagement\src\com\hit\srv\RejectBidSrv.java,com.hit.srv.RejectBidSrv,"doGet/2[com.hit.srv.HttpServletRequest,com.hit.srv.HttpServletResponse]",dao,1
C:\Tender-Management-System-master\tendermanagement\src\com\hit\srv\RejectBidSrv.java,com.hit.srv.RejectBidSrv,"doGet/2[com.hit.srv.HttpServletRequest,com.hit.srv.HttpServletResponse]",uname,1
C:\Tender-Management-System-master\tendermanagement\src\com\hit\srv\RejectBidSrv.java,com.hit.srv.RejectBidSrv,"doGet/2[com.hit.srv.HttpServletRequest,com.hit.srv.HttpServletResponse]",response,3
C:\Tender-Management-System-master\tendermanagement\src\com\hit\srv\RejectBidSrv.java,com.hit.srv.RejectBidSrv,"doGet/2[com.hit.srv.HttpServletRequest,com.hit.srv.HttpServletResponse]",session,3
C:\Tender-Management-System-master\tendermanagement\src\com\hit\srv\RejectBidSrv.java,com.hit.srv.RejectBidSrv,"doGet/2[com.hit.srv.HttpServletRequest,com.hit.srv.HttpServletResponse]",pw,2
C:\Tender-Management-System-master\tendermanagement\src\com\hit\srv\RejectBidSrv.java,com.hit.srv.RejectBidSrv,"doGet/2[com.hit.srv.HttpServletRequest,com.hit.srv.HttpServletResponse]",pword,1
C:\Tender-Management-System-master\tendermanagement\src\com\hit\srv\RejectBidSrv.java,com.hit.srv.RejectBidSrv,"doGet/2[com.hit.srv.HttpServletRequest,com.hit.srv.HttpServletResponse]",bidderId,1
C:\Tender-Management-System-master\tendermanagement\src\com\hit\srv\RejectBidSrv.java,com.hit.srv.RejectBidSrv,"doGet/2[com.hit.srv.HttpServletRequest,com.hit.srv.HttpServletResponse]",user,2
C:\Tender-Management-System-master\tendermanagement\src\com\hit\srv\RejectBidSrv.java,com.hit.srv.RejectBidSrv,"doGet/2[com.hit.srv.HttpServletRequest,com.hit.srv.HttpServletResponse]",status,1
C:\Tender-Management-System-master\tendermanagement\src\com\hit\srv\RejectBidSrv.java,com.hit.srv.RejectBidSrv,"doPost/2[com.hit.srv.HttpServletRequest,com.hit.srv.HttpServletResponse]",request,1
C:\Tender-Management-System-master\tendermanagement\src\com\hit\srv\RejectBidSrv.java,com.hit.srv.RejectBidSrv,"doPost/2[com.hit.srv.HttpServletRequest,com.hit.srv.HttpServletResponse]",response,1
C:\Tender-Management-System-master\tendermanagement\src\com\hit\dao\NoticeDaoImpl.java,com.hit.dao.NoticeDaoImpl,"addNotice/2[java.lang.String,java.lang.String]",con,2
C:\Tender-Management-System-master\tendermanagement\src\com\hit\dao\NoticeDaoImpl.java,com.hit.dao.NoticeDaoImpl,"addNotice/2[java.lang.String,java.lang.String]",ps,5
C:\Tender-Management-System-master\tendermanagement\src\com\hit\dao\NoticeDaoImpl.java,com.hit.dao.NoticeDaoImpl,"addNotice/2[java.lang.String,java.lang.String]",e,2
C:\Tender-Management-System-master\tendermanagement\src\com\hit\dao\NoticeDaoImpl.java,com.hit.dao.NoticeDaoImpl,"addNotice/2[java.lang.String,java.lang.String]",noticeDesc,1
C:\Tender-Management-System-master\tendermanagement\src\com\hit\dao\NoticeDaoImpl.java,com.hit.dao.NoticeDaoImpl,"addNotice/2[java.lang.String,java.lang.String]",k,1
C:\Tender-Management-System-master\tendermanagement\src\com\hit\dao\NoticeDaoImpl.java,com.hit.dao.NoticeDaoImpl,"addNotice/2[java.lang.String,java.lang.String]",noticeTitle,1
C:\Tender-Management-System-master\tendermanagement\src\com\hit\dao\NoticeDaoImpl.java,com.hit.dao.NoticeDaoImpl,"addNotice/2[java.lang.String,java.lang.String]",status,3
C:\Tender-Management-System-master\tendermanagement\src\com\hit\dao\NoticeDaoImpl.java,com.hit.dao.NoticeDaoImpl,viewAllNotice/0,rs,6
C:\Tender-Management-System-master\tendermanagement\src\com\hit\dao\NoticeDaoImpl.java,com.hit.dao.NoticeDaoImpl,viewAllNotice/0,noticeList,2
C:\Tender-Management-System-master\tendermanagement\src\com\hit\dao\NoticeDaoImpl.java,com.hit.dao.NoticeDaoImpl,viewAllNotice/0,con,2
C:\Tender-Management-System-master\tendermanagement\src\com\hit\dao\NoticeDaoImpl.java,com.hit.dao.NoticeDaoImpl,viewAllNotice/0,ps,3
C:\Tender-Management-System-master\tendermanagement\src\com\hit\dao\NoticeDaoImpl.java,com.hit.dao.NoticeDaoImpl,viewAllNotice/0,e,1
C:\Tender-Management-System-master\tendermanagement\src\com\hit\dao\NoticeDaoImpl.java,com.hit.dao.NoticeDaoImpl,viewAllNotice/0,notice,4
C:\Tender-Management-System-master\tendermanagement\src\com\hit\dao\NoticeDaoImpl.java,com.hit.dao.NoticeDaoImpl,updateNotice/1[com.hit.beans.NoticeBean],con,2
C:\Tender-Management-System-master\tendermanagement\src\com\hit\dao\NoticeDaoImpl.java,com.hit.dao.NoticeDaoImpl,updateNotice/1[com.hit.beans.NoticeBean],ps,6
C:\Tender-Management-System-master\tendermanagement\src\com\hit\dao\NoticeDaoImpl.java,com.hit.dao.NoticeDaoImpl,updateNotice/1[com.hit.beans.NoticeBean],e,2
C:\Tender-Management-System-master\tendermanagement\src\com\hit\dao\NoticeDaoImpl.java,com.hit.dao.NoticeDaoImpl,updateNotice/1[com.hit.beans.NoticeBean],x,1
C:\Tender-Management-System-master\tendermanagement\src\com\hit\dao\NoticeDaoImpl.java,com.hit.dao.NoticeDaoImpl,updateNotice/1[com.hit.beans.NoticeBean],notice,3
C:\Tender-Management-System-master\tendermanagement\src\com\hit\dao\NoticeDaoImpl.java,com.hit.dao.NoticeDaoImpl,updateNotice/1[com.hit.beans.NoticeBean],status,3
C:\Tender-Management-System-master\tendermanagement\src\com\hit\dao\NoticeDaoImpl.java,com.hit.dao.NoticeDaoImpl,removeNotice/1[int],con,2
C:\Tender-Management-System-master\tendermanagement\src\com\hit\dao\NoticeDaoImpl.java,com.hit.dao.NoticeDaoImpl,removeNotice/1[int],ps,4
C:\Tender-Management-System-master\tendermanagement\src\com\hit\dao\NoticeDaoImpl.java,com.hit.dao.NoticeDaoImpl,removeNotice/1[int],e,2
C:\Tender-Management-System-master\tendermanagement\src\com\hit\dao\NoticeDaoImpl.java,com.hit.dao.NoticeDaoImpl,removeNotice/1[int],x,1
C:\Tender-Management-System-master\tendermanagement\src\com\hit\dao\NoticeDaoImpl.java,com.hit.dao.NoticeDaoImpl,removeNotice/1[int],noticeId,2
C:\Tender-Management-System-master\tendermanagement\src\com\hit\dao\NoticeDaoImpl.java,com.hit.dao.NoticeDaoImpl,removeNotice/1[int],status,3
C:\Tender-Management-System-master\tendermanagement\src\com\hit\dao\NoticeDaoImpl.java,com.hit.dao.NoticeDaoImpl,getNoticeById/1[int],rs,4
C:\Tender-Management-System-master\tendermanagement\src\com\hit\dao\NoticeDaoImpl.java,com.hit.dao.NoticeDaoImpl,getNoticeById/1[int],con,1
C:\Tender-Management-System-master\tendermanagement\src\com\hit\dao\NoticeDaoImpl.java,com.hit.dao.NoticeDaoImpl,getNoticeById/1[int],ps,3
C:\Tender-Management-System-master\tendermanagement\src\com\hit\dao\NoticeDaoImpl.java,com.hit.dao.NoticeDaoImpl,getNoticeById/1[int],e,1
C:\Tender-Management-System-master\tendermanagement\src\com\hit\dao\NoticeDaoImpl.java,com.hit.dao.NoticeDaoImpl,getNoticeById/1[int],noticeId,2
C:\Tender-Management-System-master\tendermanagement\src\com\hit\dao\NoticeDaoImpl.java,com.hit.dao.NoticeDaoImpl,getNoticeById/1[int],notice,2
C:\Tender-Management-System-master\tendermanagement\src\com\hit\utility\DBUtil.java,com.hit.utility.DBUtil,closeConnection/1[java.sql.Connection],con,2
C:\Tender-Management-System-master\tendermanagement\src\com\hit\utility\DBUtil.java,com.hit.utility.DBUtil,closeConnection/1[java.sql.Connection],e,1
C:\Tender-Management-System-master\tendermanagement\src\com\hit\utility\DBUtil.java,com.hit.utility.DBUtil,closeConnection/1[java.sql.PreparedStatement],ps,2
C:\Tender-Management-System-master\tendermanagement\src\com\hit\utility\DBUtil.java,com.hit.utility.DBUtil,closeConnection/1[java.sql.PreparedStatement],e,1
C:\Tender-Management-System-master\tendermanagement\src\com\hit\utility\DBUtil.java,com.hit.utility.DBUtil,closeConnection/1[java.sql.ResultSet],rs,2
C:\Tender-Management-System-master\tendermanagement\src\com\hit\utility\DBUtil.java,com.hit.utility.DBUtil,closeConnection/1[java.sql.ResultSet],e,1
C:\Tender-Management-System-master\tendermanagement\src\com\hit\utility\DBUtil.java,com.hit.utility.DBUtil,provideConnection/0,rb,4
C:\Tender-Management-System-master\tendermanagement\src\com\hit\utility\DBUtil.java,com.hit.utility.DBUtil,provideConnection/0,cs,1
C:\Tender-Management-System-master\tendermanagement\src\com\hit\utility\DBUtil.java,com.hit.utility.DBUtil,provideConnection/0,password,1
C:\Tender-Management-System-master\tendermanagement\src\com\hit\utility\DBUtil.java,com.hit.utility.DBUtil,provideConnection/0,e,3
C:\Tender-Management-System-master\tendermanagement\src\com\hit\utility\DBUtil.java,com.hit.utility.DBUtil,provideConnection/0,username,1
C:\Tender-Management-System-master\tendermanagement\src\com\hit\utility\DBUtil.java,com.hit.utility.DBUtil,provideConnection/0,dbDriver,1
C:\Tender-Management-System-master\tendermanagement\src\com\hit\srv\BidTenderSrv.java,com.hit.srv.BidTenderSrv,"doGet/2[com.hit.srv.HttpServletRequest,com.hit.srv.HttpServletResponse]",request,1
C:\Tender-Management-System-master\tendermanagement\src\com\hit\srv\BidTenderSrv.java,com.hit.srv.BidTenderSrv,"doGet/2[com.hit.srv.HttpServletRequest,com.hit.srv.HttpServletResponse]",response,1
C:\Tender-Management-System-master\tendermanagement\src\com\hit\srv\BidTenderSrv.java,com.hit.srv.BidTenderSrv,"doPost/2[com.hit.srv.HttpServletRequest,com.hit.srv.HttpServletResponse]",request,7
C:\Tender-Management-System-master\tendermanagement\src\com\hit\srv\BidTenderSrv.java,com.hit.srv.BidTenderSrv,"doPost/2[com.hit.srv.HttpServletRequest,com.hit.srv.HttpServletResponse]",uname,1
C:\Tender-Management-System-master\tendermanagement\src\com\hit\srv\BidTenderSrv.java,com.hit.srv.BidTenderSrv,"doPost/2[com.hit.srv.HttpServletRequest,com.hit.srv.HttpServletResponse]",session,3
C:\Tender-Management-System-master\tendermanagement\src\com\hit\srv\BidTenderSrv.java,com.hit.srv.BidTenderSrv,"doPost/2[com.hit.srv.HttpServletRequest,com.hit.srv.HttpServletResponse]",pw,2
C:\Tender-Management-System-master\tendermanagement\src\com\hit\srv\BidTenderSrv.java,com.hit.srv.BidTenderSrv,"doPost/2[com.hit.srv.HttpServletRequest,com.hit.srv.HttpServletResponse]",bidAmount,1
C:\Tender-Management-System-master\tendermanagement\src\com\hit\srv\BidTenderSrv.java,com.hit.srv.BidTenderSrv,"doPost/2[com.hit.srv.HttpServletRequest,com.hit.srv.HttpServletResponse]",vendorId,1
C:\Tender-Management-System-master\tendermanagement\src\com\hit\srv\BidTenderSrv.java,com.hit.srv.BidTenderSrv,"doPost/2[com.hit.srv.HttpServletRequest,com.hit.srv.HttpServletResponse]",tenderId,1
C:\Tender-Management-System-master\tendermanagement\src\com\hit\srv\BidTenderSrv.java,com.hit.srv.BidTenderSrv,"doPost/2[com.hit.srv.HttpServletRequest,com.hit.srv.HttpServletResponse]",rd,1
C:\Tender-Management-System-master\tendermanagement\src\com\hit\srv\BidTenderSrv.java,com.hit.srv.BidTenderSrv,"doPost/2[com.hit.srv.HttpServletRequest,com.hit.srv.HttpServletResponse]",bidDeadline,1
C:\Tender-Management-System-master\tendermanagement\src\com\hit\srv\BidTenderSrv.java,com.hit.srv.BidTenderSrv,"doPost/2[com.hit.srv.HttpServletRequest,com.hit.srv.HttpServletResponse]",dao,1
C:\Tender-Management-System-master\tendermanagement\src\com\hit\srv\BidTenderSrv.java,com.hit.srv.BidTenderSrv,"doPost/2[com.hit.srv.HttpServletRequest,com.hit.srv.HttpServletResponse]",response,3
C:\Tender-Management-System-master\tendermanagement\src\com\hit\srv\BidTenderSrv.java,com.hit.srv.BidTenderSrv,"doPost/2[com.hit.srv.HttpServletRequest,com.hit.srv.HttpServletResponse]",pword,1
C:\Tender-Management-System-master\tendermanagement\src\com\hit\srv\BidTenderSrv.java,com.hit.srv.BidTenderSrv,"doPost/2[com.hit.srv.HttpServletRequest,com.hit.srv.HttpServletResponse]",user,2
C:\Tender-Management-System-master\tendermanagement\src\com\hit\srv\BidTenderSrv.java,com.hit.srv.BidTenderSrv,"doPost/2[com.hit.srv.HttpServletRequest,com.hit.srv.HttpServletResponse]",status,1
C:\Tender-Management-System-master\tendermanagement\src\com\hit\dao\TenderDao.java,com.hit.dao.TenderDao,createTender/1[com.hit.beans.TenderBean],tender,0
C:\Tender-Management-System-master\tendermanagement\src\com\hit\dao\TenderDao.java,com.hit.dao.TenderDao,removeTender/1[java.lang.String],tid,0
C:\Tender-Management-System-master\tendermanagement\src\com\hit\dao\TenderDao.java,com.hit.dao.TenderDao,getTenderDataById/1[java.lang.String],tenderId,0
C:\Tender-Management-System-master\tendermanagement\src\com\hit\dao\TenderDao.java,com.hit.dao.TenderDao,getTenderStatus/1[java.lang.String],tenderId,0
C:\Tender-Management-System-master\tendermanagement\src\com\hit\dao\TenderDao.java,com.hit.dao.TenderDao,"assignTender/3[java.lang.String,java.lang.String,java.lang.String]",vendorId,0
C:\Tender-Management-System-master\tendermanagement\src\com\hit\dao\TenderDao.java,com.hit.dao.TenderDao,"assignTender/3[java.lang.String,java.lang.String,java.lang.String]",bidderId,0
C:\Tender-Management-System-master\tendermanagement\src\com\hit\dao\TenderDao.java,com.hit.dao.TenderDao,"assignTender/3[java.lang.String,java.lang.String,java.lang.String]",tenderId,0
C:\Tender-Management-System-master\tendermanagement\src\com\hit\dao\TenderDao.java,com.hit.dao.TenderDao,getTenderDetails/1[java.lang.String],id,0
C:\Tender-Management-System-master\tendermanagement\src\com\hit\dao\TenderDao.java,com.hit.dao.TenderDao,updateTender/1[com.hit.beans.TenderBean],tender,0
C:\Tender-Management-System-master\tendermanagement\src\com\hit\srv\RegisterSrv.java,com.hit.srv.RegisterSrv,"doGet/2[com.hit.srv.HttpServletRequest,com.hit.srv.HttpServletResponse]",request,8
C:\Tender-Management-System-master\tendermanagement\src\com\hit\srv\RegisterSrv.java,com.hit.srv.RegisterSrv,"doGet/2[com.hit.srv.HttpServletRequest,com.hit.srv.HttpServletResponse]",pw,1
C:\Tender-Management-System-master\tendermanagement\src\com\hit\srv\RegisterSrv.java,com.hit.srv.RegisterSrv,"doGet/2[com.hit.srv.HttpServletRequest,com.hit.srv.HttpServletResponse]",cname,1
C:\Tender-Management-System-master\tendermanagement\src\com\hit\srv\RegisterSrv.java,com.hit.srv.RegisterSrv,"doGet/2[com.hit.srv.HttpServletRequest,com.hit.srv.HttpServletResponse]",vaddr,1
C:\Tender-Management-System-master\tendermanagement\src\com\hit\srv\RegisterSrv.java,com.hit.srv.RegisterSrv,"doGet/2[com.hit.srv.HttpServletRequest,com.hit.srv.HttpServletResponse]",vid,1
C:\Tender-Management-System-master\tendermanagement\src\com\hit\srv\RegisterSrv.java,com.hit.srv.RegisterSrv,"doGet/2[com.hit.srv.HttpServletRequest,com.hit.srv.HttpServletResponse]",rd,1
C:\Tender-Management-System-master\tendermanagement\src\com\hit\srv\RegisterSrv.java,com.hit.srv.RegisterSrv,"doGet/2[com.hit.srv.HttpServletRequest,com.hit.srv.HttpServletResponse]",vname,1
C:\Tender-Management-System-master\tendermanagement\src\com\hit\srv\RegisterSrv.java,com.hit.srv.RegisterSrv,"doGet/2[com.hit.srv.HttpServletRequest,com.hit.srv.HttpServletResponse]",dao,1
C:\Tender-Management-System-master\tendermanagement\src\com\hit\srv\RegisterSrv.java,com.hit.srv.RegisterSrv,"doGet/2[com.hit.srv.HttpServletRequest,com.hit.srv.HttpServletResponse]",vpass,1
C:\Tender-Management-System-master\tendermanagement\src\com\hit\srv\RegisterSrv.java,com.hit.srv.RegisterSrv,"doGet/2[com.hit.srv.HttpServletRequest,com.hit.srv.HttpServletResponse]",response,2
C:\Tender-Management-System-master\tendermanagement\src\com\hit\srv\RegisterSrv.java,com.hit.srv.RegisterSrv,"doGet/2[com.hit.srv.HttpServletRequest,com.hit.srv.HttpServletResponse]",vendor,1
C:\Tender-Management-System-master\tendermanagement\src\com\hit\srv\RegisterSrv.java,com.hit.srv.RegisterSrv,"doGet/2[com.hit.srv.HttpServletRequest,com.hit.srv.HttpServletResponse]",vemail,1
C:\Tender-Management-System-master\tendermanagement\src\com\hit\srv\RegisterSrv.java,com.hit.srv.RegisterSrv,"doGet/2[com.hit.srv.HttpServletRequest,com.hit.srv.HttpServletResponse]",vmob,1
C:\Tender-Management-System-master\tendermanagement\src\com\hit\srv\RegisterSrv.java,com.hit.srv.RegisterSrv,"doGet/2[com.hit.srv.HttpServletRequest,com.hit.srv.HttpServletResponse]",status,1
C:\Tender-Management-System-master\tendermanagement\src\com\hit\srv\RegisterSrv.java,com.hit.srv.RegisterSrv,"doPost/2[com.hit.srv.HttpServletRequest,com.hit.srv.HttpServletResponse]",request,1
C:\Tender-Management-System-master\tendermanagement\src\com\hit\srv\RegisterSrv.java,com.hit.srv.RegisterSrv,"doPost/2[com.hit.srv.HttpServletRequest,com.hit.srv.HttpServletResponse]",response,1
C:\Tender-Management-System-master\tendermanagement\src\com\hit\srv\UpdateNoticeSrv.java,com.hit.srv.UpdateNoticeSrv,"doGet/2[com.hit.srv.HttpServletRequest,com.hit.srv.HttpServletResponse]",request,6
C:\Tender-Management-System-master\tendermanagement\src\com\hit\srv\UpdateNoticeSrv.java,com.hit.srv.UpdateNoticeSrv,"doGet/2[com.hit.srv.HttpServletRequest,com.hit.srv.HttpServletResponse]",uname,1
C:\Tender-Management-System-master\tendermanagement\src\com\hit\srv\UpdateNoticeSrv.java,com.hit.srv.UpdateNoticeSrv,"doGet/2[com.hit.srv.HttpServletRequest,com.hit.srv.HttpServletResponse]",session,3
C:\Tender-Management-System-master\tendermanagement\src\com\hit\srv\UpdateNoticeSrv.java,com.hit.srv.UpdateNoticeSrv,"doGet/2[com.hit.srv.HttpServletRequest,com.hit.srv.HttpServletResponse]",pw,2
C:\Tender-Management-System-master\tendermanagement\src\com\hit\srv\UpdateNoticeSrv.java,com.hit.srv.UpdateNoticeSrv,"doGet/2[com.hit.srv.HttpServletRequest,com.hit.srv.HttpServletResponse]",noticeId,1
C:\Tender-Management-System-master\tendermanagement\src\com\hit\srv\UpdateNoticeSrv.java,com.hit.srv.UpdateNoticeSrv,"doGet/2[com.hit.srv.HttpServletRequest,com.hit.srv.HttpServletResponse]",noticeTitle,1
C:\Tender-Management-System-master\tendermanagement\src\com\hit\srv\UpdateNoticeSrv.java,com.hit.srv.UpdateNoticeSrv,"doGet/2[com.hit.srv.HttpServletRequest,com.hit.srv.HttpServletResponse]",rd,1
C:\Tender-Management-System-master\tendermanagement\src\com\hit\srv\UpdateNoticeSrv.java,com.hit.srv.UpdateNoticeSrv,"doGet/2[com.hit.srv.HttpServletRequest,com.hit.srv.HttpServletResponse]",dao,1
C:\Tender-Management-System-master\tendermanagement\src\com\hit\srv\UpdateNoticeSrv.java,com.hit.srv.UpdateNoticeSrv,"doGet/2[com.hit.srv.HttpServletRequest,com.hit.srv.HttpServletResponse]",response,3
C:\Tender-Management-System-master\tendermanagement\src\com\hit\srv\UpdateNoticeSrv.java,com.hit.srv.UpdateNoticeSrv,"doGet/2[com.hit.srv.HttpServletRequest,com.hit.srv.HttpServletResponse]",pword,1
C:\Tender-Management-System-master\tendermanagement\src\com\hit\srv\UpdateNoticeSrv.java,com.hit.srv.UpdateNoticeSrv,"doGet/2[com.hit.srv.HttpServletRequest,com.hit.srv.HttpServletResponse]",noticeDesc,1
C:\Tender-Management-System-master\tendermanagement\src\com\hit\srv\UpdateNoticeSrv.java,com.hit.srv.UpdateNoticeSrv,"doGet/2[com.hit.srv.HttpServletRequest,com.hit.srv.HttpServletResponse]",user,2
C:\Tender-Management-System-master\tendermanagement\src\com\hit\srv\UpdateNoticeSrv.java,com.hit.srv.UpdateNoticeSrv,"doGet/2[com.hit.srv.HttpServletRequest,com.hit.srv.HttpServletResponse]",notice,1
C:\Tender-Management-System-master\tendermanagement\src\com\hit\srv\UpdateNoticeSrv.java,com.hit.srv.UpdateNoticeSrv,"doGet/2[com.hit.srv.HttpServletRequest,com.hit.srv.HttpServletResponse]",status,1
C:\Tender-Management-System-master\tendermanagement\src\com\hit\srv\UpdateNoticeSrv.java,com.hit.srv.UpdateNoticeSrv,"doPost/2[com.hit.srv.HttpServletRequest,com.hit.srv.HttpServletResponse]",request,1
C:\Tender-Management-System-master\tendermanagement\src\com\hit\srv\UpdateNoticeSrv.java,com.hit.srv.UpdateNoticeSrv,"doPost/2[com.hit.srv.HttpServletRequest,com.hit.srv.HttpServletResponse]",response,1
C:\Tender-Management-System-master\tendermanagement\src\com\hit\dao\NoticeDao.java,com.hit.dao.NoticeDao,removeNotice/1[int],noticeId,0
C:\Tender-Management-System-master\tendermanagement\src\com\hit\dao\NoticeDao.java,com.hit.dao.NoticeDao,getNoticeById/1[int],noticeId,0
C:\Tender-Management-System-master\tendermanagement\src\com\hit\dao\NoticeDao.java,com.hit.dao.NoticeDao,"addNotice/2[java.lang.String,java.lang.String]",noticeDesc,0
C:\Tender-Management-System-master\tendermanagement\src\com\hit\dao\NoticeDao.java,com.hit.dao.NoticeDao,"addNotice/2[java.lang.String,java.lang.String]",noticeTitle,0
C:\Tender-Management-System-master\tendermanagement\src\com\hit\dao\NoticeDao.java,com.hit.dao.NoticeDao,updateNotice/1[com.hit.beans.NoticeBean],notice,0
