file,class,method,variable,usage
C:\employee\src\main\java\com\houarizegai\employee\employee.java,com.houarizegai.employee.employee,repaintFont/0,inText,2
C:\employee\src\main\java\com\houarizegai\employee\employee.java,com.houarizegai.employee.employee,employee/0,btnPoint,1
C:\employee\src\main\java\com\houarizegai\employee\employee.java,com.houarizegai.employee.employee,employee/0,btnEqual,2
C:\employee\src\main\java\com\houarizegai\employee\employee.java,com.houarizegai.employee.employee,employee/0,btnDiv,1
C:\employee\src\main\java\com\houarizegai\employee\employee.java,com.houarizegai.employee.employee,employee/0,BUTTON_HEIGHT,1
C:\employee\src\main\java\com\houarizegai\employee\employee.java,com.houarizegai.employee.employee,employee/0,btnC,1
C:\employee\src\main\java\com\houarizegai\employee\employee.java,com.houarizegai.employee.employee,employee/0,comboTheme,1
C:\employee\src\main\java\com\houarizegai\employee\employee.java,com.houarizegai.employee.employee,employee/0,themeSwitchEventConsumer,1
C:\employee\src\main\java\com\houarizegai\employee\employee.java,com.houarizegai.employee.employee,employee/0,inText,100
C:\employee\src\main\java\com\houarizegai\employee\employee.java,com.houarizegai.employee.employee,employee/0,btnSub,1
C:\employee\src\main\java\com\houarizegai\employee\employee.java,com.houarizegai.employee.employee,employee/0,btnMod,1
C:\employee\src\main\java\com\houarizegai\employee\employee.java,com.houarizegai.employee.employee,employee/0,btnRoot,2
C:\employee\src\main\java\com\houarizegai\employee\employee.java,com.houarizegai.employee.employee,employee/0,btnMul,1
C:\employee\src\main\java\com\houarizegai\employee\employee.java,com.houarizegai.employee.employee,employee/0,btnLog,2
C:\employee\src\main\java\com\houarizegai\employee\employee.java,com.houarizegai.employee.employee,employee/0,calcTypeSwitchEventConsumer,1
C:\employee\src\main\java\com\houarizegai\employee\employee.java,com.houarizegai.employee.employee,employee/0,addWrite,31
C:\employee\src\main\java\com\houarizegai\employee\employee.java,com.houarizegai.employee.employee,employee/0,btnPower,3
C:\employee\src\main\java\com\houarizegai\employee\employee.java,com.houarizegai.employee.employee,employee/0,MARGIN_X,2
C:\employee\src\main\java\com\houarizegai\employee\employee.java,com.houarizegai.employee.employee,employee/0,val,44
C:\employee\src\main\java\com\houarizegai\employee\employee.java,com.houarizegai.employee.employee,employee/0,btnBack,1
C:\employee\src\main\java\com\houarizegai\employee\employee.java,com.houarizegai.employee.employee,employee/0,go,26
C:\employee\src\main\java\com\houarizegai\employee\employee.java,com.houarizegai.employee.employee,employee/0,WINDOW_HEIGHT,1
C:\employee\src\main\java\com\houarizegai\employee\employee.java,com.houarizegai.employee.employee,employee/0,BUTTON_WIDTH,1
C:\employee\src\main\java\com\houarizegai\employee\employee.java,com.houarizegai.employee.employee,employee/0,MARGIN_Y,6
C:\employee\src\main\java\com\houarizegai\employee\employee.java,com.houarizegai.employee.employee,employee/0,WINDOW_WIDTH,1
C:\employee\src\main\java\com\houarizegai\employee\employee.java,com.houarizegai.employee.employee,employee/0,comboCalcType,1
C:\employee\src\main\java\com\houarizegai\employee\employee.java,com.houarizegai.employee.employee,employee/0,opt,22
C:\employee\src\main\java\com\houarizegai\employee\employee.java,com.houarizegai.employee.employee,employee/0,btn8,1
C:\employee\src\main\java\com\houarizegai\employee\employee.java,com.houarizegai.employee.employee,employee/0,btn9,1
C:\employee\src\main\java\com\houarizegai\employee\employee.java,com.houarizegai.employee.employee,employee/0,btn6,1
C:\employee\src\main\java\com\houarizegai\employee\employee.java,com.houarizegai.employee.employee,employee/0,btn7,1
C:\employee\src\main\java\com\houarizegai\employee\employee.java,com.houarizegai.employee.employee,employee/0,btnAdd,1
C:\employee\src\main\java\com\houarizegai\employee\employee.java,com.houarizegai.employee.employee,employee/0,btn4,1
C:\employee\src\main\java\com\houarizegai\employee\employee.java,com.houarizegai.employee.employee,employee/0,btn5,1
C:\employee\src\main\java\com\houarizegai\employee\employee.java,com.houarizegai.employee.employee,employee/0,btn2,1
C:\employee\src\main\java\com\houarizegai\employee\employee.java,com.houarizegai.employee.employee,employee/0,btn3,1
C:\employee\src\main\java\com\houarizegai\employee\employee.java,com.houarizegai.employee.employee,employee/0,btn0,1
C:\employee\src\main\java\com\houarizegai\employee\employee.java,com.houarizegai.employee.employee,employee/0,window,8
C:\employee\src\main\java\com\houarizegai\employee\employee.java,com.houarizegai.employee.employee,employee/0,btn1,1
C:\employee\src\main\java\com\houarizegai\employee\employee.java,com.houarizegai.employee.employee,"initBtn/4[java.lang.String,int,int,java.awt.event.ActionListener]",BUTTON_HEIGHT,1
C:\employee\src\main\java\com\houarizegai\employee\employee.java,com.houarizegai.employee.employee,"initBtn/4[java.lang.String,int,int,java.awt.event.ActionListener]",window,1
C:\employee\src\main\java\com\houarizegai\employee\employee.java,com.houarizegai.employee.employee,"initBtn/4[java.lang.String,int,int,java.awt.event.ActionListener]",BUTTON_WIDTH,1
C:\employee\src\main\java\com\houarizegai\employee\employee.java,com.houarizegai.employee.employee,"initCombo/5[java.lang.String[],int,int,java.lang.String,java.util.function.Consumer]",window,1
C:\employee\src\main\java\com\houarizegai\employee\employee.java,com.houarizegai.employee.employee,"calc/3[double,java.lang.String,char]",inText,4
C:\employee\src\main\java\com\houarizegai\employee\employee.java,com.houarizegai.employee.employee,"calc/3[double,java.lang.String,char]",opt,2
