file,class,method,constructor,line,cbo,cboModified,fanin,fanout,wmc,rfc,loc,returnsQty,variablesQty,parametersQty,methodsInvokedQty,methodsInvokedLocalQty,methodsInvokedIndirectLocalQty,loopQty,comparisonsQty,tryCatchQty,parenthesizedExpsQty,stringLiteralsQty,numbersQty,assignmentsQty,mathOperationsQty,maxNestedBlocksQty,anonymousClassesQty,innerClassesQty,lambdasQty,uniqueWordsQty,modifiers,logStatementsQty,hasJavaDoc
C:\employee\src\main\java\com\houarizegai\employee\employee.java,com.houarizegai.employee.employee,repaintFont/0,FALSE,478,0,1,1,0,1,3,3,0,0,0,3,0,0,0,0,0,0,0,0,0,0,0,0,0,0,2,2,0,FALSE
C:\employee\src\main\java\com\houarizegai\employee\employee.java,com.houarizegai.employee.employee,main/1[java.lang.String[]],FALSE,623,1,1,0,1,1,0,3,0,0,1,0,0,0,0,0,0,0,0,0,0,0,0,0,0,0,3,9,0,FALSE
C:\employee\src\main\java\com\houarizegai\employee\employee.java,com.houarizegai.employee.employee,employee/0,TRUE,70,2,5,1,4,61,32,383,0,27,0,32,4,1,1,0,0,1,97,68,93,20,4,0,0,22,66,1,0,FALSE
C:\employee\src\main\java\com\houarizegai\employee\employee.java,com.houarizegai.employee.employee,"initBtn/4[java.lang.String,int,int,java.awt.event.ActionListener]",FALSE,444,0,1,1,0,1,6,10,1,1,4,6,0,0,0,0,0,0,1,1,1,0,0,0,0,0,11,2,0,FALSE
C:\employee\src\main\java\com\houarizegai\employee\employee.java,com.houarizegai.employee.employee,"initCombo/5[java.lang.String[],int,int,java.lang.String,java.util.function.Consumer]",FALSE,433,0,1,1,0,1,5,9,1,1,5,5,0,0,0,0,0,0,0,2,1,0,0,0,0,0,9,2,0,FALSE
C:\employee\src\main\java\com\houarizegai\employee\employee.java,com.houarizegai.employee.employee,"calc/3[double,java.lang.String,char]",FALSE,456,0,1,1,0,7,5,21,7,1,3,5,0,0,0,0,0,0,0,0,1,5,1,0,0,0,5,1,0,FALSE
