file,class,method,variable,usage
C:\employee\src\main\java\com\houarizegai\employee\employee.java,com.houarizegai.employee.employee,main/1[java.lang.String[]],args,0
C:\employee\src\main\java\com\houarizegai\employee\employee.java,com.houarizegai.employee.employee,employee/0,str,2
C:\employee\src\main\java\com\houarizegai\employee\employee.java,com.houarizegai.employee.employee,employee/0,str2,3
C:\employee\src\main\java\com\houarizegai\employee\employee.java,com.houarizegai.employee.employee,employee/0,x,23
C:\employee\src\main\java\com\houarizegai\employee\employee.java,com.houarizegai.employee.employee,employee/0,y,23
C:\employee\src\main\java\com\houarizegai\employee\employee.java,com.houarizegai.employee.employee,employee/0,i,3
C:\employee\src\main\java\com\houarizegai\employee\employee.java,com.houarizegai.employee.employee,employee/0,event,21
C:\employee\src\main\java\com\houarizegai\employee\employee.java,com.houarizegai.employee.employee,"initBtn/4[java.lang.String,int,int,java.awt.event.ActionListener]",x,1
C:\employee\src\main\java\com\houarizegai\employee\employee.java,com.houarizegai.employee.employee,"initBtn/4[java.lang.String,int,int,java.awt.event.ActionListener]",y,1
C:\employee\src\main\java\com\houarizegai\employee\employee.java,com.houarizegai.employee.employee,"initBtn/4[java.lang.String,int,int,java.awt.event.ActionListener]",label,1
C:\employee\src\main\java\com\houarizegai\employee\employee.java,com.houarizegai.employee.employee,"initBtn/4[java.lang.String,int,int,java.awt.event.ActionListener]",event,1
C:\employee\src\main\java\com\houarizegai\employee\employee.java,com.houarizegai.employee.employee,"initBtn/4[java.lang.String,int,int,java.awt.event.ActionListener]",btn,7
C:\employee\src\main\java\com\houarizegai\employee\employee.java,com.houarizegai.employee.employee,"initCombo/5[java.lang.String[],int,int,java.lang.String,java.util.function.Consumer]",x,1
C:\employee\src\main\java\com\houarizegai\employee\employee.java,com.houarizegai.employee.employee,"initCombo/5[java.lang.String[],int,int,java.lang.String,java.util.function.Consumer]",toolTip,1
C:\employee\src\main\java\com\houarizegai\employee\employee.java,com.houarizegai.employee.employee,"initCombo/5[java.lang.String[],int,int,java.lang.String,java.util.function.Consumer]",y,1
C:\employee\src\main\java\com\houarizegai\employee\employee.java,com.houarizegai.employee.employee,"initCombo/5[java.lang.String[],int,int,java.lang.String,java.util.function.Consumer]",consumerEvent,1
C:\employee\src\main\java\com\houarizegai\employee\employee.java,com.houarizegai.employee.employee,"initCombo/5[java.lang.String[],int,int,java.lang.String,java.util.function.Consumer]",combo,6
C:\employee\src\main\java\com\houarizegai\employee\employee.java,com.houarizegai.employee.employee,"initCombo/5[java.lang.String[],int,int,java.lang.String,java.util.function.Consumer]",items,1
C:\employee\src\main\java\com\houarizegai\employee\employee.java,com.houarizegai.employee.employee,"calc/3[double,java.lang.String,char]",input,1
C:\employee\src\main\java\com\houarizegai\employee\employee.java,com.houarizegai.employee.employee,"calc/3[double,java.lang.String,char]",opt,1
C:\employee\src\main\java\com\houarizegai\employee\employee.java,com.houarizegai.employee.employee,"calc/3[double,java.lang.String,char]",x,6
C:\employee\src\main\java\com\houarizegai\employee\employee.java,com.houarizegai.employee.employee,"calc/3[double,java.lang.String,char]",y,7
