file,class,type,cbo,cboModified,fanin,fanout,wmc,dit,noc,rfc,lcom,lcom*,tcc,lcc,totalMethodsQty,staticMethodsQty,publicMethodsQty,privateMethodsQty,protectedMethodsQty,defaultMethodsQty,visibleMethodsQty,abstractMethodsQty,finalMethodsQty,synchronizedMethodsQty,totalFieldsQty,staticFieldsQty,publicFieldsQty,privateFieldsQty,protectedFieldsQty,defaultFieldsQty,finalFieldsQty,synchronizedFieldsQty,nosi,loc,returnQty,loopQty,comparisonsQty,tryCatchQty,parenthesizedExpsQty,stringLiteralsQty,numbersQty,assignmentsQty,mathOperationsQty,variablesQty,maxNestedBlocksQty,anonymousClassesQty,innerClassesQty,lambdasQty,uniqueWordsQty,modifiers,logStatementsQty
C:\PlantsVsZombies-master\src\PlantButton.java,PlantButton,class,0,0,0,0,0,1,0,0,0,0.0,-1.0,-1.0,0,0,0,0,0,0,0,0,0,0,0,0,0,0,0,0,0,0,0,2,0,0,0,0,0,0,0,0,0,0,0,0,0,0,6,1,0
C:\PlantsVsZombies-master\src\Collider.java,Collider,class,1,4,3,1,13,5,0,6,37,0.75,0.044444446,0.044444446,10,0,10,0,0,0,10,0,0,0,2,0,1,1,0,0,0,0,0,35,1,0,1,0,2,1,4,3,2,2,1,0,0,0,34,1,0
C:\PlantsVsZombies-master\src\FreezePea.java,FreezePea,class,3,5,2,3,6,2,0,18,1,0.0,0.0,0.0,2,0,2,0,0,0,2,0,0,0,0,0,0,0,0,0,0,0,1,26,0,1,0,0,0,1,13,6,6,5,3,0,0,0,25,1,0
C:\PlantsVsZombies-master\src\GameWindow.java,GameWindow$PlantType,enum,0,0,0,0,0,1,0,0,0,0.0,-1.0,-1.0,0,0,0,0,0,0,0,0,0,0,0,0,0,0,0,0,0,0,0,1,0,0,0,0,0,0,0,0,0,0,0,0,0,0,5,0,0
C:\PlantsVsZombies-master\src\Zombie.java,Zombie,class,7,13,6,7,29,1,2,7,103,0.82539684,0.1633987,0.52287585,18,1,18,0,0,0,18,0,0,0,7,0,0,6,0,1,0,0,1,105,8,1,2,0,1,4,15,26,6,11,4,0,0,0,55,1,0
C:\PlantsVsZombies-master\src\GamePanel.java,GamePanel$PlantActionListener,innerclass,5,5,0,5,8,1,0,3,0,0.0,1.0,1.0,2,0,2,0,0,0,2,0,0,0,1,0,0,0,0,1,0,0,0,28,0,0,3,0,0,0,9,3,9,2,2,0,0,0,19,2,0
C:\PlantsVsZombies-master\src\Pea.java,Pea,class,2,5,3,2,10,1,1,12,0,0.44444445,0.73333335,1.0,6,0,6,0,0,0,6,0,0,0,3,0,0,2,1,0,0,0,1,42,2,1,0,0,0,1,13,12,5,8,3,0,0,0,29,1,0
C:\PlantsVsZombies-master\src\Sun.java,Sun,class,1,3,2,1,10,5,0,14,20,0.75,0.14285715,0.21428572,8,0,7,0,1,0,8,0,0,0,6,0,0,6,0,0,0,0,0,49,0,0,0,0,0,1,8,7,1,6,2,0,0,0,40,1,0
C:\PlantsVsZombies-master\src\PlantCard.java,PlantCard,class,0,1,1,0,9,5,0,5,24,0.75,0.071428575,0.071428575,8,0,7,0,1,0,8,0,0,0,2,0,0,2,0,0,0,0,0,29,0,0,1,0,0,1,5,2,1,2,1,0,0,0,30,1,0
C:\PlantsVsZombies-master\src\FreezePeashooter.java,FreezePeashooter,class,3,5,2,3,3,2,0,10,0,0.0,1.0,1.0,2,0,2,0,0,0,2,0,0,0,1,0,0,1,0,0,0,0,0,16,0,0,0,0,0,0,4,1,2,1,2,0,0,1,19,1,0
C:\PlantsVsZombies-master\src\GamePanel.java,GamePanel,class,17,30,13,17,39,5,0,43,91,0.878788,0.16176471,0.49264705,18,1,16,1,1,0,17,0,0,0,21,1,0,20,0,1,0,0,9,232,6,10,1,0,14,16,73,54,41,44,3,0,1,4,100,1,0
C:\PlantsVsZombies-master\src\GameWindow.java,GameWindow,class,4,8,4,4,4,6,0,16,0,0.25,0.16666667,0.16666667,4,2,4,0,0,0,4,0,0,0,1,1,0,0,0,1,0,0,0,56,0,0,0,0,0,4,24,8,0,7,1,0,1,3,49,1,0
C:\PlantsVsZombies-master\src\Plant.java,Plant,class,1,7,6,1,10,1,3,0,25,0.725,0.22222222,0.4888889,10,0,10,0,0,0,10,0,0,0,4,0,0,4,0,0,0,0,0,37,4,0,0,0,0,0,1,8,0,4,0,0,0,0,19,1025,0
C:\PlantsVsZombies-master\src\Menu.java,Menu$Anonymous1,anonymous,1,1,0,1,1,1,0,1,0,0.0,NaN,NaN,1,0,1,0,0,0,1,0,0,0,0,0,0,0,0,0,0,0,0,5,0,0,0,0,0,0,0,0,0,0,0,0,0,0,6,-1,0
C:\PlantsVsZombies-master\src\NormalZombie.java,NormalZombie,class,2,4,2,2,1,2,0,0,0,0.0,NaN,NaN,1,0,1,0,0,0,1,0,0,0,0,0,0,0,0,0,0,0,0,5,0,0,0,0,0,0,0,0,0,0,0,0,0,0,9,1,0
C:\PlantsVsZombies-master\src\Peashooter.java,Peashooter,class,3,5,2,3,3,2,0,10,0,0.0,1.0,1.0,2,0,2,0,0,0,2,0,0,0,1,0,1,0,0,0,0,0,0,16,0,0,0,0,0,0,4,1,2,1,2,0,0,1,18,1,0
C:\PlantsVsZombies-master\src\Menu.java,Menu,class,2,5,3,2,4,5,0,22,4,0.625,1.0,1.0,4,0,2,2,0,0,2,0,0,0,2,0,0,2,0,0,0,0,1,35,0,0,0,0,0,2,18,4,0,4,0,1,0,0,49,1,0
C:\PlantsVsZombies-master\src\LevelData.java,LevelData,class,2,4,2,2,5,1,0,7,0,0.6666667,1.0,1.0,2,1,2,0,0,0,2,0,0,0,3,3,3,0,0,0,0,0,1,34,0,0,0,2,0,8,6,11,0,8,2,0,0,0,30,1,0
C:\PlantsVsZombies-master\src\Sunflower.java,Sunflower,class,3,5,2,3,1,2,0,5,0,0.0,NaN,NaN,1,0,1,0,0,0,1,0,0,0,1,0,0,1,0,0,0,0,0,13,0,0,0,0,0,0,8,2,6,2,1,0,0,1,21,1,0
C:\PlantsVsZombies-master\src\ConeHeadZombie.java,ConeHeadZombie,class,2,4,2,2,1,2,0,1,0,0.0,NaN,NaN,1,0,1,0,0,0,1,0,0,0,0,0,0,0,0,0,0,0,0,6,0,0,0,0,0,0,1,0,0,0,0,0,0,0,12,1,0
