file,class,method,variable,usage
C:\PlantsVsZombies-master\src\Collider.java,Collider,removePlant/0,assignedPlant,2
C:\PlantsVsZombies-master\src\Collider.java,Collider,mouseReleased/1[java.awt.event.MouseEvent],al,2
C:\PlantsVsZombies-master\src\Collider.java,Collider,setPlant/1[Plant],assignedPlant,1
C:\PlantsVsZombies-master\src\Collider.java,Collider,setAction/1[java.awt.event.ActionListener],al,3
C:\PlantsVsZombies-master\src\Zombie.java,Zombie,getGp/0,gp,1
C:\PlantsVsZombies-master\src\Zombie.java,Zombie,setGp/1[GamePanel],gp,3
C:\PlantsVsZombies-master\src\Zombie.java,Zombie,setHealth/1[int],health,3
C:\PlantsVsZombies-master\src\Zombie.java,Zombie,setMoving/1[boolean],isMoving,1
C:\PlantsVsZombies-master\src\Zombie.java,Zombie,getMyLane/0,myLane,1
C:\PlantsVsZombies-master\src\Zombie.java,Zombie,getPosX/0,posX,1
C:\PlantsVsZombies-master\src\Zombie.java,Zombie,setMyLane/1[int],myLane,3
C:\PlantsVsZombies-master\src\Zombie.java,Zombie,setPosX/1[int],posX,3
C:\PlantsVsZombies-master\src\Zombie.java,Zombie,"Zombie/2[GamePanel,int]",myLane,1
C:\PlantsVsZombies-master\src\Zombie.java,Zombie,"Zombie/2[GamePanel,int]",gp,1
C:\PlantsVsZombies-master\src\Zombie.java,Zombie,getSpeed/0,speed,1
C:\PlantsVsZombies-master\src\Zombie.java,Zombie,setSpeed/1[int],speed,3
C:\PlantsVsZombies-master\src\Zombie.java,Zombie,slow/0,slowInt,1
C:\PlantsVsZombies-master\src\Zombie.java,Zombie,getHealth/0,health,1
C:\PlantsVsZombies-master\src\Zombie.java,Zombie,isMoving/0,isMoving,2
C:\PlantsVsZombies-master\src\Zombie.java,Zombie,setSlowInt/1[int],slowInt,3
C:\PlantsVsZombies-master\src\Zombie.java,Zombie,advance/0,posX,4
C:\PlantsVsZombies-master\src\Zombie.java,Zombie,advance/0,myLane,2
C:\PlantsVsZombies-master\src\Zombie.java,Zombie,advance/0,slowInt,3
C:\PlantsVsZombies-master\src\Zombie.java,Zombie,advance/0,isMoving,2
C:\PlantsVsZombies-master\src\Zombie.java,Zombie,advance/0,gp,4
C:\PlantsVsZombies-master\src\Zombie.java,Zombie,getSlowInt/0,slowInt,1
C:\PlantsVsZombies-master\src\GamePanel.java,GamePanel$PlantActionListener,"PlantActionListener/2[int,int]",x,3
C:\PlantsVsZombies-master\src\GamePanel.java,GamePanel$PlantActionListener,"PlantActionListener/2[int,int]",y,3
C:\PlantsVsZombies-master\src\GamePanel.java,GamePanel$PlantActionListener,actionPerformed/1[java.awt.event.ActionEvent],x,6
C:\PlantsVsZombies-master\src\GamePanel.java,GamePanel$PlantActionListener,actionPerformed/1[java.awt.event.ActionEvent],y,6
C:\PlantsVsZombies-master\src\Pea.java,Pea,setMyLane/1[int],myLane,3
C:\PlantsVsZombies-master\src\Pea.java,Pea,setPosX/1[int],posX,3
C:\PlantsVsZombies-master\src\Pea.java,Pea,"Pea/3[GamePanel,int,int]",posX,1
C:\PlantsVsZombies-master\src\Pea.java,Pea,"Pea/3[GamePanel,int,int]",myLane,1
C:\PlantsVsZombies-master\src\Pea.java,Pea,"Pea/3[GamePanel,int,int]",gp,1
C:\PlantsVsZombies-master\src\Pea.java,Pea,advance/0,posX,2
C:\PlantsVsZombies-master\src\Pea.java,Pea,advance/0,myLane,6
C:\PlantsVsZombies-master\src\Pea.java,Pea,advance/0,gp,4
C:\PlantsVsZombies-master\src\Pea.java,Pea,getMyLane/0,myLane,1
C:\PlantsVsZombies-master\src\Pea.java,Pea,getPosX/0,posX,1
C:\PlantsVsZombies-master\src\Sun.java,Sun,mouseReleased/1[java.awt.event.MouseEvent],gp,4
C:\PlantsVsZombies-master\src\Sun.java,Sun,paintComponent/1[java.awt.Graphics],sunImage,1
C:\PlantsVsZombies-master\src\Sun.java,Sun,advance/0,endY,1
C:\PlantsVsZombies-master\src\Sun.java,Sun,advance/0,destruct,2
C:\PlantsVsZombies-master\src\Sun.java,Sun,advance/0,gp,2
C:\PlantsVsZombies-master\src\Sun.java,Sun,advance/0,myY,3
C:\PlantsVsZombies-master\src\Sun.java,Sun,advance/0,myX,1
C:\PlantsVsZombies-master\src\Sun.java,Sun,"Sun/4[GamePanel,int,int,int]",endY,3
C:\PlantsVsZombies-master\src\Sun.java,Sun,"Sun/4[GamePanel,int,int,int]",sunImage,1
C:\PlantsVsZombies-master\src\Sun.java,Sun,"Sun/4[GamePanel,int,int,int]",gp,1
C:\PlantsVsZombies-master\src\Sun.java,Sun,"Sun/4[GamePanel,int,int,int]",myY,2
C:\PlantsVsZombies-master\src\Sun.java,Sun,"Sun/4[GamePanel,int,int,int]",myX,2
C:\PlantsVsZombies-master\src\PlantCard.java,PlantCard,paintComponent/1[java.awt.Graphics],img,1
C:\PlantsVsZombies-master\src\PlantCard.java,PlantCard,setAction/1[java.awt.event.ActionListener],al,3
C:\PlantsVsZombies-master\src\PlantCard.java,PlantCard,PlantCard/1[java.awt.Image],img,3
C:\PlantsVsZombies-master\src\PlantCard.java,PlantCard,mouseReleased/1[java.awt.event.MouseEvent],al,2
C:\PlantsVsZombies-master\src\FreezePeashooter.java,FreezePeashooter,"FreezePeashooter/3[GamePanel,int,int]",shootTimer,2
C:\PlantsVsZombies-master\src\FreezePeashooter.java,FreezePeashooter,stop/0,shootTimer,1
C:\PlantsVsZombies-master\src\GamePanel.java,GamePanel,mouseMoved/1[java.awt.event.MouseEvent],mouseX,1
C:\PlantsVsZombies-master\src\GamePanel.java,GamePanel,mouseMoved/1[java.awt.event.MouseEvent],mouseY,1
C:\PlantsVsZombies-master\src\GamePanel.java,GamePanel,getLaneZombies/0,laneZombies,1
C:\PlantsVsZombies-master\src\GamePanel.java,GamePanel,setActiveSuns/1[java.util.ArrayList<Sun>],activeSuns,3
C:\PlantsVsZombies-master\src\GamePanel.java,GamePanel,advance/0,lanePeas,2
C:\PlantsVsZombies-master\src\GamePanel.java,GamePanel,advance/0,laneZombies,1
C:\PlantsVsZombies-master\src\GamePanel.java,GamePanel,advance/0,activeSuns,2
C:\PlantsVsZombies-master\src\GamePanel.java,GamePanel,setActivePlantingBrush/1[GameWindow.PlantType],activePlantingBrush,3
C:\PlantsVsZombies-master\src\GamePanel.java,GamePanel,getLanePeas/0,lanePeas,1
C:\PlantsVsZombies-master\src\GamePanel.java,GamePanel,getActiveSuns/0,activeSuns,1
C:\PlantsVsZombies-master\src\GamePanel.java,GamePanel,GamePanel/1[javax.swing.JLabel],normalZombieImage,1
C:\PlantsVsZombies-master\src\GamePanel.java,GamePanel,GamePanel/1[javax.swing.JLabel],colliders,2
C:\PlantsVsZombies-master\src\GamePanel.java,GamePanel,GamePanel/1[javax.swing.JLabel],sunProducer,2
C:\PlantsVsZombies-master\src\GamePanel.java,GamePanel,GamePanel/1[javax.swing.JLabel],advancerTimer,2
C:\PlantsVsZombies-master\src\GamePanel.java,GamePanel,GamePanel/1[javax.swing.JLabel],peashooterImage,1
C:\PlantsVsZombies-master\src\GamePanel.java,GamePanel,GamePanel/1[javax.swing.JLabel],bgImage,1
C:\PlantsVsZombies-master\src\GamePanel.java,GamePanel,GamePanel/1[javax.swing.JLabel],zombieProducer,2
C:\PlantsVsZombies-master\src\GamePanel.java,GamePanel,GamePanel/1[javax.swing.JLabel],sunScoreboard,3
C:\PlantsVsZombies-master\src\GamePanel.java,GamePanel,GamePanel/1[javax.swing.JLabel],sunflowerImage,1
C:\PlantsVsZombies-master\src\GamePanel.java,GamePanel,GamePanel/1[javax.swing.JLabel],coneHeadZombieImage,1
C:\PlantsVsZombies-master\src\GamePanel.java,GamePanel,GamePanel/1[javax.swing.JLabel],lanePeas,6
C:\PlantsVsZombies-master\src\GamePanel.java,GamePanel,GamePanel/1[javax.swing.JLabel],laneZombies,7
C:\PlantsVsZombies-master\src\GamePanel.java,GamePanel,GamePanel/1[javax.swing.JLabel],peaImage,1
C:\PlantsVsZombies-master\src\GamePanel.java,GamePanel,GamePanel/1[javax.swing.JLabel],activeSuns,2
C:\PlantsVsZombies-master\src\GamePanel.java,GamePanel,GamePanel/1[javax.swing.JLabel],freezePeashooterImage,1
C:\PlantsVsZombies-master\src\GamePanel.java,GamePanel,GamePanel/1[javax.swing.JLabel],freezePeaImage,1
C:\PlantsVsZombies-master\src\GamePanel.java,GamePanel,GamePanel/1[javax.swing.JLabel],redrawTimer,2
C:\PlantsVsZombies-master\src\GamePanel.java,GamePanel,paintComponent/1[java.awt.Graphics],normalZombieImage,1
C:\PlantsVsZombies-master\src\GamePanel.java,GamePanel,paintComponent/1[java.awt.Graphics],colliders,1
C:\PlantsVsZombies-master\src\GamePanel.java,GamePanel,paintComponent/1[java.awt.Graphics],sunflowerImage,1
C:\PlantsVsZombies-master\src\GamePanel.java,GamePanel,paintComponent/1[java.awt.Graphics],coneHeadZombieImage,1
C:\PlantsVsZombies-master\src\GamePanel.java,GamePanel,paintComponent/1[java.awt.Graphics],lanePeas,2
C:\PlantsVsZombies-master\src\GamePanel.java,GamePanel,paintComponent/1[java.awt.Graphics],peashooterImage,1
C:\PlantsVsZombies-master\src\GamePanel.java,GamePanel,paintComponent/1[java.awt.Graphics],laneZombies,1
C:\PlantsVsZombies-master\src\GamePanel.java,GamePanel,paintComponent/1[java.awt.Graphics],peaImage,1
C:\PlantsVsZombies-master\src\GamePanel.java,GamePanel,paintComponent/1[java.awt.Graphics],bgImage,1
C:\PlantsVsZombies-master\src\GamePanel.java,GamePanel,paintComponent/1[java.awt.Graphics],freezePeashooterImage,1
C:\PlantsVsZombies-master\src\GamePanel.java,GamePanel,paintComponent/1[java.awt.Graphics],freezePeaImage,1
C:\PlantsVsZombies-master\src\GamePanel.java,GamePanel,getColliders/0,colliders,1
C:\PlantsVsZombies-master\src\GamePanel.java,GamePanel,getActivePlantingBrush/0,activePlantingBrush,1
C:\PlantsVsZombies-master\src\GamePanel.java,GamePanel,setLanePeas/1[java.util.ArrayList<java.util.ArrayList<Pea>>],lanePeas,3
C:\PlantsVsZombies-master\src\GamePanel.java,GamePanel,setLaneZombies/1[java.util.ArrayList<java.util.ArrayList<Zombie>>],laneZombies,3
C:\PlantsVsZombies-master\src\GamePanel.java,GamePanel,setSunScore/1[int],sunScore,4
C:\PlantsVsZombies-master\src\GamePanel.java,GamePanel,setSunScore/1[int],sunScoreboard,1
C:\PlantsVsZombies-master\src\GamePanel.java,GamePanel,getSunScore/0,sunScore,1
C:\PlantsVsZombies-master\src\GamePanel.java,GamePanel,setProgress/1[int],progress,5
C:\PlantsVsZombies-master\src\GamePanel.java,GamePanel,setColliders/1[Collider[]],colliders,3
C:\PlantsVsZombies-master\src\GameWindow.java,GameWindow,begin/0,gw,2
C:\PlantsVsZombies-master\src\GameWindow.java,GameWindow,main/1[java.lang.String[]],gw,1
C:\PlantsVsZombies-master\src\Plant.java,Plant,setX/1[int],x,3
C:\PlantsVsZombies-master\src\Plant.java,Plant,getY/0,y,1
C:\PlantsVsZombies-master\src\Plant.java,Plant,"Plant/3[GamePanel,int,int]",x,3
C:\PlantsVsZombies-master\src\Plant.java,Plant,"Plant/3[GamePanel,int,int]",y,3
C:\PlantsVsZombies-master\src\Plant.java,Plant,"Plant/3[GamePanel,int,int]",gp,1
C:\PlantsVsZombies-master\src\Plant.java,Plant,setHealth/1[int],health,3
C:\PlantsVsZombies-master\src\Plant.java,Plant,setY/1[int],y,3
C:\PlantsVsZombies-master\src\Plant.java,Plant,getX/0,x,1
C:\PlantsVsZombies-master\src\Plant.java,Plant,getGp/0,gp,1
C:\PlantsVsZombies-master\src\Plant.java,Plant,setGp/1[GamePanel],gp,3
C:\PlantsVsZombies-master\src\Plant.java,Plant,getHealth/0,health,1
C:\PlantsVsZombies-master\src\Peashooter.java,Peashooter,"Peashooter/3[GamePanel,int,int]",shootTimer,2
C:\PlantsVsZombies-master\src\Peashooter.java,Peashooter,stop/0,shootTimer,1
C:\PlantsVsZombies-master\src\Menu.java,Menu,paintComponent/1[java.awt.Graphics],bgImage,1
C:\PlantsVsZombies-master\src\Menu.java,Menu,Menu/0,bgImage,1
C:\PlantsVsZombies-master\src\Menu.java,Menu,initComponents/0,jPanel1,7
C:\PlantsVsZombies-master\src\LevelData.java,LevelData,LevelData/0,LEVEL_NUMBER,2
C:\PlantsVsZombies-master\src\LevelData.java,LevelData,write/1[java.lang.String],LEVEL_NUMBER,1
C:\PlantsVsZombies-master\src\Sunflower.java,Sunflower,"Sunflower/3[GamePanel,int,int]",sunProduceTimer,2
