file,class,method,constructor,line,cbo,cboModified,fanin,fanout,wmc,rfc,loc,returnsQty,variablesQty,parametersQty,methodsInvokedQty,methodsInvokedLocalQty,methodsInvokedIndirectLocalQty,loopQty,comparisonsQty,tryCatchQty,parenthesizedExpsQty,stringLiteralsQty,numbersQty,assignmentsQty,mathOperationsQty,maxNestedBlocksQty,anonymousClassesQty,innerClassesQty,lambdasQty,uniqueWordsQty,modifiers,logStatementsQty,hasJavaDoc
C:\PlantsVsZombies-master\src\Collider.java,Collider,removePlant/0,false,28,1,2,1,1,1,1,4,0,0,0,1,0,0,0,0,0,0,0,0,1,0,0,0,0,0,4,1,0,false
C:\PlantsVsZombies-master\src\Collider.java,Collider,mousePressed/1[java.awt.event.MouseEvent],false,48,0,0,0,0,1,0,2,0,0,1,0,0,0,0,0,0,0,0,0,0,0,0,0,0,0,5,1,0,false
C:\PlantsVsZombies-master\src\Collider.java,Collider,mouseReleased/1[java.awt.event.MouseEvent],false,53,0,0,0,0,2,1,5,0,0,1,1,0,0,0,1,0,0,1,1,0,1,1,0,0,0,8,1,0,false
C:\PlantsVsZombies-master\src\Collider.java,Collider,mouseExited/1[java.awt.event.MouseEvent],false,65,0,0,0,0,1,0,2,0,0,1,0,0,0,0,0,0,0,0,0,0,0,0,0,0,0,5,1,0,false
C:\PlantsVsZombies-master\src\Collider.java,Collider,mouseEntered/1[java.awt.event.MouseEvent],false,60,0,0,0,0,1,0,2,0,0,1,0,0,0,0,0,0,0,0,0,0,0,0,0,0,0,5,1,0,false
C:\PlantsVsZombies-master\src\Collider.java,Collider,setPlant/1[Plant],false,24,1,1,1,0,1,0,3,0,0,1,0,0,0,0,0,0,0,0,0,1,0,0,0,0,0,4,1,0,false
C:\PlantsVsZombies-master\src\Collider.java,Collider,setAction/1[java.awt.event.ActionListener],false,37,0,1,1,0,1,0,3,0,0,1,0,0,0,0,0,0,0,0,0,1,0,0,0,0,0,4,1,0,false
C:\PlantsVsZombies-master\src\Collider.java,Collider,Collider/0,true,14,0,1,1,0,1,3,5,0,0,0,3,0,0,0,0,0,0,0,2,0,0,0,0,0,0,8,1,0,false
C:\PlantsVsZombies-master\src\Collider.java,Collider,isInsideCollider/1[int],false,33,0,1,1,0,3,1,3,1,0,1,1,0,0,0,0,0,2,0,1,0,1,0,0,0,0,6,1,0,false
C:\PlantsVsZombies-master\src\Collider.java,Collider,mouseClicked/1[java.awt.event.MouseEvent],false,43,0,0,0,0,1,0,2,0,0,1,0,0,0,0,0,0,0,0,0,0,0,0,0,0,0,5,1,0,false
C:\PlantsVsZombies-master\src\FreezePea.java,FreezePea,advance/0,false,13,3,10,0,10,5,18,21,0,5,0,18,0,0,1,0,0,0,1,13,6,6,3,0,0,0,16,1,0,false
C:\PlantsVsZombies-master\src\FreezePea.java,FreezePea,"FreezePea/3[GamePanel,int,int]",true,8,1,1,1,0,1,0,3,0,0,3,0,0,0,0,0,0,0,0,0,0,0,0,0,0,0,6,1,0,false
C:\PlantsVsZombies-master\src\Zombie.java,Zombie,getGp/0,false,91,1,0,0,0,1,0,3,1,0,0,0,0,0,0,0,0,0,0,0,0,0,0,0,0,0,5,1,0,false
C:\PlantsVsZombies-master\src\Zombie.java,Zombie,setGp/1[GamePanel],false,95,1,0,0,0,1,0,3,0,0,1,0,0,0,0,0,0,0,0,0,1,0,0,0,0,0,5,1,0,false
C:\PlantsVsZombies-master\src\Zombie.java,Zombie,setHealth/1[int],false,79,0,3,3,0,1,0,3,0,0,1,0,0,0,0,0,0,0,0,0,1,0,0,0,0,0,3,1,0,false
C:\PlantsVsZombies-master\src\Zombie.java,Zombie,setMoving/1[boolean],false,119,0,0,0,0,1,0,3,0,0,1,0,0,0,0,0,0,0,0,0,1,0,0,0,0,0,4,1,0,false
C:\PlantsVsZombies-master\src\Zombie.java,Zombie,getMyLane/0,false,107,0,0,0,0,1,0,3,1,0,0,0,0,0,0,0,0,0,0,0,0,0,0,0,0,0,4,1,0,false
C:\PlantsVsZombies-master\src\Zombie.java,Zombie,getPosX/0,false,99,0,3,3,0,1,0,3,1,0,0,0,0,0,0,0,0,0,0,0,0,0,0,0,0,0,4,1,0,false
C:\PlantsVsZombies-master\src\Zombie.java,Zombie,setMyLane/1[int],false,111,0,0,0,0,1,0,3,0,0,1,0,0,0,0,0,0,0,0,0,1,0,0,0,0,0,4,1,0,false
C:\PlantsVsZombies-master\src\Zombie.java,Zombie,setPosX/1[int],false,103,0,0,0,0,1,0,3,0,0,1,0,0,0,0,0,0,0,0,0,1,0,0,0,0,0,4,1,0,false
C:\PlantsVsZombies-master\src\Zombie.java,Zombie,"Zombie/2[GamePanel,int]",true,17,1,1,1,0,1,0,4,0,0,2,0,0,0,0,0,0,0,0,0,2,0,0,0,0,0,7,1,0,false
C:\PlantsVsZombies-master\src\Zombie.java,Zombie,getSpeed/0,false,83,0,0,0,0,1,0,3,1,0,0,0,0,0,0,0,0,0,0,0,0,0,0,0,0,0,3,1,0,false
C:\PlantsVsZombies-master\src\Zombie.java,Zombie,setSpeed/1[int],false,87,0,0,0,0,1,0,3,0,0,1,0,0,0,0,0,0,0,0,0,1,0,0,0,0,0,3,1,0,false
C:\PlantsVsZombies-master\src\Zombie.java,Zombie,slow/0,false,58,0,1,1,0,1,0,3,0,0,0,0,0,0,0,0,0,0,0,1,1,0,0,0,0,0,2,1,0,false
C:\PlantsVsZombies-master\src\Zombie.java,Zombie,getHealth/0,false,75,0,2,2,0,1,0,3,1,0,0,0,0,0,0,0,0,0,0,0,0,0,0,0,0,0,3,1,0,false
C:\PlantsVsZombies-master\src\Zombie.java,Zombie,"getZombie/3[java.lang.String,GamePanel,int]",false,62,4,4,1,3,3,0,12,1,1,3,0,0,0,0,0,0,0,2,0,3,0,1,0,0,0,8,9,0,false
C:\PlantsVsZombies-master\src\Zombie.java,Zombie,isMoving/0,false,115,0,0,0,0,1,0,3,1,0,0,0,0,0,0,0,0,0,0,0,0,0,0,0,0,0,2,1,0,false
C:\PlantsVsZombies-master\src\Zombie.java,Zombie,setSlowInt/1[int],false,127,0,0,0,0,1,0,3,0,0,1,0,0,0,0,0,0,0,0,0,1,0,0,0,0,0,4,1,0,false
C:\PlantsVsZombies-master\src\Zombie.java,Zombie,advance/0,false,22,4,7,1,6,10,7,35,0,3,0,7,0,0,1,2,0,1,2,10,8,6,4,0,0,0,30,1,0,false
C:\PlantsVsZombies-master\src\Zombie.java,Zombie,getSlowInt/0,false,123,0,0,0,0,1,0,3,1,0,0,0,0,0,0,0,0,0,0,0,0,0,0,0,0,0,4,1,0,false
C:\PlantsVsZombies-master\src\GamePanel.java,GamePanel$PlantActionListener,"PlantActionListener/2[int,int]",true,210,0,1,1,0,1,0,4,0,0,2,0,0,0,0,0,0,0,0,0,2,0,0,0,0,0,5,1,0,false
C:\PlantsVsZombies-master\src\GamePanel.java,GamePanel$PlantActionListener,actionPerformed/1[java.awt.event.ActionEvent],false,216,5,6,0,6,7,3,21,0,0,1,3,0,0,0,3,0,0,0,9,1,9,2,0,0,0,16,1,0,false
C:\PlantsVsZombies-master\src\Pea.java,Pea,setMyLane/1[int],false,55,0,0,0,0,1,0,3,0,0,1,0,0,0,0,0,0,0,0,0,1,0,0,0,0,0,4,1,0,false
C:\PlantsVsZombies-master\src\Pea.java,Pea,setPosX/1[int],false,47,0,1,1,0,1,0,3,0,0,1,0,0,0,0,0,0,0,0,0,1,0,0,0,0,0,4,1,0,false
C:\PlantsVsZombies-master\src\Pea.java,Pea,"Pea/3[GamePanel,int,int]",true,12,1,1,1,0,1,0,5,0,0,3,0,0,0,0,0,0,0,0,0,3,0,0,0,0,0,8,1,0,false
C:\PlantsVsZombies-master\src\Pea.java,Pea,advance/0,false,18,2,6,1,5,5,12,20,0,5,0,12,0,0,1,0,0,0,1,13,7,5,3,0,0,0,14,1,0,false
C:\PlantsVsZombies-master\src\Pea.java,Pea,getMyLane/0,false,51,0,1,1,0,1,0,3,1,0,0,0,0,0,0,0,0,0,0,0,0,0,0,0,0,0,4,1,0,false
C:\PlantsVsZombies-master\src\Pea.java,Pea,getPosX/0,false,43,0,2,2,0,1,0,3,1,0,0,0,0,0,0,0,0,0,0,0,0,0,0,0,0,0,4,1,0,false
C:\PlantsVsZombies-master\src\Sun.java,Sun,mouseReleased/1[java.awt.event.MouseEvent],false,62,1,3,0,3,1,5,5,0,0,1,5,0,0,0,0,0,0,0,1,0,1,0,0,0,0,5,1,0,false
C:\PlantsVsZombies-master\src\Sun.java,Sun,mouseEntered/1[java.awt.event.MouseEvent],false,69,0,0,0,0,1,0,2,0,0,1,0,0,0,0,0,0,0,0,0,0,0,0,0,0,0,5,1,0,false
C:\PlantsVsZombies-master\src\Sun.java,Sun,mouseClicked/1[java.awt.event.MouseEvent],false,52,0,0,0,0,1,0,2,0,0,1,0,0,0,0,0,0,0,0,0,0,0,0,0,0,0,5,1,0,false
C:\PlantsVsZombies-master\src\Sun.java,Sun,paintComponent/1[java.awt.Graphics],false,33,0,0,0,0,1,2,4,0,0,1,2,0,0,0,0,0,0,0,2,0,0,0,0,0,0,4,4,0,false
C:\PlantsVsZombies-master\src\Sun.java,Sun,mouseExited/1[java.awt.event.MouseEvent],false,74,0,0,0,0,1,0,2,0,0,1,0,0,0,0,0,0,0,0,0,0,0,0,0,0,0,5,1,0,false
C:\PlantsVsZombies-master\src\Sun.java,Sun,advance/0,false,38,1,2,1,1,3,4,13,0,0,0,4,0,0,0,0,0,0,0,2,1,0,2,0,0,0,7,1,0,false
C:\PlantsVsZombies-master\src\Sun.java,Sun,"Sun/4[GamePanel,int,int,int]",true,20,1,2,2,0,1,7,11,0,0,4,7,0,0,0,0,0,0,1,2,5,0,0,0,0,0,20,1,0,false
C:\PlantsVsZombies-master\src\Sun.java,Sun,mousePressed/1[java.awt.event.MouseEvent],false,57,0,0,0,0,1,0,2,0,0,1,0,0,0,0,0,0,0,0,0,0,0,0,0,0,0,5,1,0,false
C:\PlantsVsZombies-master\src\PlantCard.java,PlantCard,mouseEntered/1[java.awt.event.MouseEvent],false,50,0,0,0,0,1,0,2,0,0,1,0,0,0,0,0,0,0,0,0,0,0,0,0,0,0,5,1,0,false
C:\PlantsVsZombies-master\src\PlantCard.java,PlantCard,mouseExited/1[java.awt.event.MouseEvent],false,55,0,0,0,0,1,0,2,0,0,1,0,0,0,0,0,0,0,0,0,0,0,0,0,0,0,5,1,0,false
C:\PlantsVsZombies-master\src\PlantCard.java,PlantCard,mouseClicked/1[java.awt.event.MouseEvent],false,33,0,0,0,0,1,0,2,0,0,1,0,0,0,0,0,0,0,0,0,0,0,0,0,0,0,5,1,0,false
C:\PlantsVsZombies-master\src\PlantCard.java,PlantCard,paintComponent/1[java.awt.Graphics],false,27,0,0,0,0,1,2,4,0,0,1,2,0,0,0,0,0,0,0,2,0,0,0,0,0,0,4,4,0,false
C:\PlantsVsZombies-master\src\PlantCard.java,PlantCard,setAction/1[java.awt.event.ActionListener],false,22,0,1,1,0,1,0,3,0,0,1,0,0,0,0,0,0,0,0,0,1,0,0,0,0,0,4,1,0,false
C:\PlantsVsZombies-master\src\PlantCard.java,PlantCard,mousePressed/1[java.awt.event.MouseEvent],false,38,0,0,0,0,1,0,2,0,0,1,0,0,0,0,0,0,0,0,0,0,0,0,0,0,0,5,1,0,false
C:\PlantsVsZombies-master\src\PlantCard.java,PlantCard,PlantCard/1[java.awt.Image],true,16,0,1,1,0,1,2,5,0,0,1,2,0,0,0,0,0,0,0,2,1,0,0,0,0,0,9,1,0,false
C:\PlantsVsZombies-master\src\PlantCard.java,PlantCard,mouseReleased/1[java.awt.event.MouseEvent],false,43,0,0,0,0,2,1,5,0,0,1,1,0,0,0,1,0,0,1,1,0,1,1,0,0,0,8,1,0,false
C:\PlantsVsZombies-master\src\FreezePeashooter.java,FreezePeashooter,"FreezePeashooter/3[GamePanel,int,int]",true,12,3,6,1,5,2,9,10,0,0,3,9,0,0,0,0,0,0,0,4,1,2,2,0,0,1,13,1,0,false
C:\PlantsVsZombies-master\src\FreezePeashooter.java,FreezePeashooter,stop/0,false,24,0,0,0,0,1,1,3,0,0,0,1,0,0,0,0,0,0,0,0,0,0,0,0,0,0,1,1,0,false
C:\PlantsVsZombies-master\src\GamePanel.java,GamePanel,mouseMoved/1[java.awt.event.MouseEvent],false,246,0,0,0,0,1,2,4,0,0,1,2,0,0,0,0,0,0,0,0,2,0,0,0,0,0,7,1,0,false
C:\PlantsVsZombies-master\src\GamePanel.java,GamePanel,getLaneZombies/0,false,279,1,4,4,0,1,0,3,1,0,0,0,0,0,0,0,0,0,0,0,0,0,0,0,0,0,4,1,0,false
C:\PlantsVsZombies-master\src\GamePanel.java,GamePanel,setActiveSuns/1[java.util.ArrayList<Sun>],false,299,1,0,0,0,1,0,3,0,0,1,0,0,0,0,0,0,0,0,0,1,0,0,0,0,0,4,1,0,false
C:\PlantsVsZombies-master\src\GamePanel.java,GamePanel,advance/0,false,134,3,4,1,3,5,9,14,0,4,0,9,0,0,4,0,0,0,0,4,4,0,2,0,0,0,7,2,0,false
C:\PlantsVsZombies-master\src\GamePanel.java,GamePanel,setActivePlantingBrush/1[GameWindow.PlantType],false,275,1,1,1,0,1,0,3,0,0,1,0,0,0,0,0,0,0,0,0,1,0,0,0,0,0,5,1,0,false
C:\PlantsVsZombies-master\src\GamePanel.java,GamePanel,getLanePeas/0,false,287,1,3,3,0,1,0,3,1,0,0,0,0,0,0,0,0,0,0,0,0,0,0,0,0,0,4,1,0,false
C:\PlantsVsZombies-master\src\GamePanel.java,GamePanel,getActiveSuns/0,false,295,1,3,3,0,1,0,3,1,0,0,0,0,0,0,0,0,0,0,0,0,0,0,0,0,0,4,1,0,false
C:\PlantsVsZombies-master\src\GamePanel.java,GamePanel,GamePanel/1[javax.swing.JLabel],true,51,8,9,1,8,5,21,68,0,12,1,21,2,1,2,0,0,4,8,32,31,12,3,0,0,4,62,1,0,false
C:\PlantsVsZombies-master\src\GamePanel.java,GamePanel,paintComponent/1[java.awt.Graphics],false,154,10,2,0,2,12,8,38,0,6,1,8,0,0,4,1,0,10,0,33,6,26,3,0,0,0,21,4,0,false
C:\PlantsVsZombies-master\src\GamePanel.java,GamePanel,getColliders/0,false,303,1,1,1,0,1,0,3,1,0,0,0,0,0,0,0,0,0,0,0,0,0,0,0,0,0,3,1,0,false
C:\PlantsVsZombies-master\src\GamePanel.java,GamePanel,getActivePlantingBrush/0,false,271,1,0,0,0,1,0,3,1,0,0,0,0,0,0,0,0,0,0,0,0,0,0,0,0,0,5,1,0,false
C:\PlantsVsZombies-master\src\GamePanel.java,GamePanel,mouseDragged/1[java.awt.event.MouseEvent],false,241,0,0,0,0,1,0,2,0,0,1,0,0,0,0,0,0,0,0,0,0,0,0,0,0,0,5,1,0,false
C:\PlantsVsZombies-master\src\GamePanel.java,GamePanel,setLanePeas/1[java.util.ArrayList<java.util.ArrayList<Pea>>],false,291,1,0,0,0,1,0,3,0,0,1,0,0,0,0,0,0,0,0,0,1,0,0,0,0,0,4,1,0,false
C:\PlantsVsZombies-master\src\GamePanel.java,GamePanel,setLaneZombies/1[java.util.ArrayList<java.util.ArrayList<Zombie>>],false,283,1,0,0,0,1,0,3,0,0,1,0,0,0,0,0,0,0,0,0,1,0,0,0,0,0,4,1,0,false
C:\PlantsVsZombies-master\src\GamePanel.java,GamePanel,setSunScore/1[int],false,46,0,3,3,0,1,2,4,0,0,1,2,0,0,0,0,0,0,0,0,1,0,0,0,0,0,4,1,0,false
C:\PlantsVsZombies-master\src\GamePanel.java,GamePanel,getSunScore/0,false,42,0,2,2,0,1,0,3,1,0,0,0,0,0,0,0,0,0,0,0,0,0,0,0,0,0,4,1,0,false
C:\PlantsVsZombies-master\src\GamePanel.java,GamePanel,setProgress/1[int],false,253,2,4,2,2,3,6,18,0,0,1,6,0,0,0,0,0,0,8,3,3,3,2,0,0,0,12,9,0,false
C:\PlantsVsZombies-master\src\GamePanel.java,GamePanel,setColliders/1[Collider[]],false,307,1,0,0,0,1,0,3,0,0,1,0,0,0,0,0,0,0,0,0,1,0,0,0,0,0,3,1,0,false
C:\PlantsVsZombies-master\src\GameWindow.java,GameWindow,GameWindow/0,true,18,2,7,3,4,1,14,35,0,5,0,14,0,0,0,0,0,0,4,19,5,0,1,0,0,3,33,1,0,false
C:\PlantsVsZombies-master\src\GameWindow.java,GameWindow,begin/0,false,71,1,2,1,1,1,1,4,0,0,0,1,0,0,0,0,0,0,0,0,1,0,0,0,0,0,4,9,0,false
C:\PlantsVsZombies-master\src\GameWindow.java,GameWindow,GameWindow/1[boolean],true,58,1,2,1,1,1,8,10,0,1,1,8,0,0,0,0,0,0,0,5,1,0,0,0,0,0,18,1,0,false
C:\PlantsVsZombies-master\src\GameWindow.java,GameWindow,main/1[java.lang.String[]],false,76,1,1,0,1,1,0,3,0,0,1,0,0,0,0,0,0,0,0,0,1,0,0,0,0,0,6,9,0,false
C:\PlantsVsZombies-master\src\Plant.java,Plant,setX/1[int],false,35,0,0,0,0,1,0,3,0,0,1,0,0,0,0,0,0,0,0,0,1,0,0,0,0,0,3,1,0,false
C:\PlantsVsZombies-master\src\Plant.java,Plant,getY/0,false,39,0,0,0,0,1,0,3,1,0,0,0,0,0,0,0,0,0,0,0,0,0,0,0,0,0,3,1,0,false
C:\PlantsVsZombies-master\src\Plant.java,Plant,"Plant/3[GamePanel,int,int]",true,14,1,0,0,0,1,0,5,0,0,3,0,0,0,0,0,0,0,0,0,3,0,0,0,0,0,7,1,0,false
C:\PlantsVsZombies-master\src\Plant.java,Plant,setHealth/1[int],false,27,0,1,1,0,1,0,3,0,0,1,0,0,0,0,0,0,0,0,0,1,0,0,0,0,0,3,1,0,false
C:\PlantsVsZombies-master\src\Plant.java,Plant,setY/1[int],false,43,0,0,0,0,1,0,3,0,0,1,0,0,0,0,0,0,0,0,0,1,0,0,0,0,0,3,1,0,false
C:\PlantsVsZombies-master\src\Plant.java,Plant,getX/0,false,31,0,2,2,0,1,0,3,1,0,0,0,0,0,0,0,0,0,0,0,0,0,0,0,0,0,3,1,0,false
C:\PlantsVsZombies-master\src\Plant.java,Plant,stop/0,false,20,0,1,1,0,1,0,2,0,0,0,0,0,0,0,0,0,0,0,0,0,0,0,0,0,0,1,1,0,false
C:\PlantsVsZombies-master\src\Plant.java,Plant,getGp/0,false,47,1,3,3,0,1,0,3,1,0,0,0,0,0,0,0,0,0,0,0,0,0,0,0,0,0,5,1,0,false
C:\PlantsVsZombies-master\src\Plant.java,Plant,setGp/1[GamePanel],false,51,1,0,0,0,1,0,3,0,0,1,0,0,0,0,0,0,0,0,0,1,0,0,0,0,0,5,1,0,false
C:\PlantsVsZombies-master\src\Plant.java,Plant,getHealth/0,false,23,0,1,1,0,1,0,3,1,0,0,0,0,0,0,0,0,0,0,0,0,0,0,0,0,0,3,1,0,false
C:\PlantsVsZombies-master\src\Menu.java,Menu$Anonymous1,mouseClicked/1[java.awt.event.MouseEvent],false,49,1,1,0,1,1,1,3,0,0,1,1,0,0,0,0,0,0,0,0,0,0,0,0,0,0,6,1,0,false
C:\PlantsVsZombies-master\src\NormalZombie.java,NormalZombie,"NormalZombie/2[GamePanel,int]",true,6,1,1,1,0,1,0,3,0,0,2,0,0,0,0,0,0,0,0,0,0,0,0,0,0,0,5,1,0,false
C:\PlantsVsZombies-master\src\Peashooter.java,Peashooter,"Peashooter/3[GamePanel,int,int]",true,12,3,6,1,5,2,9,10,0,0,3,9,0,0,0,0,0,0,0,4,1,2,2,0,0,1,12,1,0,false
C:\PlantsVsZombies-master\src\Peashooter.java,Peashooter,stop/0,false,24,0,0,0,0,1,1,3,0,0,0,1,0,0,0,0,0,0,0,0,0,0,0,0,0,0,1,1,0,false
C:\PlantsVsZombies-master\src\Menu.java,Menu,jPanel1MouseClicked/1[java.awt.event.MouseEvent],false,83,1,2,1,1,1,1,3,0,0,1,1,0,0,0,0,0,0,0,0,0,0,0,0,0,0,5,2,0,false
C:\PlantsVsZombies-master\src\Menu.java,Menu,paintComponent/1[java.awt.Graphics],false,33,0,0,0,0,1,2,4,0,0,1,2,0,0,0,0,0,0,0,2,0,0,0,0,0,0,26,1,0,true
C:\PlantsVsZombies-master\src\Menu.java,Menu,Menu/0,true,20,1,2,1,1,1,5,5,0,0,0,5,1,1,0,0,0,0,1,2,1,0,0,0,0,0,8,1,0,false
C:\PlantsVsZombies-master\src\Menu.java,Menu,initComponents/0,false,41,0,2,1,1,1,14,19,0,2,0,14,0,0,0,0,0,0,1,14,3,0,0,1,0,0,14,2,0,false
C:\PlantsVsZombies-master\src\LevelData.java,LevelData,LevelData/0,true,19,0,1,1,0,3,4,17,0,3,0,4,0,0,0,0,1,0,3,0,5,0,2,0,0,0,20,1,0,false
C:\PlantsVsZombies-master\src\LevelData.java,LevelData,write/1[java.lang.String],false,38,1,1,1,0,2,5,12,0,2,1,5,0,0,0,0,1,0,1,0,3,0,1,0,0,0,20,9,0,false
C:\PlantsVsZombies-master\src\Sunflower.java,Sunflower,"Sunflower/3[GamePanel,int,int]",true,11,3,4,1,3,1,5,10,0,1,3,5,0,0,0,0,0,0,0,8,2,6,1,0,0,1,16,1,0,false
C:\PlantsVsZombies-master\src\ConeHeadZombie.java,ConeHeadZombie,"ConeHeadZombie/2[GamePanel,int]",true,6,2,2,1,1,1,1,4,0,0,2,1,0,0,0,0,0,0,0,1,0,0,0,0,0,0,8,1,0,false
