file,class,method,variable,usage
C:\PlantsVsZombies-master\src\Collider.java,Collider,mousePressed/1[java.awt.event.MouseEvent],e,0
C:\PlantsVsZombies-master\src\Collider.java,Collider,mouseReleased/1[java.awt.event.MouseEvent],e,0
C:\PlantsVsZombies-master\src\Collider.java,Collider,mouseExited/1[java.awt.event.MouseEvent],e,0
C:\PlantsVsZombies-master\src\Collider.java,Collider,mouseEntered/1[java.awt.event.MouseEvent],e,0
C:\PlantsVsZombies-master\src\Collider.java,Collider,setPlant/1[Plant],p,1
C:\PlantsVsZombies-master\src\Collider.java,Collider,setAction/1[java.awt.event.ActionListener],al,2
C:\PlantsVsZombies-master\src\Collider.java,Collider,isInsideCollider/1[int],tx,2
C:\PlantsVsZombies-master\src\Collider.java,Collider,mouseClicked/1[java.awt.event.MouseEvent],e,0
C:\PlantsVsZombies-master\src\FreezePea.java,FreezePea,advance/0,zRect,1
C:\PlantsVsZombies-master\src\FreezePea.java,FreezePea,advance/0,exit,2
C:\PlantsVsZombies-master\src\FreezePea.java,FreezePea,advance/0,pRect,1
C:\PlantsVsZombies-master\src\FreezePea.java,FreezePea,advance/0,i,4
C:\PlantsVsZombies-master\src\FreezePea.java,FreezePea,advance/0,z,5
C:\PlantsVsZombies-master\src\FreezePea.java,FreezePea,"FreezePea/3[GamePanel,int,int]",parent,1
C:\PlantsVsZombies-master\src\FreezePea.java,FreezePea,"FreezePea/3[GamePanel,int,int]",startX,1
C:\PlantsVsZombies-master\src\FreezePea.java,FreezePea,"FreezePea/3[GamePanel,int,int]",lane,1
C:\PlantsVsZombies-master\src\Zombie.java,Zombie,setGp/1[GamePanel],gp,2
C:\PlantsVsZombies-master\src\Zombie.java,Zombie,setHealth/1[int],health,2
C:\PlantsVsZombies-master\src\Zombie.java,Zombie,setMoving/1[boolean],moving,1
C:\PlantsVsZombies-master\src\Zombie.java,Zombie,setMyLane/1[int],myLane,2
C:\PlantsVsZombies-master\src\Zombie.java,Zombie,setPosX/1[int],posX,2
C:\PlantsVsZombies-master\src\Zombie.java,Zombie,"Zombie/2[GamePanel,int]",parent,1
C:\PlantsVsZombies-master\src\Zombie.java,Zombie,"Zombie/2[GamePanel,int]",lane,1
C:\PlantsVsZombies-master\src\Zombie.java,Zombie,setSpeed/1[int],speed,2
C:\PlantsVsZombies-master\src\Zombie.java,Zombie,"getZombie/3[java.lang.String,GamePanel,int]",parent,3
C:\PlantsVsZombies-master\src\Zombie.java,Zombie,"getZombie/3[java.lang.String,GamePanel,int]",z,3
C:\PlantsVsZombies-master\src\Zombie.java,Zombie,"getZombie/3[java.lang.String,GamePanel,int]",type,1
C:\PlantsVsZombies-master\src\Zombie.java,Zombie,"getZombie/3[java.lang.String,GamePanel,int]",lane,3
C:\PlantsVsZombies-master\src\Zombie.java,Zombie,setSlowInt/1[int],slowInt,2
C:\PlantsVsZombies-master\src\Zombie.java,Zombie,advance/0,collided,5
C:\PlantsVsZombies-master\src\Zombie.java,Zombie,advance/0,isCollides,2
C:\PlantsVsZombies-master\src\Zombie.java,Zombie,advance/0,i,5
C:\PlantsVsZombies-master\src\GamePanel.java,GamePanel$PlantActionListener,"PlantActionListener/2[int,int]",x,2
C:\PlantsVsZombies-master\src\GamePanel.java,GamePanel$PlantActionListener,"PlantActionListener/2[int,int]",y,2
C:\PlantsVsZombies-master\src\GamePanel.java,GamePanel$PlantActionListener,actionPerformed/1[java.awt.event.ActionEvent],e,0
C:\PlantsVsZombies-master\src\Pea.java,Pea,setMyLane/1[int],myLane,2
C:\PlantsVsZombies-master\src\Pea.java,Pea,setPosX/1[int],posX,2
C:\PlantsVsZombies-master\src\Pea.java,Pea,"Pea/3[GamePanel,int,int]",parent,1
C:\PlantsVsZombies-master\src\Pea.java,Pea,"Pea/3[GamePanel,int,int]",startX,1
C:\PlantsVsZombies-master\src\Pea.java,Pea,"Pea/3[GamePanel,int,int]",lane,1
C:\PlantsVsZombies-master\src\Pea.java,Pea,advance/0,zRect,1
C:\PlantsVsZombies-master\src\Pea.java,Pea,advance/0,exit,2
C:\PlantsVsZombies-master\src\Pea.java,Pea,advance/0,pRect,1
C:\PlantsVsZombies-master\src\Pea.java,Pea,advance/0,i,4
C:\PlantsVsZombies-master\src\Pea.java,Pea,advance/0,z,4
C:\PlantsVsZombies-master\src\Sun.java,Sun,mouseReleased/1[java.awt.event.MouseEvent],e,0
C:\PlantsVsZombies-master\src\Sun.java,Sun,mouseEntered/1[java.awt.event.MouseEvent],e,0
C:\PlantsVsZombies-master\src\Sun.java,Sun,mouseClicked/1[java.awt.event.MouseEvent],e,0
C:\PlantsVsZombies-master\src\Sun.java,Sun,paintComponent/1[java.awt.Graphics],g,2
C:\PlantsVsZombies-master\src\Sun.java,Sun,mouseExited/1[java.awt.event.MouseEvent],e,0
C:\PlantsVsZombies-master\src\Sun.java,Sun,"Sun/4[GamePanel,int,int,int]",parent,1
C:\PlantsVsZombies-master\src\Sun.java,Sun,"Sun/4[GamePanel,int,int,int]",endY,2
C:\PlantsVsZombies-master\src\Sun.java,Sun,"Sun/4[GamePanel,int,int,int]",startY,1
C:\PlantsVsZombies-master\src\Sun.java,Sun,"Sun/4[GamePanel,int,int,int]",startX,1
C:\PlantsVsZombies-master\src\Sun.java,Sun,mousePressed/1[java.awt.event.MouseEvent],e,0
C:\PlantsVsZombies-master\src\PlantCard.java,PlantCard,mouseEntered/1[java.awt.event.MouseEvent],e,0
C:\PlantsVsZombies-master\src\PlantCard.java,PlantCard,mouseExited/1[java.awt.event.MouseEvent],e,0
C:\PlantsVsZombies-master\src\PlantCard.java,PlantCard,mouseClicked/1[java.awt.event.MouseEvent],e,0
C:\PlantsVsZombies-master\src\PlantCard.java,PlantCard,paintComponent/1[java.awt.Graphics],g,2
C:\PlantsVsZombies-master\src\PlantCard.java,PlantCard,setAction/1[java.awt.event.ActionListener],al,2
C:\PlantsVsZombies-master\src\PlantCard.java,PlantCard,mousePressed/1[java.awt.event.MouseEvent],e,0
C:\PlantsVsZombies-master\src\PlantCard.java,PlantCard,PlantCard/1[java.awt.Image],img,2
C:\PlantsVsZombies-master\src\PlantCard.java,PlantCard,mouseReleased/1[java.awt.event.MouseEvent],e,0
C:\PlantsVsZombies-master\src\FreezePeashooter.java,FreezePeashooter,"FreezePeashooter/3[GamePanel,int,int]",parent,1
C:\PlantsVsZombies-master\src\FreezePeashooter.java,FreezePeashooter,"FreezePeashooter/3[GamePanel,int,int]",e,0
C:\PlantsVsZombies-master\src\FreezePeashooter.java,FreezePeashooter,"FreezePeashooter/3[GamePanel,int,int]",x,1
C:\PlantsVsZombies-master\src\FreezePeashooter.java,FreezePeashooter,"FreezePeashooter/3[GamePanel,int,int]",y,4
C:\PlantsVsZombies-master\src\GamePanel.java,GamePanel,mouseMoved/1[java.awt.event.MouseEvent],e,2
C:\PlantsVsZombies-master\src\GamePanel.java,GamePanel,setActiveSuns/1[java.util.ArrayList<Sun>],activeSuns,2
C:\PlantsVsZombies-master\src\GamePanel.java,GamePanel,advance/0,p,1
C:\PlantsVsZombies-master\src\GamePanel.java,GamePanel,advance/0,i,9
C:\PlantsVsZombies-master\src\GamePanel.java,GamePanel,advance/0,z,1
C:\PlantsVsZombies-master\src\GamePanel.java,GamePanel,advance/0,j,3
C:\PlantsVsZombies-master\src\GamePanel.java,GamePanel,setActivePlantingBrush/1[GameWindow.PlantType],activePlantingBrush,2
C:\PlantsVsZombies-master\src\GamePanel.java,GamePanel,GamePanel/1[javax.swing.JLabel],a,4
C:\PlantsVsZombies-master\src\GamePanel.java,GamePanel,GamePanel/1[javax.swing.JLabel],sta,2
C:\PlantsVsZombies-master\src\GamePanel.java,GamePanel,GamePanel/1[javax.swing.JLabel],sunScoreboard,2
C:\PlantsVsZombies-master\src\GamePanel.java,GamePanel,GamePanel/1[javax.swing.JLabel],lvl,4
C:\PlantsVsZombies-master\src\GamePanel.java,GamePanel,GamePanel/1[javax.swing.JLabel],t,2
C:\PlantsVsZombies-master\src\GamePanel.java,GamePanel,GamePanel/1[javax.swing.JLabel],e,3
C:\PlantsVsZombies-master\src\GamePanel.java,GamePanel,GamePanel/1[javax.swing.JLabel],i,13
C:\PlantsVsZombies-master\src\GamePanel.java,GamePanel,GamePanel/1[javax.swing.JLabel],rnd,5
C:\PlantsVsZombies-master\src\GamePanel.java,GamePanel,GamePanel/1[javax.swing.JLabel],Level,1
C:\PlantsVsZombies-master\src\GamePanel.java,GamePanel,GamePanel/1[javax.swing.JLabel],z,2
C:\PlantsVsZombies-master\src\GamePanel.java,GamePanel,GamePanel/1[javax.swing.JLabel],l,2
C:\PlantsVsZombies-master\src\GamePanel.java,GamePanel,GamePanel/1[javax.swing.JLabel],LevelValue,3
C:\PlantsVsZombies-master\src\GamePanel.java,GamePanel,paintComponent/1[java.awt.Graphics],p,3
C:\PlantsVsZombies-master\src\GamePanel.java,GamePanel,paintComponent/1[java.awt.Graphics],c,2
C:\PlantsVsZombies-master\src\GamePanel.java,GamePanel,paintComponent/1[java.awt.Graphics],g,9
C:\PlantsVsZombies-master\src\GamePanel.java,GamePanel,paintComponent/1[java.awt.Graphics],i,19
C:\PlantsVsZombies-master\src\GamePanel.java,GamePanel,paintComponent/1[java.awt.Graphics],z,4
C:\PlantsVsZombies-master\src\GamePanel.java,GamePanel,paintComponent/1[java.awt.Graphics],j,3
C:\PlantsVsZombies-master\src\GamePanel.java,GamePanel,paintComponent/1[java.awt.Graphics],pea,3
C:\PlantsVsZombies-master\src\GamePanel.java,GamePanel,mouseDragged/1[java.awt.event.MouseEvent],e,0
C:\PlantsVsZombies-master\src\GamePanel.java,GamePanel,setLanePeas/1[java.util.ArrayList<java.util.ArrayList<Pea>>],lanePeas,2
C:\PlantsVsZombies-master\src\GamePanel.java,GamePanel,setLaneZombies/1[java.util.ArrayList<java.util.ArrayList<Zombie>>],laneZombies,2
C:\PlantsVsZombies-master\src\GamePanel.java,GamePanel,setSunScore/1[int],sunScore,3
C:\PlantsVsZombies-master\src\GamePanel.java,GamePanel,setProgress/1[int],num,1
C:\PlantsVsZombies-master\src\GamePanel.java,GamePanel,setColliders/1[Collider[]],colliders,2
C:\PlantsVsZombies-master\src\GameWindow.java,GameWindow,GameWindow/0,e,2
C:\PlantsVsZombies-master\src\GameWindow.java,GameWindow,GameWindow/0,freezepeashooter,3
C:\PlantsVsZombies-master\src\GameWindow.java,GameWindow,GameWindow/0,peashooter,3
C:\PlantsVsZombies-master\src\GameWindow.java,GameWindow,GameWindow/0,gp,5
C:\PlantsVsZombies-master\src\GameWindow.java,GameWindow,GameWindow/0,sun,4
C:\PlantsVsZombies-master\src\GameWindow.java,GameWindow,GameWindow/0,sunflower,3
C:\PlantsVsZombies-master\src\GameWindow.java,GameWindow,GameWindow/1[boolean],b,0
C:\PlantsVsZombies-master\src\GameWindow.java,GameWindow,GameWindow/1[boolean],menu,3
C:\PlantsVsZombies-master\src\GameWindow.java,GameWindow,main/1[java.lang.String[]],args,0
C:\PlantsVsZombies-master\src\Plant.java,Plant,setX/1[int],x,2
C:\PlantsVsZombies-master\src\Plant.java,Plant,"Plant/3[GamePanel,int,int]",parent,1
C:\PlantsVsZombies-master\src\Plant.java,Plant,"Plant/3[GamePanel,int,int]",x,2
C:\PlantsVsZombies-master\src\Plant.java,Plant,"Plant/3[GamePanel,int,int]",y,2
C:\PlantsVsZombies-master\src\Plant.java,Plant,setHealth/1[int],health,2
C:\PlantsVsZombies-master\src\Plant.java,Plant,setY/1[int],y,2
C:\PlantsVsZombies-master\src\Plant.java,Plant,setGp/1[GamePanel],gp,2
C:\PlantsVsZombies-master\src\Menu.java,Menu$Anonymous1,mouseClicked/1[java.awt.event.MouseEvent],evt,1
C:\PlantsVsZombies-master\src\NormalZombie.java,NormalZombie,"NormalZombie/2[GamePanel,int]",parent,1
C:\PlantsVsZombies-master\src\NormalZombie.java,NormalZombie,"NormalZombie/2[GamePanel,int]",lane,1
C:\PlantsVsZombies-master\src\Peashooter.java,Peashooter,"Peashooter/3[GamePanel,int,int]",parent,1
C:\PlantsVsZombies-master\src\Peashooter.java,Peashooter,"Peashooter/3[GamePanel,int,int]",e,0
C:\PlantsVsZombies-master\src\Peashooter.java,Peashooter,"Peashooter/3[GamePanel,int,int]",x,1
C:\PlantsVsZombies-master\src\Peashooter.java,Peashooter,"Peashooter/3[GamePanel,int,int]",y,4
C:\PlantsVsZombies-master\src\Menu.java,Menu,jPanel1MouseClicked/1[java.awt.event.MouseEvent],evt,0
C:\PlantsVsZombies-master\src\Menu.java,Menu,paintComponent/1[java.awt.Graphics],g,2
C:\PlantsVsZombies-master\src\Menu.java,Menu,initComponents/0,layout,7
C:\PlantsVsZombies-master\src\Menu.java,Menu,initComponents/0,jPanel1Layout,5
C:\PlantsVsZombies-master\src\LevelData.java,LevelData,LevelData/0,br,1
C:\PlantsVsZombies-master\src\LevelData.java,LevelData,LevelData/0,ex,0
C:\PlantsVsZombies-master\src\LevelData.java,LevelData,LevelData/0,f,3
C:\PlantsVsZombies-master\src\LevelData.java,LevelData,LevelData/0,bwr,2
C:\PlantsVsZombies-master\src\LevelData.java,LevelData,write/1[java.lang.String],lvl,2
C:\PlantsVsZombies-master\src\LevelData.java,LevelData,write/1[java.lang.String],ex,1
C:\PlantsVsZombies-master\src\LevelData.java,LevelData,write/1[java.lang.String],f,1
C:\PlantsVsZombies-master\src\LevelData.java,LevelData,write/1[java.lang.String],bwr,2
C:\PlantsVsZombies-master\src\Sunflower.java,Sunflower,"Sunflower/3[GamePanel,int,int]",parent,1
C:\PlantsVsZombies-master\src\Sunflower.java,Sunflower,"Sunflower/3[GamePanel,int,int]",sta,2
C:\PlantsVsZombies-master\src\Sunflower.java,Sunflower,"Sunflower/3[GamePanel,int,int]",e,0
C:\PlantsVsZombies-master\src\Sunflower.java,Sunflower,"Sunflower/3[GamePanel,int,int]",x,2
C:\PlantsVsZombies-master\src\Sunflower.java,Sunflower,"Sunflower/3[GamePanel,int,int]",y,3
C:\PlantsVsZombies-master\src\ConeHeadZombie.java,ConeHeadZombie,"ConeHeadZombie/2[GamePanel,int]",parent,1
C:\PlantsVsZombies-master\src\ConeHeadZombie.java,ConeHeadZombie,"ConeHeadZombie/2[GamePanel,int]",lane,1
