file,class,method,variable,usage
C:\billing\src\application\Item.java,application.Item,"Item/3[java.lang.String,int,double]",amount,3
C:\billing\src\application\Item.java,application.Item,"Item/3[java.lang.String,int,double]",quantity,3
C:\billing\src\application\Item.java,application.Item,"Item/3[java.lang.String,int,double]",name,3
C:\billing\src\application\Item.java,application.Item,getName/0,name,1
C:\billing\src\application\Item.java,application.Item,calcTotal/0,total,2
C:\billing\src\application\Item.java,application.Item,calcTotal/0,amount,1
C:\billing\src\application\Item.java,application.Item,calcTotal/0,quantity,1
C:\billing\src\application\Item.java,application.Item,getTotal/0,total,1
C:\billing\src\application\Item.java,application.Item,getAmount/0,amount,1
C:\billing\src\application\Item.java,application.Item,getQuantity/0,quantity,1
C:\billing\src\application\Controller.java,application.Controller,handleEnterItem/1[application.ActionEvent],totalList,1
C:\billing\src\application\Controller.java,application.Controller,handleEnterItem/1[application.ActionEvent],amount,1
C:\billing\src\application\Controller.java,application.Controller,handleEnterItem/1[application.ActionEvent],quantity,1
C:\billing\src\application\Controller.java,application.Controller,handleEnterItem/1[application.ActionEvent],name,1
C:\billing\src\application\Controller.java,application.Controller,handleEnterItem/1[application.ActionEvent],nameList,1
C:\billing\src\application\Controller.java,application.Controller,handleEnterItem/1[application.ActionEvent],quantityList,1
C:\billing\src\application\Controller.java,application.Controller,handleEnterItem/1[application.ActionEvent],amountList,1
C:\billing\src\application\Controller.java,application.Controller,handleEnterItem/1[application.ActionEvent],itemList,1
C:\billing\src\application\Controller.java,application.Controller,clearFields/0,amount,1
C:\billing\src\application\Controller.java,application.Controller,clearFields/0,quantity,1
C:\billing\src\application\Controller.java,application.Controller,clearFields/0,name,2
C:\billing\src\application\Controller.java,application.Controller,updateTotal/0,totalLabel,1
C:\billing\src\application\Controller.java,application.Controller,updateTotal/0,itemList,1
