file,class,method,constructor,line,cbo,cboModified,fanin,fanout,wmc,rfc,loc,returnsQty,variablesQty,parametersQty,methodsInvokedQty,methodsInvokedLocalQty,methodsInvokedIndirectLocalQty,loopQty,comparisonsQty,tryCatchQty,parenthesizedExpsQty,stringLiteralsQty,numbersQty,assignmentsQty,mathOperationsQty,maxNestedBlocksQty,anonymousClassesQty,innerClassesQty,lambdasQty,uniqueWordsQty,modifiers,logStatementsQty,hasJavaDoc
C:\billing\src\application\Main.java,application.Main,start/1[application.Stage],false,14,4,0,0,0,1,5,9,0,3,1,5,0,0,0,0,0,0,2,0,3,0,0,0,0,0,20,1,0,false
C:\billing\src\application\Main.java,application.Main,main/1[java.lang.String[]],false,27,0,0,0,0,1,1,3,0,0,1,1,0,0,0,0,0,0,0,0,0,0,0,0,0,0,3,9,0,false
C:\billing\src\application\Item.java,application.Item,"Item/3[java.lang.String,int,double]",true,31,0,1,1,0,1,0,5,0,0,3,0,0,0,0,0,0,0,0,0,3,0,0,0,0,0,4,0,0,false
C:\billing\src\application\Item.java,application.Item,getName/0,false,42,0,0,0,0,1,0,3,1,0,0,0,0,0,0,0,0,0,0,0,0,0,0,0,0,0,2,1,0,false
C:\billing\src\application\Item.java,application.Item,calcTotal/0,false,37,0,1,1,0,1,1,4,1,0,0,1,0,0,0,0,0,0,0,2,1,2,0,0,0,0,3,1,0,false
C:\billing\src\application\Item.java,application.Item,getTotal/0,false,54,0,1,1,0,1,0,3,1,0,0,0,0,0,0,0,0,0,0,0,0,0,0,0,0,0,2,1,0,false
C:\billing\src\application\Item.java,application.Item,getAmount/0,false,50,0,0,0,0,1,0,3,1,0,0,0,0,0,0,0,0,0,0,0,0,0,0,0,0,0,2,1,0,false
C:\billing\src\application\Item.java,application.Item,getQuantity/0,false,46,0,0,0,0,1,0,3,1,0,0,0,0,0,0,0,0,0,0,0,0,0,0,0,0,0,2,1,0,false
C:\billing\src\application\Controller.java,application.Controller,handleEnterItem/1[application.ActionEvent],false,51,4,4,0,4,1,10,15,0,5,1,10,2,1,0,0,0,0,0,2,6,2,0,0,0,0,16,4,0,false
C:\billing\src\application\Controller.java,application.Controller,clearFields/0,false,75,0,2,2,0,1,2,6,0,0,0,2,0,0,0,0,0,0,0,0,0,0,0,0,0,0,2,4,0,false
C:\billing\src\application\Controller.java,application.Controller,updateTotal/0,false,82,1,2,1,1,2,4,8,0,1,0,4,0,0,1,0,0,0,0,3,3,2,1,0,0,0,8,4,0,false
C:\billing\src\application\Controller.java,application.Controller,handleClearItem/1[application.ActionEvent],false,71,3,1,0,1,1,1,3,0,0,1,1,1,1,0,0,0,0,0,0,0,0,0,0,0,0,8,4,0,false
