file,class,method,variable,usage
C:\billing\src\application\Main.java,application.Main,start/1[application.Stage],primaryStage,3
C:\billing\src\application\Main.java,application.Main,start/1[application.Stage],loader,2
C:\billing\src\application\Main.java,application.Main,start/1[application.Stage],root,1
C:\billing\src\application\Main.java,application.Main,start/1[application.Stage],scene,1
C:\billing\src\application\Main.java,application.Main,main/1[java.lang.String[]],args,1
C:\billing\src\application\Item.java,application.Item,"Item/3[java.lang.String,int,double]",amount,2
C:\billing\src\application\Item.java,application.Item,"Item/3[java.lang.String,int,double]",quantity,2
C:\billing\src\application\Item.java,application.Item,"Item/3[java.lang.String,int,double]",name,2
C:\billing\src\application\Controller.java,application.Controller,handleEnterItem/1[application.ActionEvent],q,2
C:\billing\src\application\Controller.java,application.Controller,handleEnterItem/1[application.ActionEvent],a,4
C:\billing\src\application\Controller.java,application.Controller,handleEnterItem/1[application.ActionEvent],item,2
C:\billing\src\application\Controller.java,application.Controller,handleEnterItem/1[application.ActionEvent],total,1
C:\billing\src\application\Controller.java,application.Controller,handleEnterItem/1[application.ActionEvent],event,0
C:\billing\src\application\Controller.java,application.Controller,handleEnterItem/1[application.ActionEvent],n,2
C:\billing\src\application\Controller.java,application.Controller,updateTotal/0,total,4
C:\billing\src\application\Controller.java,application.Controller,updateTotal/0,i,1
C:\billing\src\application\Controller.java,application.Controller,handleClearItem/1[application.ActionEvent],event,0
