file,class,method,variable,usage
C:\Calculator\src\main\java\com\houarizegai\calculator\Calculator.java,com.houarizegai.calculator.Calculator,repaintFont/0,inText,2
C:\Calculator\src\main\java\com\houarizegai\calculator\Calculator.java,com.houarizegai.calculator.Calculator,Calculator/0,btnPoint,1
C:\Calculator\src\main\java\com\houarizegai\calculator\Calculator.java,com.houarizegai.calculator.Calculator,Calculator/0,btnEqual,2
C:\Calculator\src\main\java\com\houarizegai\calculator\Calculator.java,com.houarizegai.calculator.Calculator,Calculator/0,btnDiv,1
C:\Calculator\src\main\java\com\houarizegai\calculator\Calculator.java,com.houarizegai.calculator.Calculator,Calculator/0,BUTTON_HEIGHT,1
C:\Calculator\src\main\java\com\houarizegai\calculator\Calculator.java,com.houarizegai.calculator.Calculator,Calculator/0,btnC,1
C:\Calculator\src\main\java\com\houarizegai\calculator\Calculator.java,com.houarizegai.calculator.Calculator,Calculator/0,comboTheme,1
C:\Calculator\src\main\java\com\houarizegai\calculator\Calculator.java,com.houarizegai.calculator.Calculator,Calculator/0,themeSwitchEventConsumer,1
C:\Calculator\src\main\java\com\houarizegai\calculator\Calculator.java,com.houarizegai.calculator.Calculator,Calculator/0,inText,100
C:\Calculator\src\main\java\com\houarizegai\calculator\Calculator.java,com.houarizegai.calculator.Calculator,Calculator/0,btnSub,1
C:\Calculator\src\main\java\com\houarizegai\calculator\Calculator.java,com.houarizegai.calculator.Calculator,Calculator/0,btnMod,1
C:\Calculator\src\main\java\com\houarizegai\calculator\Calculator.java,com.houarizegai.calculator.Calculator,Calculator/0,btnRoot,2
C:\Calculator\src\main\java\com\houarizegai\calculator\Calculator.java,com.houarizegai.calculator.Calculator,Calculator/0,btnMul,1
C:\Calculator\src\main\java\com\houarizegai\calculator\Calculator.java,com.houarizegai.calculator.Calculator,Calculator/0,btnLog,2
C:\Calculator\src\main\java\com\houarizegai\calculator\Calculator.java,com.houarizegai.calculator.Calculator,Calculator/0,calcTypeSwitchEventConsumer,1
C:\Calculator\src\main\java\com\houarizegai\calculator\Calculator.java,com.houarizegai.calculator.Calculator,Calculator/0,addWrite,31
C:\Calculator\src\main\java\com\houarizegai\calculator\Calculator.java,com.houarizegai.calculator.Calculator,Calculator/0,btnPower,3
C:\Calculator\src\main\java\com\houarizegai\calculator\Calculator.java,com.houarizegai.calculator.Calculator,Calculator/0,MARGIN_X,2
C:\Calculator\src\main\java\com\houarizegai\calculator\Calculator.java,com.houarizegai.calculator.Calculator,Calculator/0,val,44
C:\Calculator\src\main\java\com\houarizegai\calculator\Calculator.java,com.houarizegai.calculator.Calculator,Calculator/0,btnBack,1
C:\Calculator\src\main\java\com\houarizegai\calculator\Calculator.java,com.houarizegai.calculator.Calculator,Calculator/0,go,26
C:\Calculator\src\main\java\com\houarizegai\calculator\Calculator.java,com.houarizegai.calculator.Calculator,Calculator/0,WINDOW_HEIGHT,1
C:\Calculator\src\main\java\com\houarizegai\calculator\Calculator.java,com.houarizegai.calculator.Calculator,Calculator/0,BUTTON_WIDTH,1
C:\Calculator\src\main\java\com\houarizegai\calculator\Calculator.java,com.houarizegai.calculator.Calculator,Calculator/0,MARGIN_Y,6
C:\Calculator\src\main\java\com\houarizegai\calculator\Calculator.java,com.houarizegai.calculator.Calculator,Calculator/0,WINDOW_WIDTH,1
C:\Calculator\src\main\java\com\houarizegai\calculator\Calculator.java,com.houarizegai.calculator.Calculator,Calculator/0,comboCalcType,1
C:\Calculator\src\main\java\com\houarizegai\calculator\Calculator.java,com.houarizegai.calculator.Calculator,Calculator/0,opt,22
C:\Calculator\src\main\java\com\houarizegai\calculator\Calculator.java,com.houarizegai.calculator.Calculator,Calculator/0,btn8,1
C:\Calculator\src\main\java\com\houarizegai\calculator\Calculator.java,com.houarizegai.calculator.Calculator,Calculator/0,btn9,1
C:\Calculator\src\main\java\com\houarizegai\calculator\Calculator.java,com.houarizegai.calculator.Calculator,Calculator/0,btn6,1
C:\Calculator\src\main\java\com\houarizegai\calculator\Calculator.java,com.houarizegai.calculator.Calculator,Calculator/0,btn7,1
C:\Calculator\src\main\java\com\houarizegai\calculator\Calculator.java,com.houarizegai.calculator.Calculator,Calculator/0,btnAdd,1
C:\Calculator\src\main\java\com\houarizegai\calculator\Calculator.java,com.houarizegai.calculator.Calculator,Calculator/0,btn4,1
C:\Calculator\src\main\java\com\houarizegai\calculator\Calculator.java,com.houarizegai.calculator.Calculator,Calculator/0,btn5,1
C:\Calculator\src\main\java\com\houarizegai\calculator\Calculator.java,com.houarizegai.calculator.Calculator,Calculator/0,btn2,1
C:\Calculator\src\main\java\com\houarizegai\calculator\Calculator.java,com.houarizegai.calculator.Calculator,Calculator/0,btn3,1
C:\Calculator\src\main\java\com\houarizegai\calculator\Calculator.java,com.houarizegai.calculator.Calculator,Calculator/0,btn0,1
C:\Calculator\src\main\java\com\houarizegai\calculator\Calculator.java,com.houarizegai.calculator.Calculator,Calculator/0,window,8
C:\Calculator\src\main\java\com\houarizegai\calculator\Calculator.java,com.houarizegai.calculator.Calculator,Calculator/0,btn1,1
C:\Calculator\src\main\java\com\houarizegai\calculator\Calculator.java,com.houarizegai.calculator.Calculator,"initBtn/4[java.lang.String,int,int,java.awt.event.ActionListener]",BUTTON_HEIGHT,1
C:\Calculator\src\main\java\com\houarizegai\calculator\Calculator.java,com.houarizegai.calculator.Calculator,"initBtn/4[java.lang.String,int,int,java.awt.event.ActionListener]",window,1
C:\Calculator\src\main\java\com\houarizegai\calculator\Calculator.java,com.houarizegai.calculator.Calculator,"initBtn/4[java.lang.String,int,int,java.awt.event.ActionListener]",BUTTON_WIDTH,1
C:\Calculator\src\main\java\com\houarizegai\calculator\Calculator.java,com.houarizegai.calculator.Calculator,"initCombo/5[java.lang.String[],int,int,java.lang.String,java.util.function.Consumer]",window,1
C:\Calculator\src\main\java\com\houarizegai\calculator\Calculator.java,com.houarizegai.calculator.Calculator,"calc/3[double,java.lang.String,char]",inText,4
C:\Calculator\src\main\java\com\houarizegai\calculator\Calculator.java,com.houarizegai.calculator.Calculator,"calc/3[double,java.lang.String,char]",opt,2
