file,class,type,cbo,cboModified,fanin,fanout,wmc,dit,noc,rfc,lcom,lcom*,tcc,lcc,totalMethodsQty,staticMethodsQty,publicMethodsQty,privateMethodsQty,protectedMethodsQty,defaultMethodsQty,visibleMethodsQty,abstractMethodsQty,finalMethodsQty,synchronizedMethodsQty,totalFieldsQty,staticFieldsQty,publicFieldsQty,privateFieldsQty,protectedFieldsQty,defaultFieldsQty,finalFieldsQty,synchronizedFieldsQty,nosi,loc,returnQty,loopQty,comparisonsQty,tryCatchQty,parenthesizedExpsQty,stringLiteralsQty,numbersQty,assignmentsQty,mathOperationsQty,variablesQty,maxNestedBlocksQty,anonymousClassesQty,innerClassesQty,lambdasQty,uniqueWordsQty,modifiers,logStatementsQty
C:\employee\EmployManagementSystem.java,Employee_Show,class,0,1,1,0,2,1,0,3,0,0.0,NaN,NaN,1,0,1,0,0,0,1,0,0,0,0,0,0,0,0,0,0,0,0,9,0,1,0,0,0,2,0,2,1,2,1,0,0,0,13,0,0
C:\employee\EmployManagementSystem.java,Employee_Remove,class,0,1,1,0,3,1,0,3,0,0.0,NaN,NaN,1,0,1,0,0,0,1,0,0,0,0,0,0,0,0,0,0,0,0,14,0,0,0,0,0,4,0,1,1,1,2,0,0,0,15,0,0
C:\employee\EmployManagementSystem.java,Employee_Update,class,0,1,1,0,2,1,0,5,0,0.0,NaN,NaN,1,0,1,0,0,0,1,0,0,0,0,0,0,0,0,0,0,0,0,14,0,1,0,0,0,6,0,6,3,4,1,0,0,0,19,0,0
C:\employee\EmployManagementSystem.java,EmployManagementSystem,class,6,6,0,6,10,1,0,11,0,0.0,NaN,NaN,1,1,1,0,0,0,1,0,0,0,0,0,0,0,0,0,0,0,1,86,0,1,0,3,0,16,7,14,0,13,3,0,0,0,51,0,0
C:\employee\EmployManagementSystem.java,EmployDetail,class,0,1,1,0,1,1,0,2,0,0.0,NaN,NaN,1,0,1,0,0,0,1,0,0,0,7,0,0,0,0,7,0,0,0,26,0,0,0,0,0,7,0,8,0,8,0,0,0,0,23,0,0
C:\employee\EmployManagementSystem.java,Employee_Add,class,1,2,1,1,3,1,0,8,0,0.0,NaN,NaN,1,0,1,0,0,0,1,0,0,0,0,0,0,0,0,0,0,0,0,26,0,0,0,1,0,21,0,4,3,4,2,0,0,0,31,0,0
C:\employee\EmployManagementSystem.java,CodeExit,class,0,1,1,0,1,1,0,2,0,0.0,NaN,NaN,1,0,1,0,0,0,1,0,0,0,0,0,0,0,0,0,0,0,1,9,0,0,0,0,0,4,1,0,0,0,0,0,0,0,19,0,0
C:\employee\EmployManagementSystem.java,MainMenu,class,0,1,1,0,1,1,0,1,0,0.0,NaN,NaN,1,0,1,0,0,0,1,0,0,0,0,0,0,0,0,0,0,0,0,15,0,0,0,0,0,11,0,0,0,0,0,0,0,0,27,0,0
