file,class,method,variable,usage
C:\employee\EmployManagementSystem.java,EmployDetail,getInfo/0,father_name,1
C:\employee\EmployManagementSystem.java,EmployDetail,getInfo/0,employ_id,1
C:\employee\EmployManagementSystem.java,EmployDetail,getInfo/0,name,1
C:\employee\EmployManagementSystem.java,EmployDetail,getInfo/0,employ_contact,1
C:\employee\EmployManagementSystem.java,EmployDetail,getInfo/0,position,1
C:\employee\EmployManagementSystem.java,EmployDetail,getInfo/0,employ_salary,1
C:\employee\EmployManagementSystem.java,EmployDetail,getInfo/0,email,1
