file,class,method,constructor,line,cbo,cboModified,fanin,fanout,wmc,rfc,loc,returnsQty,variablesQty,parametersQty,methodsInvokedQty,methodsInvokedLocalQty,methodsInvokedIndirectLocalQty,loopQty,comparisonsQty,tryCatchQty,parenthesizedExpsQty,stringLiteralsQty,numbersQty,assignmentsQty,mathOperationsQty,maxNestedBlocksQty,anonymousClassesQty,innerClassesQty,lambdasQty,uniqueWordsQty,modifiers,logStatementsQty,hasJavaDoc
C:\employee\EmployManagementSystem.java,Employee_Show,viewFile/1[java.lang.String],false,98,0,1,1,0,2,3,7,0,2,1,3,0,0,1,0,0,0,2,0,2,1,1,0,0,0,7,1,0,false
C:\employee\EmployManagementSystem.java,Employee_Remove,removeFile/1[java.lang.String],false,114,0,1,1,0,3,3,12,0,1,1,3,0,0,0,0,0,0,4,0,1,1,2,0,0,0,11,1,0,false
C:\employee\EmployManagementSystem.java,Employee_Update,"updateFile/3[java.lang.String,java.lang.String,java.lang.String]",false,136,0,1,1,0,2,5,12,0,4,3,5,0,0,1,0,0,0,6,0,6,3,1,0,0,0,13,1,0,false
C:\employee\EmployManagementSystem.java,EmployManagementSystem,main/1[java.lang.String[]],false,172,6,12,0,12,10,11,84,0,13,1,11,0,0,1,0,3,0,16,7,14,0,3,0,0,0,47,9,0,false
C:\employee\EmployManagementSystem.java,EmployDetail,getInfo/0,false,74,0,1,1,0,1,2,17,0,1,0,2,0,0,0,0,0,0,7,0,8,0,0,0,0,0,19,1,0,false
C:\employee\EmployManagementSystem.java,Employee_Add,createFile/0,false,33,1,3,1,2,3,8,24,0,4,0,8,0,0,0,0,1,0,21,0,4,3,2,0,0,0,24,1,0,false
C:\employee\EmployManagementSystem.java,CodeExit,out/0,false,158,0,1,1,0,1,2,7,0,0,0,2,0,0,0,0,0,0,4,1,0,0,0,0,0,0,10,1,0,false
C:\employee\EmployManagementSystem.java,MainMenu,menu/0,false,12,0,1,1,0,1,1,13,0,0,0,1,0,0,0,0,0,0,11,0,0,0,0,0,0,0,23,1,0,false
