file,class,method,variable,usage
C:\employee\EmployManagementSystem.java,Employee_Show,viewFile/1[java.lang.String],sc,2
C:\employee\EmployManagementSystem.java,Employee_Show,viewFile/1[java.lang.String],s,1
C:\employee\EmployManagementSystem.java,Employee_Show,viewFile/1[java.lang.String],file,1
C:\employee\EmployManagementSystem.java,Employee_Remove,removeFile/1[java.lang.String],file,2
C:\employee\EmployManagementSystem.java,Employee_Remove,removeFile/1[java.lang.String],ID,1
C:\employee\EmployManagementSystem.java,Employee_Update,"updateFile/3[java.lang.String,java.lang.String,java.lang.String]",sc,2
C:\employee\EmployManagementSystem.java,Employee_Update,"updateFile/3[java.lang.String,java.lang.String,java.lang.String]",fileContext,5
C:\employee\EmployManagementSystem.java,Employee_Update,"updateFile/3[java.lang.String,java.lang.String,java.lang.String]",myWriter,2
C:\employee\EmployManagementSystem.java,Employee_Update,"updateFile/3[java.lang.String,java.lang.String,java.lang.String]",s,2
C:\employee\EmployManagementSystem.java,Employee_Update,"updateFile/3[java.lang.String,java.lang.String,java.lang.String]",file,1
C:\employee\EmployManagementSystem.java,Employee_Update,"updateFile/3[java.lang.String,java.lang.String,java.lang.String]",n,1
C:\employee\EmployManagementSystem.java,Employee_Update,"updateFile/3[java.lang.String,java.lang.String,java.lang.String]",o,1
C:\employee\EmployManagementSystem.java,EmployManagementSystem,main/1[java.lang.String[]],arv,0
C:\employee\EmployManagementSystem.java,EmployManagementSystem,main/1[java.lang.String[]],e,5
C:\employee\EmployManagementSystem.java,EmployManagementSystem,main/1[java.lang.String[]],epr,1
C:\employee\EmployManagementSystem.java,EmployManagementSystem,main/1[java.lang.String[]],i,3
C:\employee\EmployManagementSystem.java,EmployManagementSystem,main/1[java.lang.String[]],obj1,5
C:\employee\EmployManagementSystem.java,EmployManagementSystem,main/1[java.lang.String[]],I,2
C:\employee\EmployManagementSystem.java,EmployManagementSystem,main/1[java.lang.String[]],epv,2
C:\employee\EmployManagementSystem.java,EmployManagementSystem,main/1[java.lang.String[]],ep,1
C:\employee\EmployManagementSystem.java,EmployManagementSystem,main/1[java.lang.String[]],epu,1
C:\employee\EmployManagementSystem.java,EmployManagementSystem,main/1[java.lang.String[]],n,1
C:\employee\EmployManagementSystem.java,EmployManagementSystem,main/1[java.lang.String[]],sc,9
C:\employee\EmployManagementSystem.java,EmployManagementSystem,main/1[java.lang.String[]],s,5
C:\employee\EmployManagementSystem.java,EmployManagementSystem,main/1[java.lang.String[]],obj,1
C:\employee\EmployManagementSystem.java,EmployDetail,getInfo/0,sc,7
C:\employee\EmployManagementSystem.java,Employee_Add,createFile/0,sc,2
C:\employee\EmployManagementSystem.java,Employee_Add,createFile/0,myWriter,2
C:\employee\EmployManagementSystem.java,Employee_Add,createFile/0,e,1
C:\employee\EmployManagementSystem.java,Employee_Add,createFile/0,emp,10
C:\employee\EmployManagementSystem.java,Employee_Add,createFile/0,f1,1
