file,class,type,cbo,cboModified,fanin,fanout,wmc,dit,noc,rfc,lcom,lcom*,tcc,lcc,totalMethodsQty,staticMethodsQty,publicMethodsQty,privateMethodsQty,protectedMethodsQty,defaultMethodsQty,visibleMethodsQty,abstractMethodsQty,finalMethodsQty,synchronizedMethodsQty,totalFieldsQty,staticFieldsQty,publicFieldsQty,privateFieldsQty,protectedFieldsQty,defaultFieldsQty,finalFieldsQty,synchronizedFieldsQty,nosi,loc,returnQty,loopQty,comparisonsQty,tryCatchQty,parenthesizedExpsQty,stringLiteralsQty,numbersQty,assignmentsQty,mathOperationsQty,variablesQty,maxNestedBlocksQty,anonymousClassesQty,innerClassesQty,lambdasQty,uniqueWordsQty,modifiers,logStatementsQty
C:\Hospital-Management-System-master\Hospital-Management-System-master\AboutUs.java,AboutUs$Anonymous1,anonymous,1,1,0,1,1,1,0,0,0,0.0,NaN,NaN,1,0,1,0,0,0,1,0,0,0,0,0,0,0,0,0,0,0,0,5,0,0,0,0,0,0,0,0,0,0,0,0,0,0,3,-1,0
C:\Hospital-Management-System-master\Hospital-Management-System-master\Edit.java,Edit$Anonymous1,anonymous,1,1,0,1,1,1,0,1,0,0.0,NaN,NaN,1,0,1,0,0,0,1,0,0,0,0,0,0,0,0,0,0,0,0,6,0,0,0,0,0,0,0,0,0,0,0,0,0,0,8,-1,0
C:\Hospital-Management-System-master\Hospital-Management-System-master\Edit.java,Edit$Anonymous2,anonymous,1,1,0,1,1,1,0,1,0,0.0,NaN,NaN,1,0,1,0,0,0,1,0,0,0,0,0,0,0,0,0,0,0,0,6,0,0,0,0,0,0,0,0,0,0,0,0,0,0,8,-1,0
C:\Hospital-Management-System-master\Hospital-Management-System-master\Edit.java,Edit,class,0,3,3,0,3,1,0,18,1,0.54545456,0.33333334,0.33333334,3,1,2,0,0,1,3,0,0,0,9,0,0,0,0,9,0,0,2,190,0,0,0,0,3,14,98,27,10,34,0,7,0,0,67,0,0
C:\Hospital-Management-System-master\Hospital-Management-System-master\DoctorIndividual.java,DoctorIndividual,class,0,0,0,0,0,1,0,0,0,0.0,-1.0,-1.0,0,0,0,0,0,0,0,0,0,0,0,0,0,0,0,0,0,0,0,2,0,0,0,0,0,0,0,0,0,0,0,0,0,0,2,0,0
C:\Hospital-Management-System-master\Hospital-Management-System-master\ContactUs.java,ContactUs,class,0,6,6,0,2,1,0,29,1,0.5,0.0,0.0,2,1,1,0,0,1,2,0,0,0,2,0,0,0,0,2,0,0,7,163,0,0,0,0,6,25,109,31,33,31,0,5,0,0,70,1,0
C:\Hospital-Management-System-master\Hospital-Management-System-master\HomePage.java,HomePage$Anonymous1,anonymous,1,1,0,1,1,1,0,1,0,0.0,NaN,NaN,1,0,1,0,0,0,1,0,0,0,0,0,0,0,0,0,0,0,0,6,0,0,0,0,0,0,0,0,0,0,0,0,0,0,8,-1,0
C:\Hospital-Management-System-master\Hospital-Management-System-master\MenuPage.java,MenuPage$Anonymous9,anonymous,0,0,0,0,3,1,0,16,0,0.0,NaN,NaN,1,0,1,0,0,0,1,0,0,0,0,0,0,0,0,0,0,0,4,36,0,1,0,1,0,13,6,13,4,9,2,0,0,0,31,-1,0
C:\Hospital-Management-System-master\Hospital-Management-System-master\HomePage.java,HomePage$Anonymous2,anonymous,1,1,0,1,1,1,0,1,0,0.0,NaN,NaN,1,0,1,0,0,0,1,0,0,0,0,0,0,0,0,0,0,0,0,6,0,0,0,0,0,0,0,0,0,0,0,0,0,0,8,-1,0
C:\Hospital-Management-System-master\Hospital-Management-System-master\MenuPage.java,MenuPage$Anonymous7,anonymous,0,0,0,0,2,1,0,7,0,0.0,NaN,NaN,1,0,1,0,0,0,1,0,0,0,0,0,0,0,0,0,0,0,2,17,0,0,0,1,0,5,2,5,1,4,1,0,0,0,19,-1,0
C:\Hospital-Management-System-master\Hospital-Management-System-master\MenuPage.java,MenuPage$Anonymous8,anonymous,0,0,0,0,4,1,0,14,0,0.0,NaN,NaN,1,0,1,0,0,0,1,0,0,0,0,0,0,0,0,0,0,0,4,48,0,1,0,2,0,20,16,20,5,14,2,0,0,0,49,-1,0
C:\Hospital-Management-System-master\Hospital-Management-System-master\HomePage.java,HomePage$Anonymous3,anonymous,1,1,0,1,1,1,0,1,0,0.0,NaN,NaN,1,0,1,0,0,0,1,0,0,0,0,0,0,0,0,0,0,0,0,6,0,0,0,0,0,0,0,0,0,0,0,0,0,0,8,-1,0
C:\Hospital-Management-System-master\Hospital-Management-System-master\HomePage.java,HomePage$Anonymous4,anonymous,3,3,0,3,4,1,0,7,0,0.0,NaN,NaN,1,0,1,0,0,0,1,0,0,0,0,0,0,0,0,0,0,0,5,17,0,0,2,0,0,4,2,3,0,3,4,0,0,0,20,-1,0
C:\Hospital-Management-System-master\Hospital-Management-System-master\EditDoc.java,EditDoc,class,0,3,3,0,3,1,0,18,1,0.51851857,0.33333334,0.33333334,3,1,2,0,0,1,3,0,0,0,7,0,0,0,0,7,0,0,2,165,0,0,0,0,2,13,85,24,8,29,0,6,0,0,62,0,0
C:\Hospital-Management-System-master\Hospital-Management-System-master\AboutUs.java,AboutUs,class,0,6,6,0,2,1,0,25,1,0.0,0.0,0.0,2,1,1,0,0,1,2,0,0,0,0,0,0,0,0,0,0,0,8,78,0,0,0,0,1,19,48,18,9,18,0,1,0,0,93,1,0
C:\Hospital-Management-System-master\Hospital-Management-System-master\ContactUs.java,ContactUs$Anonymous4,anonymous,0,0,0,0,2,1,0,9,0,0.0,NaN,NaN,1,0,1,0,0,0,1,0,0,0,0,0,0,0,0,0,0,0,2,18,0,0,0,1,0,5,2,2,0,2,1,0,0,0,18,-1,0
C:\Hospital-Management-System-master\Hospital-Management-System-master\MenuPage.java,MenuPage$Anonymous1,anonymous,1,1,0,1,1,1,0,1,0,0.0,NaN,NaN,1,0,1,0,0,0,1,0,0,0,0,0,0,0,0,0,0,0,0,6,0,0,0,0,0,0,0,0,0,0,0,0,0,0,8,-1,0
C:\Hospital-Management-System-master\Hospital-Management-System-master\ContactUs.java,ContactUs$Anonymous3,anonymous,1,1,0,1,1,1,0,1,0,0.0,NaN,NaN,1,0,1,0,0,0,1,0,0,0,0,0,0,0,0,0,0,0,0,6,0,0,0,0,0,0,0,0,0,0,0,0,0,0,8,-1,0
C:\Hospital-Management-System-master\Hospital-Management-System-master\MenuPage.java,MenuPage$Anonymous2,anonymous,1,1,0,1,1,1,0,1,0,0.0,NaN,NaN,1,0,1,0,0,0,1,0,0,0,0,0,0,0,0,0,0,0,0,6,0,0,0,0,0,0,0,0,0,0,0,0,0,0,8,-1,0
C:\Hospital-Management-System-master\Hospital-Management-System-master\ContactUs.java,ContactUs$Anonymous5,anonymous,1,1,0,1,1,1,0,0,0,0.0,NaN,NaN,1,0,1,0,0,0,1,0,0,0,0,0,0,0,0,0,0,0,0,5,0,0,0,0,0,0,0,0,0,0,0,0,0,0,3,-1,0
C:\Hospital-Management-System-master\Hospital-Management-System-master\PatientIndividual.java,PatientIndividual,class,0,0,0,0,0,1,0,0,0,0.0,-1.0,-1.0,0,0,0,0,0,0,0,0,0,0,0,0,0,0,0,0,0,0,0,2,0,0,0,0,0,0,0,0,0,0,0,0,0,0,2,0,0
C:\Hospital-Management-System-master\Hospital-Management-System-master\MenuPage.java,MenuPage$Anonymous5,anonymous,1,1,0,1,1,1,0,1,0,0.0,NaN,NaN,1,0,1,0,0,0,1,0,0,0,0,0,0,0,0,0,0,0,0,6,0,0,0,0,0,0,0,0,0,0,0,0,0,0,7,-1,0
C:\Hospital-Management-System-master\Hospital-Management-System-master\MenuPage.java,MenuPage$Anonymous6,anonymous,1,1,0,1,1,1,0,1,0,0.0,NaN,NaN,1,0,1,0,0,0,1,0,0,0,0,0,0,0,0,0,0,0,0,6,0,0,0,0,0,0,0,0,0,0,0,0,0,0,8,-1,0
C:\Hospital-Management-System-master\Hospital-Management-System-master\ContactUs.java,ContactUs$Anonymous2,anonymous,1,1,0,1,1,1,0,1,0,0.0,NaN,NaN,1,0,1,0,0,0,1,0,0,0,0,0,0,0,0,0,0,0,0,6,0,0,0,0,0,0,0,0,0,0,0,0,0,0,8,-1,0
C:\Hospital-Management-System-master\Hospital-Management-System-master\MenuPage.java,MenuPage$Anonymous3,anonymous,1,1,0,1,1,1,0,1,0,0.0,NaN,NaN,1,0,1,0,0,0,1,0,0,0,0,0,0,0,0,0,0,0,0,6,0,0,0,0,0,0,0,0,0,0,0,0,0,0,8,-1,0
C:\Hospital-Management-System-master\Hospital-Management-System-master\ContactUs.java,ContactUs$Anonymous1,anonymous,1,1,0,1,1,1,0,1,0,0.0,NaN,NaN,1,0,1,0,0,0,1,0,0,0,0,0,0,0,0,0,0,0,0,6,0,0,0,0,0,0,0,0,0,0,0,0,0,0,8,-1,0
C:\Hospital-Management-System-master\Hospital-Management-System-master\MenuPage.java,MenuPage$Anonymous4,anonymous,1,1,0,1,2,1,0,13,0,0.0,NaN,NaN,1,0,1,0,0,0,1,0,0,0,0,0,0,0,0,0,0,0,2,33,0,0,0,1,0,13,7,11,2,8,1,0,0,0,56,-1,0
C:\Hospital-Management-System-master\Hospital-Management-System-master\testtable.java,testtable$Anonymous1,anonymous,1,1,0,1,1,1,0,1,0,0.0,NaN,NaN,1,0,1,0,0,0,1,0,0,0,0,0,0,0,0,0,0,0,0,5,0,0,0,0,0,0,0,0,0,0,0,0,0,0,3,-1,0
C:\Hospital-Management-System-master\Hospital-Management-System-master\EditDoc.java,EditDoc$Anonymous5,anonymous,1,1,0,1,1,1,0,1,0,0.0,NaN,NaN,1,0,1,0,0,0,1,0,0,0,0,0,0,0,0,0,0,0,0,6,0,0,0,0,0,0,0,0,0,0,0,0,0,0,8,-1,0
C:\Hospital-Management-System-master\Hospital-Management-System-master\EditDoc.java,EditDoc$Anonymous6,anonymous,1,1,0,1,1,1,0,0,0,0.0,NaN,NaN,1,0,1,0,0,0,1,0,0,0,0,0,0,0,0,0,0,0,0,5,0,0,0,0,0,0,0,0,0,0,0,0,0,0,3,-1,0
C:\Hospital-Management-System-master\Hospital-Management-System-master\EditDoc.java,EditDoc$Anonymous3,anonymous,1,1,0,1,2,1,0,10,0,0.0,NaN,NaN,1,0,1,0,0,0,1,0,0,0,0,0,0,0,0,0,0,0,2,22,0,0,0,1,0,8,1,10,0,5,1,0,0,0,33,-1,0
C:\Hospital-Management-System-master\Hospital-Management-System-master\EditDoc.java,EditDoc$Anonymous4,anonymous,0,0,0,0,2,1,0,8,0,0.0,NaN,NaN,1,0,1,0,0,0,1,0,0,0,0,0,0,0,0,0,0,0,2,20,0,0,0,1,0,5,5,4,0,3,1,0,0,0,29,-1,0
C:\Hospital-Management-System-master\Hospital-Management-System-master\HomePage.java,HomePage,class,1,7,6,1,6,1,0,26,3,0.6666667,0.0,0.0,3,1,1,1,0,1,2,0,0,0,4,4,0,0,0,4,4,0,3,150,3,0,0,2,3,23,79,34,10,34,2,4,0,0,99,0,0
C:\Hospital-Management-System-master\Hospital-Management-System-master\EditDoc.java,EditDoc$Anonymous1,anonymous,1,1,0,1,1,1,0,0,0,0.0,NaN,NaN,1,0,1,0,0,0,1,0,0,0,0,0,0,0,0,0,0,0,0,5,0,0,0,0,0,0,0,0,0,0,0,0,0,0,7,-1,0
C:\Hospital-Management-System-master\Hospital-Management-System-master\testtable.java,testtable,class,1,3,2,1,3,6,0,8,3,0.0,0.0,0.0,3,1,2,1,0,0,2,0,0,0,0,0,0,0,0,0,0,0,1,33,0,0,0,0,0,0,9,5,0,5,0,1,0,0,29,1,0
C:\Hospital-Management-System-master\Hospital-Management-System-master\EditDoc.java,EditDoc$Anonymous2,anonymous,1,1,0,1,1,1,0,0,0,0.0,NaN,NaN,1,0,1,0,0,0,1,0,0,0,0,0,0,0,0,0,0,0,0,5,0,0,0,0,0,0,0,0,0,0,0,0,0,0,7,-1,0
C:\Hospital-Management-System-master\Hospital-Management-System-master\MenuPage.java,MenuPage,class,0,5,5,0,6,1,0,28,1,0.75,0.0,0.0,2,1,1,0,0,1,2,0,0,0,17,0,0,0,0,17,0,0,4,403,0,2,0,2,9,63,165,67,28,80,2,10,0,0,122,0,0
C:\Hospital-Management-System-master\Hospital-Management-System-master\Edit.java,Edit$Anonymous3,anonymous,1,1,0,1,1,1,0,1,0,0.0,NaN,NaN,1,0,1,0,0,0,1,0,0,0,0,0,0,0,0,0,0,0,0,6,0,0,0,0,0,0,0,0,0,0,0,0,0,0,8,-1,0
C:\Hospital-Management-System-master\Hospital-Management-System-master\Edit.java,Edit$Anonymous4,anonymous,1,1,0,1,2,1,0,10,0,0.0,NaN,NaN,1,0,1,0,0,0,1,0,0,0,0,0,0,0,0,0,0,0,2,24,0,0,0,1,0,10,1,12,0,5,1,0,0,0,35,-1,0
C:\Hospital-Management-System-master\Hospital-Management-System-master\Edit.java,Edit$Anonymous5,anonymous,0,0,0,0,2,1,0,8,0,0.0,NaN,NaN,1,0,1,0,0,0,1,0,0,0,0,0,0,0,0,0,0,0,2,22,0,0,0,1,0,5,7,4,0,3,1,0,0,0,30,-1,0
C:\Hospital-Management-System-master\Hospital-Management-System-master\Edit.java,Edit$Anonymous6,anonymous,1,1,0,1,1,1,0,1,0,0.0,NaN,NaN,1,0,1,0,0,0,1,0,0,0,0,0,0,0,0,0,0,0,0,6,0,0,0,0,0,0,0,0,0,0,0,0,0,0,8,-1,0
C:\Hospital-Management-System-master\Hospital-Management-System-master\Edit.java,Edit$Anonymous7,anonymous,1,1,0,1,1,1,0,0,0,0.0,NaN,NaN,1,0,1,0,0,0,1,0,0,0,0,0,0,0,0,0,0,0,0,5,0,0,0,0,0,0,0,0,0,0,0,0,0,0,2,-1,0
C:\Hospital-Management-System-master\Hospital-Management-System-master\MenuPage.java,MenuPage$Anonymous10,anonymous,1,1,0,1,1,1,0,0,0,0.0,NaN,NaN,1,0,1,0,0,0,1,0,0,0,0,0,0,0,0,0,0,0,0,5,0,0,0,0,0,0,0,0,0,0,0,0,0,0,3,-1,0
