file,class,method,variable,usage
C:\Hospital-Management-System-master\Hospital-Management-System-master\Edit.java,Edit,Edit/0,menubutton,3
C:\Hospital-Management-System-master\Hospital-Management-System-master\Edit.java,Edit,Edit/0,formpanel,4
C:\Hospital-Management-System-master\Hospital-Management-System-master\Edit.java,Edit,Edit/0,editpane,6
C:\Hospital-Management-System-master\Hospital-Management-System-master\Edit.java,Edit,Edit/0,menubuttonpane,6
C:\Hospital-Management-System-master\Hospital-Management-System-master\Edit.java,Edit,"editform/7[java.lang.String,java.lang.String,java.lang.String,java.lang.String,java.lang.String,java.lang.String,int]",menubutton,1
C:\Hospital-Management-System-master\Hospital-Management-System-master\Edit.java,Edit,"editform/7[java.lang.String,java.lang.String,java.lang.String,java.lang.String,java.lang.String,java.lang.String,int]",address,2
C:\Hospital-Management-System-master\Hospital-Management-System-master\Edit.java,Edit,"editform/7[java.lang.String,java.lang.String,java.lang.String,java.lang.String,java.lang.String,java.lang.String,int]",phone,2
C:\Hospital-Management-System-master\Hospital-Management-System-master\Edit.java,Edit,"editform/7[java.lang.String,java.lang.String,java.lang.String,java.lang.String,java.lang.String,java.lang.String,int]",formpanel,9
C:\Hospital-Management-System-master\Hospital-Management-System-master\Edit.java,Edit,"editform/7[java.lang.String,java.lang.String,java.lang.String,java.lang.String,java.lang.String,java.lang.String,int]",sex,2
C:\Hospital-Management-System-master\Hospital-Management-System-master\Edit.java,Edit,"editform/7[java.lang.String,java.lang.String,java.lang.String,java.lang.String,java.lang.String,java.lang.String,int]",name,2
C:\Hospital-Management-System-master\Hospital-Management-System-master\Edit.java,Edit,"editform/7[java.lang.String,java.lang.String,java.lang.String,java.lang.String,java.lang.String,java.lang.String,int]",editpane,1
C:\Hospital-Management-System-master\Hospital-Management-System-master\Edit.java,Edit,"editform/7[java.lang.String,java.lang.String,java.lang.String,java.lang.String,java.lang.String,java.lang.String,int]",age,2
C:\Hospital-Management-System-master\Hospital-Management-System-master\Edit.java,Edit,"editform/7[java.lang.String,java.lang.String,java.lang.String,java.lang.String,java.lang.String,java.lang.String,int]",illness,2
C:\Hospital-Management-System-master\Hospital-Management-System-master\Edit.java,Edit,"editform/7[java.lang.String,java.lang.String,java.lang.String,java.lang.String,java.lang.String,java.lang.String,int]",menubuttonpane,1
C:\Hospital-Management-System-master\Hospital-Management-System-master\ContactUs.java,ContactUs,ContactUs/0,comments,5
C:\Hospital-Management-System-master\Hospital-Management-System-master\ContactUs.java,ContactUs,ContactUs/0,email,5
C:\Hospital-Management-System-master\Hospital-Management-System-master\EditDoc.java,EditDoc,"editform/5[java.lang.String,java.lang.String,java.lang.String,java.lang.String,int]",menubutton,1
C:\Hospital-Management-System-master\Hospital-Management-System-master\EditDoc.java,EditDoc,"editform/5[java.lang.String,java.lang.String,java.lang.String,java.lang.String,int]",specialisation,2
C:\Hospital-Management-System-master\Hospital-Management-System-master\EditDoc.java,EditDoc,"editform/5[java.lang.String,java.lang.String,java.lang.String,java.lang.String,int]",address,2
C:\Hospital-Management-System-master\Hospital-Management-System-master\EditDoc.java,EditDoc,"editform/5[java.lang.String,java.lang.String,java.lang.String,java.lang.String,int]",phone,2
C:\Hospital-Management-System-master\Hospital-Management-System-master\EditDoc.java,EditDoc,"editform/5[java.lang.String,java.lang.String,java.lang.String,java.lang.String,int]",formpanel,6
C:\Hospital-Management-System-master\Hospital-Management-System-master\EditDoc.java,EditDoc,"editform/5[java.lang.String,java.lang.String,java.lang.String,java.lang.String,int]",name,2
C:\Hospital-Management-System-master\Hospital-Management-System-master\EditDoc.java,EditDoc,"editform/5[java.lang.String,java.lang.String,java.lang.String,java.lang.String,int]",editpane,1
C:\Hospital-Management-System-master\Hospital-Management-System-master\EditDoc.java,EditDoc,"editform/5[java.lang.String,java.lang.String,java.lang.String,java.lang.String,int]",menubuttonpane,1
C:\Hospital-Management-System-master\Hospital-Management-System-master\EditDoc.java,EditDoc,EditDoc/0,menubutton,3
C:\Hospital-Management-System-master\Hospital-Management-System-master\EditDoc.java,EditDoc,EditDoc/0,formpanel,4
C:\Hospital-Management-System-master\Hospital-Management-System-master\EditDoc.java,EditDoc,EditDoc/0,editpane,6
C:\Hospital-Management-System-master\Hospital-Management-System-master\EditDoc.java,EditDoc,EditDoc/0,menubuttonpane,6
C:\Hospital-Management-System-master\Hospital-Management-System-master\HomePage.java,HomePage,"validate_login/2[java.lang.String,java.lang.String]",PASS,1
C:\Hospital-Management-System-master\Hospital-Management-System-master\HomePage.java,HomePage,"validate_login/2[java.lang.String,java.lang.String]",DB_URL,1
C:\Hospital-Management-System-master\Hospital-Management-System-master\HomePage.java,HomePage,"validate_login/2[java.lang.String,java.lang.String]",USER,1
C:\Hospital-Management-System-master\Hospital-Management-System-master\HomePage.java,HomePage,HomePage/0,JDBC_DRIVER,1
C:\Hospital-Management-System-master\Hospital-Management-System-master\MenuPage.java,MenuPage,MenuPage/0,mainbodypanel,5
C:\Hospital-Management-System-master\Hospital-Management-System-master\MenuPage.java,MenuPage,MenuPage/0,billdisplaypanel,5
C:\Hospital-Management-System-master\Hospital-Management-System-master\MenuPage.java,MenuPage,MenuPage/0,i,2
