file,class,method,constructor,line,cbo,cboModified,fanin,fanout,wmc,rfc,loc,returnsQty,variablesQty,parametersQty,methodsInvokedQty,methodsInvokedLocalQty,methodsInvokedIndirectLocalQty,loopQty,comparisonsQty,tryCatchQty,parenthesizedExpsQty,stringLiteralsQty,numbersQty,assignmentsQty,mathOperationsQty,maxNestedBlocksQty,anonymousClassesQty,innerClassesQty,lambdasQty,uniqueWordsQty,modifiers,logStatementsQty,hasJavaDoc
C:\Hospital-Management-System-master\Hospital-Management-System-master\AboutUs.java,AboutUs$Anonymous1,run/0,false,168,1,6,0,6,1,0,3,0,0,0,0,0,0,0,0,0,0,0,0,0,0,0,0,0,0,3,1,0,false
C:\Hospital-Management-System-master\Hospital-Management-System-master\Edit.java,Edit$Anonymous1,actionPerformed/1[java.awt.event.ActionEvent],false,73,1,9,0,9,1,1,4,0,0,1,1,0,0,0,0,0,0,0,0,0,0,0,0,0,0,8,1,0,false
C:\Hospital-Management-System-master\Hospital-Management-System-master\Edit.java,Edit$Anonymous2,actionPerformed/1[java.awt.event.ActionEvent],false,85,1,9,0,9,1,1,4,0,0,1,1,0,0,0,0,0,0,0,0,0,0,0,0,0,0,8,1,0,false
C:\Hospital-Management-System-master\Hospital-Management-System-master\Edit.java,Edit,Edit/0,true,24,0,3,2,1,1,16,113,0,16,0,16,0,0,0,0,0,3,13,70,20,10,0,4,0,0,85,0,0,false
C:\Hospital-Management-System-master\Hospital-Management-System-master\Edit.java,Edit,main/1[java.lang.String[]],false,272,0,1,0,1,1,1,8,0,0,1,1,0,0,0,0,0,0,0,0,0,0,0,1,0,0,4,9,0,false
C:\Hospital-Management-System-master\Hospital-Management-System-master\Edit.java,Edit,"editform/7[java.lang.String,java.lang.String,java.lang.String,java.lang.String,java.lang.String,java.lang.String,int]",false,185,0,2,1,1,1,6,58,0,7,7,6,0,0,0,0,0,0,1,28,7,0,0,2,0,0,56,1,0,false
C:\Hospital-Management-System-master\Hospital-Management-System-master\ContactUs.java,ContactUs,ContactUs/0,true,12,0,3,2,1,1,28,151,0,29,0,28,0,0,0,0,0,6,25,109,31,33,0,4,0,0,86,0,0,false
C:\Hospital-Management-System-master\Hospital-Management-System-master\ContactUs.java,ContactUs,main/1[java.lang.String[]],false,228,0,1,0,1,1,1,8,0,0,1,1,0,0,0,0,0,0,0,0,0,0,0,1,0,0,5,9,0,false
C:\Hospital-Management-System-master\Hospital-Management-System-master\HomePage.java,HomePage$Anonymous1,actionPerformed/1[java.awt.event.ActionEvent],false,99,1,9,0,9,1,1,4,0,0,1,1,0,0,0,0,0,0,0,0,0,0,0,0,0,0,8,1,0,false
C:\Hospital-Management-System-master\Hospital-Management-System-master\MenuPage.java,MenuPage$Anonymous9,actionPerformed/1[java.awt.event.ActionEvent],false,556,0,9,0,9,3,16,34,0,9,1,16,0,0,1,0,1,0,13,6,13,4,2,0,0,0,31,1,0,false
C:\Hospital-Management-System-master\Hospital-Management-System-master\HomePage.java,HomePage$Anonymous2,actionPerformed/1[java.awt.event.ActionEvent],false,111,1,9,0,9,1,1,4,0,0,1,1,0,0,0,0,0,0,0,0,0,0,0,0,0,0,8,1,0,false
C:\Hospital-Management-System-master\Hospital-Management-System-master\MenuPage.java,MenuPage$Anonymous7,actionPerformed/1[java.awt.event.ActionEvent],false,427,0,9,0,9,2,7,15,0,4,1,7,0,0,0,0,1,0,5,2,5,1,1,0,0,0,19,1,0,false
C:\Hospital-Management-System-master\Hospital-Management-System-master\MenuPage.java,MenuPage$Anonymous8,actionPerformed/1[java.awt.event.ActionEvent],false,469,0,9,0,9,4,14,46,0,14,1,14,0,0,1,0,2,0,20,16,20,5,2,0,0,0,49,1,0,false
C:\Hospital-Management-System-master\Hospital-Management-System-master\HomePage.java,HomePage$Anonymous3,actionPerformed/1[java.awt.event.ActionEvent],false,121,1,9,0,9,1,1,4,0,0,1,1,0,0,0,0,0,0,0,0,0,0,0,0,0,0,8,1,0,false
C:\Hospital-Management-System-master\Hospital-Management-System-master\HomePage.java,HomePage$Anonymous4,actionPerformed/1[java.awt.event.ActionEvent],false,176,3,9,0,9,4,7,15,0,3,1,7,0,0,0,2,0,0,4,2,3,0,4,0,0,0,20,1,0,false
C:\Hospital-Management-System-master\Hospital-Management-System-master\EditDoc.java,EditDoc,"editform/5[java.lang.String,java.lang.String,java.lang.String,java.lang.String,int]",false,164,0,2,1,1,1,5,49,0,5,5,5,0,0,0,0,0,0,1,20,5,0,0,2,0,0,49,1,0,false
C:\Hospital-Management-System-master\Hospital-Management-System-master\EditDoc.java,EditDoc,main/1[java.lang.String[]],false,240,0,1,0,1,1,1,8,0,0,1,1,0,0,0,0,0,0,0,0,0,0,0,1,0,0,5,9,0,false
C:\Hospital-Management-System-master\Hospital-Management-System-master\EditDoc.java,EditDoc,EditDoc/0,true,21,0,3,2,1,1,16,99,0,15,0,16,0,0,0,0,0,2,12,65,19,8,0,3,0,0,81,0,0,false
C:\Hospital-Management-System-master\Hospital-Management-System-master\AboutUs.java,AboutUs,main/1[java.lang.String[]],false,164,0,1,0,1,1,1,8,0,0,1,1,0,0,0,0,0,0,0,0,0,0,0,1,0,0,5,9,0,false
C:\Hospital-Management-System-master\Hospital-Management-System-master\AboutUs.java,AboutUs,AboutUs/0,true,14,0,2,2,0,1,24,68,0,18,0,24,0,0,0,0,0,1,19,48,18,9,0,0,0,0,91,0,0,false
C:\Hospital-Management-System-master\Hospital-Management-System-master\ContactUs.java,ContactUs$Anonymous4,actionPerformed/1[java.awt.event.ActionEvent],false,181,0,9,0,9,2,9,16,0,2,1,9,0,0,0,0,1,0,5,2,2,0,1,0,0,0,18,1,0,false
C:\Hospital-Management-System-master\Hospital-Management-System-master\MenuPage.java,MenuPage$Anonymous1,actionPerformed/1[java.awt.event.ActionEvent],false,100,1,9,0,9,1,1,4,0,0,1,1,0,0,0,0,0,0,0,0,0,0,0,0,0,0,8,1,0,false
C:\Hospital-Management-System-master\Hospital-Management-System-master\ContactUs.java,ContactUs$Anonymous3,actionPerformed/1[java.awt.event.ActionEvent],false,91,1,9,0,9,1,1,4,0,0,1,1,0,0,0,0,0,0,0,0,0,0,0,0,0,0,8,1,0,false
C:\Hospital-Management-System-master\Hospital-Management-System-master\MenuPage.java,MenuPage$Anonymous2,actionPerformed/1[java.awt.event.ActionEvent],false,112,1,9,0,9,1,1,4,0,0,1,1,0,0,0,0,0,0,0,0,0,0,0,0,0,0,8,1,0,false
C:\Hospital-Management-System-master\Hospital-Management-System-master\ContactUs.java,ContactUs$Anonymous5,run/0,false,232,1,6,0,6,1,0,3,0,0,0,0,0,0,0,0,0,0,0,0,0,0,0,0,0,0,3,1,0,false
C:\Hospital-Management-System-master\Hospital-Management-System-master\MenuPage.java,MenuPage$Anonymous5,actionPerformed/1[java.awt.event.ActionEvent],false,252,1,9,0,9,1,1,4,0,0,1,1,0,0,0,0,0,0,0,0,0,0,0,0,0,0,7,1,0,false
C:\Hospital-Management-System-master\Hospital-Management-System-master\MenuPage.java,MenuPage$Anonymous6,actionPerformed/1[java.awt.event.ActionEvent],false,329,1,9,0,9,1,1,4,0,0,1,1,0,0,0,0,0,0,0,0,0,0,0,0,0,0,8,1,0,false
C:\Hospital-Management-System-master\Hospital-Management-System-master\ContactUs.java,ContactUs$Anonymous2,actionPerformed/1[java.awt.event.ActionEvent],false,81,1,9,0,9,1,1,4,0,0,1,1,0,0,0,0,0,0,0,0,0,0,0,0,0,0,8,1,0,false
C:\Hospital-Management-System-master\Hospital-Management-System-master\MenuPage.java,MenuPage$Anonymous3,actionPerformed/1[java.awt.event.ActionEvent],false,122,1,9,0,9,1,1,4,0,0,1,1,0,0,0,0,0,0,0,0,0,0,0,0,0,0,8,1,0,false
C:\Hospital-Management-System-master\Hospital-Management-System-master\ContactUs.java,ContactUs$Anonymous1,actionPerformed/1[java.awt.event.ActionEvent],false,69,1,9,0,9,1,1,4,0,0,1,1,0,0,0,0,0,0,0,0,0,0,0,0,0,0,8,1,0,false
C:\Hospital-Management-System-master\Hospital-Management-System-master\MenuPage.java,MenuPage$Anonymous4,actionPerformed/1[java.awt.event.ActionEvent],false,189,1,9,0,9,2,13,31,0,8,1,13,0,0,0,0,1,0,13,7,11,2,1,0,0,0,56,1,0,false
C:\Hospital-Management-System-master\Hospital-Management-System-master\testtable.java,testtable$Anonymous1,run/0,false,43,1,6,0,6,1,1,3,0,0,0,1,0,0,0,0,0,0,0,0,0,0,0,0,0,0,3,1,0,false
C:\Hospital-Management-System-master\Hospital-Management-System-master\EditDoc.java,EditDoc$Anonymous5,actionPerformed/1[java.awt.event.ActionEvent],false,231,1,9,0,9,1,1,4,0,0,1,1,0,0,0,0,0,0,0,0,0,0,0,0,0,0,8,1,0,false
C:\Hospital-Management-System-master\Hospital-Management-System-master\EditDoc.java,EditDoc$Anonymous6,run/0,false,242,1,6,0,6,1,0,3,0,0,0,0,0,0,0,0,0,0,0,0,0,0,0,0,0,0,3,1,0,false
C:\Hospital-Management-System-master\Hospital-Management-System-master\EditDoc.java,EditDoc$Anonymous3,actionPerformed/1[java.awt.event.ActionEvent],false,127,1,9,0,9,2,10,20,0,5,1,10,0,0,0,0,1,0,8,1,10,0,1,0,0,0,33,1,0,false
C:\Hospital-Management-System-master\Hospital-Management-System-master\EditDoc.java,EditDoc$Anonymous4,actionPerformed/1[java.awt.event.ActionEvent],false,199,0,9,0,9,2,8,18,0,3,1,8,0,0,0,0,1,0,5,5,4,0,1,0,0,0,29,1,0,false
C:\Hospital-Management-System-master\Hospital-Management-System-master\HomePage.java,HomePage,"validate_login/2[java.lang.String,java.lang.String]",false,236,0,1,1,0,3,7,16,3,3,2,7,0,0,0,0,1,0,2,2,3,0,2,0,0,0,21,2,0,false
C:\Hospital-Management-System-master\Hospital-Management-System-master\HomePage.java,HomePage,main/1[java.lang.String[]],false,259,1,1,0,1,1,0,3,0,0,1,0,0,0,0,0,0,0,0,0,0,0,0,0,0,0,3,9,0,false
C:\Hospital-Management-System-master\Hospital-Management-System-master\HomePage.java,HomePage,HomePage/0,true,15,0,3,2,1,2,20,125,0,27,0,20,0,0,0,0,1,3,17,77,27,10,1,4,0,0,99,0,0,false
C:\Hospital-Management-System-master\Hospital-Management-System-master\EditDoc.java,EditDoc$Anonymous1,actionPerformed/1[java.awt.event.ActionEvent],false,71,1,9,0,9,1,0,3,0,0,1,0,0,0,0,0,0,0,0,0,0,0,0,0,0,0,7,1,0,false
C:\Hospital-Management-System-master\Hospital-Management-System-master\testtable.java,testtable,testtable/0,true,10,1,2,1,1,1,1,3,0,0,0,1,1,1,0,0,0,0,0,0,0,0,0,0,0,0,4,1,0,false
C:\Hospital-Management-System-master\Hospital-Management-System-master\testtable.java,testtable,main/1[java.lang.String[]],false,41,0,1,0,1,1,1,8,0,0,1,1,0,0,0,0,0,0,0,0,0,0,0,1,0,0,6,9,0,false
C:\Hospital-Management-System-master\Hospital-Management-System-master\testtable.java,testtable,initializeUI/0,false,14,0,1,1,0,1,6,20,0,5,0,6,0,0,0,0,0,0,0,9,5,0,0,0,0,0,24,2,0,false
C:\Hospital-Management-System-master\Hospital-Management-System-master\EditDoc.java,EditDoc$Anonymous2,actionPerformed/1[java.awt.event.ActionEvent],false,80,1,9,0,9,1,0,3,0,0,1,0,0,0,0,0,0,0,0,0,0,0,0,0,0,0,7,1,0,false
C:\Hospital-Management-System-master\Hospital-Management-System-master\MenuPage.java,MenuPage,main/1[java.lang.String[]],false,664,0,1,0,1,1,1,8,0,0,1,1,0,0,0,0,0,0,0,0,0,0,0,1,0,0,5,9,0,false
C:\Hospital-Management-System-master\Hospital-Management-System-master\MenuPage.java,MenuPage,MenuPage/0,true,40,0,3,2,1,5,27,376,0,62,0,27,0,0,2,0,2,9,63,163,65,28,2,9,0,0,161,0,0,false
C:\Hospital-Management-System-master\Hospital-Management-System-master\Edit.java,Edit$Anonymous3,actionPerformed/1[java.awt.event.ActionEvent],false,95,1,9,0,9,1,1,4,0,0,1,1,0,0,0,0,0,0,0,0,0,0,0,0,0,0,8,1,0,false
C:\Hospital-Management-System-master\Hospital-Management-System-master\Edit.java,Edit$Anonymous4,actionPerformed/1[java.awt.event.ActionEvent],false,146,1,9,0,9,2,10,22,0,5,1,10,0,0,0,0,1,0,10,1,12,0,1,0,0,0,35,1,0,false
C:\Hospital-Management-System-master\Hospital-Management-System-master\Edit.java,Edit$Anonymous5,actionPerformed/1[java.awt.event.ActionEvent],false,229,0,9,0,9,2,8,20,0,3,1,8,0,0,0,0,1,0,5,7,4,0,1,0,0,0,30,1,0,false
C:\Hospital-Management-System-master\Hospital-Management-System-master\Edit.java,Edit$Anonymous6,actionPerformed/1[java.awt.event.ActionEvent],false,263,1,9,0,9,1,1,4,0,0,1,1,0,0,0,0,0,0,0,0,0,0,0,0,0,0,8,1,0,false
C:\Hospital-Management-System-master\Hospital-Management-System-master\Edit.java,Edit$Anonymous7,run/0,false,274,1,6,0,6,1,0,3,0,0,0,0,0,0,0,0,0,0,0,0,0,0,0,0,0,0,2,1,0,false
C:\Hospital-Management-System-master\Hospital-Management-System-master\MenuPage.java,MenuPage$Anonymous10,run/0,false,668,1,6,0,6,1,0,3,0,0,0,0,0,0,0,0,0,0,0,0,0,0,0,0,0,0,3,1,0,false
