file,class,method,variable,usage
C:\Hospital-Management-System-master\Hospital-Management-System-master\Edit.java,Edit$Anonymous1,actionPerformed/1[java.awt.event.ActionEvent],ae,0
C:\Hospital-Management-System-master\Hospital-Management-System-master\Edit.java,Edit$Anonymous2,actionPerformed/1[java.awt.event.ActionEvent],ae,0
C:\Hospital-Management-System-master\Hospital-Management-System-master\Edit.java,Edit,Edit/0,headerpanelsh,4
C:\Hospital-Management-System-master\Hospital-Management-System-master\Edit.java,Edit,Edit/0,contactus,3
C:\Hospital-Management-System-master\Hospital-Management-System-master\Edit.java,Edit,Edit/0,image,1
C:\Hospital-Management-System-master\Hospital-Management-System-master\Edit.java,Edit,Edit/0,aboutus,3
C:\Hospital-Management-System-master\Hospital-Management-System-master\Edit.java,Edit,Edit/0,heading,4
C:\Hospital-Management-System-master\Hospital-Management-System-master\Edit.java,Edit,Edit/0,heading1,4
C:\Hospital-Management-System-master\Hospital-Management-System-master\Edit.java,Edit,Edit/0,editframe,15
C:\Hospital-Management-System-master\Hospital-Management-System-master\Edit.java,Edit,Edit/0,label,1
C:\Hospital-Management-System-master\Hospital-Management-System-master\Edit.java,Edit,Edit/0,headerpanel,4
C:\Hospital-Management-System-master\Hospital-Management-System-master\Edit.java,Edit,Edit/0,home,3
C:\Hospital-Management-System-master\Hospital-Management-System-master\Edit.java,Edit,Edit/0,screenSize,7
C:\Hospital-Management-System-master\Hospital-Management-System-master\Edit.java,Edit,Edit/0,font1,1
C:\Hospital-Management-System-master\Hospital-Management-System-master\Edit.java,Edit,Edit/0,editbutton,3
C:\Hospital-Management-System-master\Hospital-Management-System-master\Edit.java,Edit,Edit/0,panel,3
C:\Hospital-Management-System-master\Hospital-Management-System-master\Edit.java,Edit,Edit/0,idfield,2
C:\Hospital-Management-System-master\Hospital-Management-System-master\Edit.java,Edit,Edit/0,font,1
C:\Hospital-Management-System-master\Hospital-Management-System-master\Edit.java,Edit,main/1[java.lang.String[]],ar,0
C:\Hospital-Management-System-master\Hospital-Management-System-master\Edit.java,Edit,"editform/7[java.lang.String,java.lang.String,java.lang.String,java.lang.String,java.lang.String,java.lang.String,int]",agefield,2
C:\Hospital-Management-System-master\Hospital-Management-System-master\Edit.java,Edit,"editform/7[java.lang.String,java.lang.String,java.lang.String,java.lang.String,java.lang.String,java.lang.String,int]",a,0
C:\Hospital-Management-System-master\Hospital-Management-System-master\Edit.java,Edit,"editform/7[java.lang.String,java.lang.String,java.lang.String,java.lang.String,java.lang.String,java.lang.String,int]",address,1
C:\Hospital-Management-System-master\Hospital-Management-System-master\Edit.java,Edit,"editform/7[java.lang.String,java.lang.String,java.lang.String,java.lang.String,java.lang.String,java.lang.String,int]",sexfield,2
C:\Hospital-Management-System-master\Hospital-Management-System-master\Edit.java,Edit,"editform/7[java.lang.String,java.lang.String,java.lang.String,java.lang.String,java.lang.String,java.lang.String,int]",namefield,2
C:\Hospital-Management-System-master\Hospital-Management-System-master\Edit.java,Edit,"editform/7[java.lang.String,java.lang.String,java.lang.String,java.lang.String,java.lang.String,java.lang.String,int]",sex,1
C:\Hospital-Management-System-master\Hospital-Management-System-master\Edit.java,Edit,"editform/7[java.lang.String,java.lang.String,java.lang.String,java.lang.String,java.lang.String,java.lang.String,int]",phonefield,2
C:\Hospital-Management-System-master\Hospital-Management-System-master\Edit.java,Edit,"editform/7[java.lang.String,java.lang.String,java.lang.String,java.lang.String,java.lang.String,java.lang.String,int]",formeditbutton,4
C:\Hospital-Management-System-master\Hospital-Management-System-master\Edit.java,Edit,"editform/7[java.lang.String,java.lang.String,java.lang.String,java.lang.String,java.lang.String,java.lang.String,int]",illnessfield,2
C:\Hospital-Management-System-master\Hospital-Management-System-master\Edit.java,Edit,"editform/7[java.lang.String,java.lang.String,java.lang.String,java.lang.String,java.lang.String,java.lang.String,int]",phone,1
C:\Hospital-Management-System-master\Hospital-Management-System-master\Edit.java,Edit,"editform/7[java.lang.String,java.lang.String,java.lang.String,java.lang.String,java.lang.String,java.lang.String,int]",name,1
C:\Hospital-Management-System-master\Hospital-Management-System-master\Edit.java,Edit,"editform/7[java.lang.String,java.lang.String,java.lang.String,java.lang.String,java.lang.String,java.lang.String,int]",addressfield,2
C:\Hospital-Management-System-master\Hospital-Management-System-master\Edit.java,Edit,"editform/7[java.lang.String,java.lang.String,java.lang.String,java.lang.String,java.lang.String,java.lang.String,int]",age,1
C:\Hospital-Management-System-master\Hospital-Management-System-master\Edit.java,Edit,"editform/7[java.lang.String,java.lang.String,java.lang.String,java.lang.String,java.lang.String,java.lang.String,int]",illness,1
C:\Hospital-Management-System-master\Hospital-Management-System-master\ContactUs.java,ContactUs,ContactUs/0,headerpanelsh,4
C:\Hospital-Management-System-master\Hospital-Management-System-master\ContactUs.java,ContactUs,ContactUs/0,contactus,3
C:\Hospital-Management-System-master\Hospital-Management-System-master\ContactUs.java,ContactUs,ContactUs/0,newimg_map,1
C:\Hospital-Management-System-master\Hospital-Management-System-master\ContactUs.java,ContactUs,ContactUs/0,mainbodypanel,11
C:\Hospital-Management-System-master\Hospital-Management-System-master\ContactUs.java,ContactUs,ContactUs/0,submit,3
C:\Hospital-Management-System-master\Hospital-Management-System-master\ContactUs.java,ContactUs,ContactUs/0,contactusframe,12
C:\Hospital-Management-System-master\Hospital-Management-System-master\ContactUs.java,ContactUs,ContactUs/0,commentslabel,6
C:\Hospital-Management-System-master\Hospital-Management-System-master\ContactUs.java,ContactUs,ContactUs/0,emaillabel,6
C:\Hospital-Management-System-master\Hospital-Management-System-master\ContactUs.java,ContactUs,ContactUs/0,screenSize,22
C:\Hospital-Management-System-master\Hospital-Management-System-master\ContactUs.java,ContactUs,ContactUs/0,font1,1
C:\Hospital-Management-System-master\Hospital-Management-System-master\ContactUs.java,ContactUs,ContactUs/0,bgimage,1
C:\Hospital-Management-System-master\Hospital-Management-System-master\ContactUs.java,ContactUs,ContactUs/0,text,1
C:\Hospital-Management-System-master\Hospital-Management-System-master\ContactUs.java,ContactUs,ContactUs/0,panel,3
C:\Hospital-Management-System-master\Hospital-Management-System-master\ContactUs.java,ContactUs,ContactUs/0,logoicon_map,1
C:\Hospital-Management-System-master\Hospital-Management-System-master\ContactUs.java,ContactUs,ContactUs/0,map,5
C:\Hospital-Management-System-master\Hospital-Management-System-master\ContactUs.java,ContactUs,ContactUs/0,icon_map,1
C:\Hospital-Management-System-master\Hospital-Management-System-master\ContactUs.java,ContactUs,ContactUs/0,image,1
C:\Hospital-Management-System-master\Hospital-Management-System-master\ContactUs.java,ContactUs,ContactUs/0,aboutus,3
C:\Hospital-Management-System-master\Hospital-Management-System-master\ContactUs.java,ContactUs,ContactUs/0,address,16
C:\Hospital-Management-System-master\Hospital-Management-System-master\ContactUs.java,ContactUs,ContactUs/0,heading,4
C:\Hospital-Management-System-master\Hospital-Management-System-master\ContactUs.java,ContactUs,ContactUs/0,img_map,1
C:\Hospital-Management-System-master\Hospital-Management-System-master\ContactUs.java,ContactUs,ContactUs/0,heading1,4
C:\Hospital-Management-System-master\Hospital-Management-System-master\ContactUs.java,ContactUs,ContactUs/0,label,1
C:\Hospital-Management-System-master\Hospital-Management-System-master\ContactUs.java,ContactUs,ContactUs/0,headerpanel,7
C:\Hospital-Management-System-master\Hospital-Management-System-master\ContactUs.java,ContactUs,ContactUs/0,home,3
C:\Hospital-Management-System-master\Hospital-Management-System-master\ContactUs.java,ContactUs,ContactUs/0,text4,1
C:\Hospital-Management-System-master\Hospital-Management-System-master\ContactUs.java,ContactUs,ContactUs/0,text1,1
C:\Hospital-Management-System-master\Hospital-Management-System-master\ContactUs.java,ContactUs,ContactUs/0,text2,1
C:\Hospital-Management-System-master\Hospital-Management-System-master\ContactUs.java,ContactUs,ContactUs/0,font,1
C:\Hospital-Management-System-master\Hospital-Management-System-master\ContactUs.java,ContactUs,main/1[java.lang.String[]],a,0
C:\Hospital-Management-System-master\Hospital-Management-System-master\HomePage.java,HomePage$Anonymous1,actionPerformed/1[java.awt.event.ActionEvent],ae,0
C:\Hospital-Management-System-master\Hospital-Management-System-master\MenuPage.java,MenuPage$Anonymous9,actionPerformed/1[java.awt.event.ActionEvent],sum1,2
C:\Hospital-Management-System-master\Hospital-Management-System-master\MenuPage.java,MenuPage$Anonymous9,actionPerformed/1[java.awt.event.ActionEvent],a,1
C:\Hospital-Management-System-master\Hospital-Management-System-master\MenuPage.java,MenuPage$Anonymous9,actionPerformed/1[java.awt.event.ActionEvent],rs,3
C:\Hospital-Management-System-master\Hospital-Management-System-master\MenuPage.java,MenuPage$Anonymous9,actionPerformed/1[java.awt.event.ActionEvent],conn,1
C:\Hospital-Management-System-master\Hospital-Management-System-master\MenuPage.java,MenuPage$Anonymous9,actionPerformed/1[java.awt.event.ActionEvent],s,1
C:\Hospital-Management-System-master\Hospital-Management-System-master\MenuPage.java,MenuPage$Anonymous9,actionPerformed/1[java.awt.event.ActionEvent],ae,0
C:\Hospital-Management-System-master\Hospital-Management-System-master\MenuPage.java,MenuPage$Anonymous9,actionPerformed/1[java.awt.event.ActionEvent],totaltext,3
C:\Hospital-Management-System-master\Hospital-Management-System-master\MenuPage.java,MenuPage$Anonymous9,actionPerformed/1[java.awt.event.ActionEvent],e,1
C:\Hospital-Management-System-master\Hospital-Management-System-master\MenuPage.java,MenuPage$Anonymous9,actionPerformed/1[java.awt.event.ActionEvent],name,1
C:\Hospital-Management-System-master\Hospital-Management-System-master\MenuPage.java,MenuPage$Anonymous9,actionPerformed/1[java.awt.event.ActionEvent],total2,3
C:\Hospital-Management-System-master\Hospital-Management-System-master\MenuPage.java,MenuPage$Anonymous9,actionPerformed/1[java.awt.event.ActionEvent],id,0
C:\Hospital-Management-System-master\Hospital-Management-System-master\HomePage.java,HomePage$Anonymous2,actionPerformed/1[java.awt.event.ActionEvent],ae,0
C:\Hospital-Management-System-master\Hospital-Management-System-master\MenuPage.java,MenuPage$Anonymous7,actionPerformed/1[java.awt.event.ActionEvent],a,1
C:\Hospital-Management-System-master\Hospital-Management-System-master\MenuPage.java,MenuPage$Anonymous7,actionPerformed/1[java.awt.event.ActionEvent],conn,1
C:\Hospital-Management-System-master\Hospital-Management-System-master\MenuPage.java,MenuPage$Anonymous7,actionPerformed/1[java.awt.event.ActionEvent],ae,0
C:\Hospital-Management-System-master\Hospital-Management-System-master\MenuPage.java,MenuPage$Anonymous7,actionPerformed/1[java.awt.event.ActionEvent],e,1
C:\Hospital-Management-System-master\Hospital-Management-System-master\MenuPage.java,MenuPage$Anonymous7,actionPerformed/1[java.awt.event.ActionEvent],query,1
C:\Hospital-Management-System-master\Hospital-Management-System-master\MenuPage.java,MenuPage$Anonymous7,actionPerformed/1[java.awt.event.ActionEvent],pstmt,4
C:\Hospital-Management-System-master\Hospital-Management-System-master\MenuPage.java,MenuPage$Anonymous8,actionPerformed/1[java.awt.event.ActionEvent],a,3
C:\Hospital-Management-System-master\Hospital-Management-System-master\MenuPage.java,MenuPage$Anonymous8,actionPerformed/1[java.awt.event.ActionEvent],rs,3
C:\Hospital-Management-System-master\Hospital-Management-System-master\MenuPage.java,MenuPage$Anonymous8,actionPerformed/1[java.awt.event.ActionEvent],conn,3
C:\Hospital-Management-System-master\Hospital-Management-System-master\MenuPage.java,MenuPage$Anonymous8,actionPerformed/1[java.awt.event.ActionEvent],ae,0
C:\Hospital-Management-System-master\Hospital-Management-System-master\MenuPage.java,MenuPage$Anonymous8,actionPerformed/1[java.awt.event.ActionEvent],e,3
C:\Hospital-Management-System-master\Hospital-Management-System-master\MenuPage.java,MenuPage$Anonymous8,actionPerformed/1[java.awt.event.ActionEvent],billitem,1
C:\Hospital-Management-System-master\Hospital-Management-System-master\MenuPage.java,MenuPage$Anonymous8,actionPerformed/1[java.awt.event.ActionEvent],pst,1
C:\Hospital-Management-System-master\Hospital-Management-System-master\MenuPage.java,MenuPage$Anonymous8,actionPerformed/1[java.awt.event.ActionEvent],r,4
C:\Hospital-Management-System-master\Hospital-Management-System-master\MenuPage.java,MenuPage$Anonymous8,actionPerformed/1[java.awt.event.ActionEvent],s,1
C:\Hospital-Management-System-master\Hospital-Management-System-master\MenuPage.java,MenuPage$Anonymous8,actionPerformed/1[java.awt.event.ActionEvent],patient_sex,1
C:\Hospital-Management-System-master\Hospital-Management-System-master\MenuPage.java,MenuPage$Anonymous8,actionPerformed/1[java.awt.event.ActionEvent],billamount,1
C:\Hospital-Management-System-master\Hospital-Management-System-master\MenuPage.java,MenuPage$Anonymous8,actionPerformed/1[java.awt.event.ActionEvent],patient_name,1
C:\Hospital-Management-System-master\Hospital-Management-System-master\MenuPage.java,MenuPage$Anonymous8,actionPerformed/1[java.awt.event.ActionEvent],pstmt,0
C:\Hospital-Management-System-master\Hospital-Management-System-master\MenuPage.java,MenuPage$Anonymous8,actionPerformed/1[java.awt.event.ActionEvent],patient_age,1
C:\Hospital-Management-System-master\Hospital-Management-System-master\HomePage.java,HomePage$Anonymous3,actionPerformed/1[java.awt.event.ActionEvent],ae,0
C:\Hospital-Management-System-master\Hospital-Management-System-master\HomePage.java,HomePage$Anonymous4,actionPerformed/1[java.awt.event.ActionEvent],ae,0
C:\Hospital-Management-System-master\Hospital-Management-System-master\HomePage.java,HomePage$Anonymous4,actionPerformed/1[java.awt.event.ActionEvent],pass,1
C:\Hospital-Management-System-master\Hospital-Management-System-master\HomePage.java,HomePage$Anonymous4,actionPerformed/1[java.awt.event.ActionEvent],pwd,1
C:\Hospital-Management-System-master\Hospital-Management-System-master\HomePage.java,HomePage$Anonymous4,actionPerformed/1[java.awt.event.ActionEvent],user,1
C:\Hospital-Management-System-master\Hospital-Management-System-master\EditDoc.java,EditDoc,"editform/5[java.lang.String,java.lang.String,java.lang.String,java.lang.String,int]",a,0
C:\Hospital-Management-System-master\Hospital-Management-System-master\EditDoc.java,EditDoc,"editform/5[java.lang.String,java.lang.String,java.lang.String,java.lang.String,int]",specialisation,1
C:\Hospital-Management-System-master\Hospital-Management-System-master\EditDoc.java,EditDoc,"editform/5[java.lang.String,java.lang.String,java.lang.String,java.lang.String,int]",address,1
C:\Hospital-Management-System-master\Hospital-Management-System-master\EditDoc.java,EditDoc,"editform/5[java.lang.String,java.lang.String,java.lang.String,java.lang.String,int]",specialisationfield,2
C:\Hospital-Management-System-master\Hospital-Management-System-master\EditDoc.java,EditDoc,"editform/5[java.lang.String,java.lang.String,java.lang.String,java.lang.String,int]",phone,1
C:\Hospital-Management-System-master\Hospital-Management-System-master\EditDoc.java,EditDoc,"editform/5[java.lang.String,java.lang.String,java.lang.String,java.lang.String,int]",namefield,2
C:\Hospital-Management-System-master\Hospital-Management-System-master\EditDoc.java,EditDoc,"editform/5[java.lang.String,java.lang.String,java.lang.String,java.lang.String,int]",name,1
C:\Hospital-Management-System-master\Hospital-Management-System-master\EditDoc.java,EditDoc,"editform/5[java.lang.String,java.lang.String,java.lang.String,java.lang.String,int]",addressfield,2
C:\Hospital-Management-System-master\Hospital-Management-System-master\EditDoc.java,EditDoc,"editform/5[java.lang.String,java.lang.String,java.lang.String,java.lang.String,int]",phonefield,2
C:\Hospital-Management-System-master\Hospital-Management-System-master\EditDoc.java,EditDoc,"editform/5[java.lang.String,java.lang.String,java.lang.String,java.lang.String,int]",formeditbutton,4
C:\Hospital-Management-System-master\Hospital-Management-System-master\EditDoc.java,EditDoc,main/1[java.lang.String[]],ar,0
C:\Hospital-Management-System-master\Hospital-Management-System-master\EditDoc.java,EditDoc,EditDoc/0,headerpanelsh,4
C:\Hospital-Management-System-master\Hospital-Management-System-master\EditDoc.java,EditDoc,EditDoc/0,contactus,3
C:\Hospital-Management-System-master\Hospital-Management-System-master\EditDoc.java,EditDoc,EditDoc/0,image,1
C:\Hospital-Management-System-master\Hospital-Management-System-master\EditDoc.java,EditDoc,EditDoc/0,aboutus,3
C:\Hospital-Management-System-master\Hospital-Management-System-master\EditDoc.java,EditDoc,EditDoc/0,heading,4
C:\Hospital-Management-System-master\Hospital-Management-System-master\EditDoc.java,EditDoc,EditDoc/0,heading1,4
C:\Hospital-Management-System-master\Hospital-Management-System-master\EditDoc.java,EditDoc,EditDoc/0,editframe,14
C:\Hospital-Management-System-master\Hospital-Management-System-master\EditDoc.java,EditDoc,EditDoc/0,label,1
C:\Hospital-Management-System-master\Hospital-Management-System-master\EditDoc.java,EditDoc,EditDoc/0,headerpanel,4
C:\Hospital-Management-System-master\Hospital-Management-System-master\EditDoc.java,EditDoc,EditDoc/0,screenSize,6
C:\Hospital-Management-System-master\Hospital-Management-System-master\EditDoc.java,EditDoc,EditDoc/0,font1,1
C:\Hospital-Management-System-master\Hospital-Management-System-master\EditDoc.java,EditDoc,EditDoc/0,editbutton,3
C:\Hospital-Management-System-master\Hospital-Management-System-master\EditDoc.java,EditDoc,EditDoc/0,panel,3
C:\Hospital-Management-System-master\Hospital-Management-System-master\EditDoc.java,EditDoc,EditDoc/0,idfield,2
C:\Hospital-Management-System-master\Hospital-Management-System-master\EditDoc.java,EditDoc,EditDoc/0,font,1
C:\Hospital-Management-System-master\Hospital-Management-System-master\AboutUs.java,AboutUs,main/1[java.lang.String[]],a,0
C:\Hospital-Management-System-master\Hospital-Management-System-master\AboutUs.java,AboutUs,AboutUs/0,headerpanelsh,4
C:\Hospital-Management-System-master\Hospital-Management-System-master\AboutUs.java,AboutUs,AboutUs/0,image,1
C:\Hospital-Management-System-master\Hospital-Management-System-master\AboutUs.java,AboutUs,AboutUs/0,mainbodypanel,6
C:\Hospital-Management-System-master\Hospital-Management-System-master\AboutUs.java,AboutUs,AboutUs/0,heading,4
C:\Hospital-Management-System-master\Hospital-Management-System-master\AboutUs.java,AboutUs,AboutUs/0,heading1,4
C:\Hospital-Management-System-master\Hospital-Management-System-master\AboutUs.java,AboutUs,AboutUs/0,aboutustext,18
C:\Hospital-Management-System-master\Hospital-Management-System-master\AboutUs.java,AboutUs,AboutUs/0,label,1
C:\Hospital-Management-System-master\Hospital-Management-System-master\AboutUs.java,AboutUs,AboutUs/0,headerpanel,7
C:\Hospital-Management-System-master\Hospital-Management-System-master\AboutUs.java,AboutUs,AboutUs/0,aboutusframe,9
C:\Hospital-Management-System-master\Hospital-Management-System-master\AboutUs.java,AboutUs,AboutUs/0,screenSize,9
C:\Hospital-Management-System-master\Hospital-Management-System-master\AboutUs.java,AboutUs,AboutUs/0,font1,1
C:\Hospital-Management-System-master\Hospital-Management-System-master\AboutUs.java,AboutUs,AboutUs/0,text3,1
C:\Hospital-Management-System-master\Hospital-Management-System-master\AboutUs.java,AboutUs,AboutUs/0,bgimage,1
C:\Hospital-Management-System-master\Hospital-Management-System-master\AboutUs.java,AboutUs,AboutUs/0,text1,1
C:\Hospital-Management-System-master\Hospital-Management-System-master\AboutUs.java,AboutUs,AboutUs/0,text2,1
C:\Hospital-Management-System-master\Hospital-Management-System-master\AboutUs.java,AboutUs,AboutUs/0,text,1
C:\Hospital-Management-System-master\Hospital-Management-System-master\AboutUs.java,AboutUs,AboutUs/0,panel,3
C:\Hospital-Management-System-master\Hospital-Management-System-master\AboutUs.java,AboutUs,AboutUs/0,font,1
C:\Hospital-Management-System-master\Hospital-Management-System-master\ContactUs.java,ContactUs$Anonymous4,actionPerformed/1[java.awt.event.ActionEvent],pst,3
C:\Hospital-Management-System-master\Hospital-Management-System-master\ContactUs.java,ContactUs$Anonymous4,actionPerformed/1[java.awt.event.ActionEvent],conn,1
C:\Hospital-Management-System-master\Hospital-Management-System-master\ContactUs.java,ContactUs$Anonymous4,actionPerformed/1[java.awt.event.ActionEvent],ae,0
C:\Hospital-Management-System-master\Hospital-Management-System-master\ContactUs.java,ContactUs$Anonymous4,actionPerformed/1[java.awt.event.ActionEvent],e,1
C:\Hospital-Management-System-master\Hospital-Management-System-master\MenuPage.java,MenuPage$Anonymous1,actionPerformed/1[java.awt.event.ActionEvent],ae,0
C:\Hospital-Management-System-master\Hospital-Management-System-master\ContactUs.java,ContactUs$Anonymous3,actionPerformed/1[java.awt.event.ActionEvent],ae,0
C:\Hospital-Management-System-master\Hospital-Management-System-master\MenuPage.java,MenuPage$Anonymous2,actionPerformed/1[java.awt.event.ActionEvent],ae,0
C:\Hospital-Management-System-master\Hospital-Management-System-master\MenuPage.java,MenuPage$Anonymous5,actionPerformed/1[java.awt.event.ActionEvent],ae,0
C:\Hospital-Management-System-master\Hospital-Management-System-master\MenuPage.java,MenuPage$Anonymous6,actionPerformed/1[java.awt.event.ActionEvent],ae,0
C:\Hospital-Management-System-master\Hospital-Management-System-master\ContactUs.java,ContactUs$Anonymous2,actionPerformed/1[java.awt.event.ActionEvent],ae,0
C:\Hospital-Management-System-master\Hospital-Management-System-master\MenuPage.java,MenuPage$Anonymous3,actionPerformed/1[java.awt.event.ActionEvent],ae,0
C:\Hospital-Management-System-master\Hospital-Management-System-master\ContactUs.java,ContactUs$Anonymous1,actionPerformed/1[java.awt.event.ActionEvent],ae,0
C:\Hospital-Management-System-master\Hospital-Management-System-master\MenuPage.java,MenuPage$Anonymous4,actionPerformed/1[java.awt.event.ActionEvent],conn,3
C:\Hospital-Management-System-master\Hospital-Management-System-master\MenuPage.java,MenuPage$Anonymous4,actionPerformed/1[java.awt.event.ActionEvent],r,2
C:\Hospital-Management-System-master\Hospital-Management-System-master\MenuPage.java,MenuPage$Anonymous4,actionPerformed/1[java.awt.event.ActionEvent],s,1
C:\Hospital-Management-System-master\Hospital-Management-System-master\MenuPage.java,MenuPage$Anonymous4,actionPerformed/1[java.awt.event.ActionEvent],ae,0
C:\Hospital-Management-System-master\Hospital-Management-System-master\MenuPage.java,MenuPage$Anonymous4,actionPerformed/1[java.awt.event.ActionEvent],e,1
C:\Hospital-Management-System-master\Hospital-Management-System-master\MenuPage.java,MenuPage$Anonymous4,actionPerformed/1[java.awt.event.ActionEvent],query,1
C:\Hospital-Management-System-master\Hospital-Management-System-master\MenuPage.java,MenuPage$Anonymous4,actionPerformed/1[java.awt.event.ActionEvent],pstmt,8
C:\Hospital-Management-System-master\Hospital-Management-System-master\MenuPage.java,MenuPage$Anonymous4,actionPerformed/1[java.awt.event.ActionEvent],count,3
C:\Hospital-Management-System-master\Hospital-Management-System-master\MenuPage.java,MenuPage$Anonymous4,actionPerformed/1[java.awt.event.ActionEvent],billquery,1
C:\Hospital-Management-System-master\Hospital-Management-System-master\MenuPage.java,MenuPage$Anonymous4,actionPerformed/1[java.awt.event.ActionEvent],billpstmt,2
C:\Hospital-Management-System-master\Hospital-Management-System-master\EditDoc.java,EditDoc$Anonymous5,actionPerformed/1[java.awt.event.ActionEvent],ae,0
C:\Hospital-Management-System-master\Hospital-Management-System-master\EditDoc.java,EditDoc$Anonymous3,actionPerformed/1[java.awt.event.ActionEvent],a,2
C:\Hospital-Management-System-master\Hospital-Management-System-master\EditDoc.java,EditDoc$Anonymous3,actionPerformed/1[java.awt.event.ActionEvent],rs,5
C:\Hospital-Management-System-master\Hospital-Management-System-master\EditDoc.java,EditDoc$Anonymous3,actionPerformed/1[java.awt.event.ActionEvent],conn,1
C:\Hospital-Management-System-master\Hospital-Management-System-master\EditDoc.java,EditDoc$Anonymous3,actionPerformed/1[java.awt.event.ActionEvent],ae,0
C:\Hospital-Management-System-master\Hospital-Management-System-master\EditDoc.java,EditDoc$Anonymous3,actionPerformed/1[java.awt.event.ActionEvent],e,1
C:\Hospital-Management-System-master\Hospital-Management-System-master\EditDoc.java,EditDoc$Anonymous3,actionPerformed/1[java.awt.event.ActionEvent],query,1
C:\Hospital-Management-System-master\Hospital-Management-System-master\EditDoc.java,EditDoc$Anonymous3,actionPerformed/1[java.awt.event.ActionEvent],pstmt,3
C:\Hospital-Management-System-master\Hospital-Management-System-master\EditDoc.java,EditDoc$Anonymous4,actionPerformed/1[java.awt.event.ActionEvent],conn,1
C:\Hospital-Management-System-master\Hospital-Management-System-master\EditDoc.java,EditDoc$Anonymous4,actionPerformed/1[java.awt.event.ActionEvent],ae,0
C:\Hospital-Management-System-master\Hospital-Management-System-master\EditDoc.java,EditDoc$Anonymous4,actionPerformed/1[java.awt.event.ActionEvent],e,1
C:\Hospital-Management-System-master\Hospital-Management-System-master\EditDoc.java,EditDoc$Anonymous4,actionPerformed/1[java.awt.event.ActionEvent],query,1
C:\Hospital-Management-System-master\Hospital-Management-System-master\EditDoc.java,EditDoc$Anonymous4,actionPerformed/1[java.awt.event.ActionEvent],pstmt,7
C:\Hospital-Management-System-master\Hospital-Management-System-master\HomePage.java,HomePage,"validate_login/2[java.lang.String,java.lang.String]",pst,3
C:\Hospital-Management-System-master\Hospital-Management-System-master\HomePage.java,HomePage,"validate_login/2[java.lang.String,java.lang.String]",rs,1
C:\Hospital-Management-System-master\Hospital-Management-System-master\HomePage.java,HomePage,"validate_login/2[java.lang.String,java.lang.String]",password,1
C:\Hospital-Management-System-master\Hospital-Management-System-master\HomePage.java,HomePage,"validate_login/2[java.lang.String,java.lang.String]",conn,1
C:\Hospital-Management-System-master\Hospital-Management-System-master\HomePage.java,HomePage,"validate_login/2[java.lang.String,java.lang.String]",e,1
C:\Hospital-Management-System-master\Hospital-Management-System-master\HomePage.java,HomePage,"validate_login/2[java.lang.String,java.lang.String]",username,1
C:\Hospital-Management-System-master\Hospital-Management-System-master\HomePage.java,HomePage,main/1[java.lang.String[]],ar,0
C:\Hospital-Management-System-master\Hospital-Management-System-master\HomePage.java,HomePage,HomePage/0,headerpanelsh,4
C:\Hospital-Management-System-master\Hospital-Management-System-master\HomePage.java,HomePage,HomePage/0,contactus,3
C:\Hospital-Management-System-master\Hospital-Management-System-master\HomePage.java,HomePage,HomePage/0,loginpanel,8
C:\Hospital-Management-System-master\Hospital-Management-System-master\HomePage.java,HomePage,HomePage/0,wrapper,7
C:\Hospital-Management-System-master\Hospital-Management-System-master\HomePage.java,HomePage,HomePage/0,logoicon1,1
C:\Hospital-Management-System-master\Hospital-Management-System-master\HomePage.java,HomePage,HomePage/0,password,2
C:\Hospital-Management-System-master\Hospital-Management-System-master\HomePage.java,HomePage,HomePage/0,screenSize,7
C:\Hospital-Management-System-master\Hospital-Management-System-master\HomePage.java,HomePage,HomePage/0,font1,1
C:\Hospital-Management-System-master\Hospital-Management-System-master\HomePage.java,HomePage,HomePage/0,homepageframe,9
C:\Hospital-Management-System-master\Hospital-Management-System-master\HomePage.java,HomePage,HomePage/0,mainpanel,4
C:\Hospital-Management-System-master\Hospital-Management-System-master\HomePage.java,HomePage,HomePage/0,panel,3
C:\Hospital-Management-System-master\Hospital-Management-System-master\HomePage.java,HomePage,HomePage/0,loginbutton,3
C:\Hospital-Management-System-master\Hospital-Management-System-master\HomePage.java,HomePage,HomePage/0,pane,1
C:\Hospital-Management-System-master\Hospital-Management-System-master\HomePage.java,HomePage,HomePage/0,image,1
C:\Hospital-Management-System-master\Hospital-Management-System-master\HomePage.java,HomePage,HomePage/0,aboutus,3
C:\Hospital-Management-System-master\Hospital-Management-System-master\HomePage.java,HomePage,HomePage/0,e,1
C:\Hospital-Management-System-master\Hospital-Management-System-master\HomePage.java,HomePage,HomePage/0,heading,4
C:\Hospital-Management-System-master\Hospital-Management-System-master\HomePage.java,HomePage,HomePage/0,iconfounder1,1
C:\Hospital-Management-System-master\Hospital-Management-System-master\HomePage.java,HomePage,HomePage/0,heading1,4
C:\Hospital-Management-System-master\Hospital-Management-System-master\HomePage.java,HomePage,HomePage/0,loginlabel,3
C:\Hospital-Management-System-master\Hospital-Management-System-master\HomePage.java,HomePage,HomePage/0,label,1
C:\Hospital-Management-System-master\Hospital-Management-System-master\HomePage.java,HomePage,HomePage/0,mainpanel_pic,3
C:\Hospital-Management-System-master\Hospital-Management-System-master\HomePage.java,HomePage,HomePage/0,newimg1,1
C:\Hospital-Management-System-master\Hospital-Management-System-master\HomePage.java,HomePage,HomePage/0,headerpanel,7
C:\Hospital-Management-System-master\Hospital-Management-System-master\HomePage.java,HomePage,HomePage/0,home,3
C:\Hospital-Management-System-master\Hospital-Management-System-master\HomePage.java,HomePage,HomePage/0,imgfounder1,1
C:\Hospital-Management-System-master\Hospital-Management-System-master\HomePage.java,HomePage,HomePage/0,font,1
C:\Hospital-Management-System-master\Hospital-Management-System-master\HomePage.java,HomePage,HomePage/0,username,2
C:\Hospital-Management-System-master\Hospital-Management-System-master\EditDoc.java,EditDoc$Anonymous1,actionPerformed/1[java.awt.event.ActionEvent],ae,0
C:\Hospital-Management-System-master\Hospital-Management-System-master\testtable.java,testtable,main/1[java.lang.String[]],args,0
C:\Hospital-Management-System-master\Hospital-Management-System-master\testtable.java,testtable,initializeUI/0,top,2
C:\Hospital-Management-System-master\Hospital-Management-System-master\testtable.java,testtable,initializeUI/0,left,2
C:\Hospital-Management-System-master\Hospital-Management-System-master\testtable.java,testtable,initializeUI/0,bottom,2
C:\Hospital-Management-System-master\Hospital-Management-System-master\testtable.java,testtable,initializeUI/0,center,2
C:\Hospital-Management-System-master\Hospital-Management-System-master\testtable.java,testtable,initializeUI/0,right,2
C:\Hospital-Management-System-master\Hospital-Management-System-master\EditDoc.java,EditDoc$Anonymous2,actionPerformed/1[java.awt.event.ActionEvent],ae,0
C:\Hospital-Management-System-master\Hospital-Management-System-master\MenuPage.java,MenuPage,main/1[java.lang.String[]],a,0
C:\Hospital-Management-System-master\Hospital-Management-System-master\MenuPage.java,MenuPage,MenuPage/0,conn,3
C:\Hospital-Management-System-master\Hospital-Management-System-master\MenuPage.java,MenuPage,MenuPage/0,panel1,5
C:\Hospital-Management-System-master\Hospital-Management-System-master\MenuPage.java,MenuPage,MenuPage/0,bill_submit,3
C:\Hospital-Management-System-master\Hospital-Management-System-master\MenuPage.java,MenuPage,MenuPage/0,panel3,7
C:\Hospital-Management-System-master\Hospital-Management-System-master\MenuPage.java,MenuPage,MenuPage/0,panel2,7
C:\Hospital-Management-System-master\Hospital-Management-System-master\MenuPage.java,MenuPage,MenuPage/0,outlabel,2
C:\Hospital-Management-System-master\Hospital-Management-System-master\MenuPage.java,MenuPage,MenuPage/0,patientpane,2
C:\Hospital-Management-System-master\Hospital-Management-System-master\MenuPage.java,MenuPage,MenuPage/0,tabpane,7
C:\Hospital-Management-System-master\Hospital-Management-System-master\MenuPage.java,MenuPage,MenuPage/0,screenSize,25
C:\Hospital-Management-System-master\Hospital-Management-System-master\MenuPage.java,MenuPage,MenuPage/0,font1,1
C:\Hospital-Management-System-master\Hospital-Management-System-master\MenuPage.java,MenuPage,MenuPage/0,patienttable,1
C:\Hospital-Management-System-master\Hospital-Management-System-master\MenuPage.java,MenuPage,MenuPage/0,doctortable,1
C:\Hospital-Management-System-master\Hospital-Management-System-master\MenuPage.java,MenuPage,MenuPage/0,billidpanel,5
C:\Hospital-Management-System-master\Hospital-Management-System-master\MenuPage.java,MenuPage,MenuPage/0,panel4,7
C:\Hospital-Management-System-master\Hospital-Management-System-master\MenuPage.java,MenuPage,MenuPage/0,id,3
C:\Hospital-Management-System-master\Hospital-Management-System-master\MenuPage.java,MenuPage,MenuPage/0,bill_amt,2
C:\Hospital-Management-System-master\Hospital-Management-System-master\MenuPage.java,MenuPage,MenuPage/0,outform,13
C:\Hospital-Management-System-master\Hospital-Management-System-master\MenuPage.java,MenuPage,MenuPage/0,image,1
C:\Hospital-Management-System-master\Hospital-Management-System-master\MenuPage.java,MenuPage,MenuPage/0,aboutus,3
C:\Hospital-Management-System-master\Hospital-Management-System-master\MenuPage.java,MenuPage,MenuPage/0,bill_item,2
C:\Hospital-Management-System-master\Hospital-Management-System-master\MenuPage.java,MenuPage,MenuPage/0,doctorpane,2
C:\Hospital-Management-System-master\Hospital-Management-System-master\MenuPage.java,MenuPage,MenuPage/0,billidfield,2
C:\Hospital-Management-System-master\Hospital-Management-System-master\MenuPage.java,MenuPage,MenuPage/0,phone,1
C:\Hospital-Management-System-master\Hospital-Management-System-master\MenuPage.java,MenuPage,MenuPage/0,name,3
C:\Hospital-Management-System-master\Hospital-Management-System-master\MenuPage.java,MenuPage,MenuPage/0,headerpanelsh,4
C:\Hospital-Management-System-master\Hospital-Management-System-master\MenuPage.java,MenuPage,MenuPage/0,contactus,3
C:\Hospital-Management-System-master\Hospital-Management-System-master\MenuPage.java,MenuPage,MenuPage/0,rs,15
C:\Hospital-Management-System-master\Hospital-Management-System-master\MenuPage.java,MenuPage,MenuPage/0,billidbutton,3
C:\Hospital-Management-System-master\Hospital-Management-System-master\MenuPage.java,MenuPage,MenuPage/0,outname,3
C:\Hospital-Management-System-master\Hospital-Management-System-master\MenuPage.java,MenuPage,MenuPage/0,outsex,2
C:\Hospital-Management-System-master\Hospital-Management-System-master\MenuPage.java,MenuPage,MenuPage/0,outbutton,3
C:\Hospital-Management-System-master\Hospital-Management-System-master\MenuPage.java,MenuPage,MenuPage/0,billentrypanel,8
C:\Hospital-Management-System-master\Hospital-Management-System-master\MenuPage.java,MenuPage,MenuPage/0,pst,3
C:\Hospital-Management-System-master\Hospital-Management-System-master\MenuPage.java,MenuPage,MenuPage/0,total_amt,3
C:\Hospital-Management-System-master\Hospital-Management-System-master\MenuPage.java,MenuPage,MenuPage/0,outnumber,2
C:\Hospital-Management-System-master\Hospital-Management-System-master\MenuPage.java,MenuPage,MenuPage/0,doctormodel,7
C:\Hospital-Management-System-master\Hospital-Management-System-master\MenuPage.java,MenuPage,MenuPage/0,outaddress,2
C:\Hospital-Management-System-master\Hospital-Management-System-master\MenuPage.java,MenuPage,MenuPage/0,panel,3
C:\Hospital-Management-System-master\Hospital-Management-System-master\MenuPage.java,MenuPage,MenuPage/0,illness,1
C:\Hospital-Management-System-master\Hospital-Management-System-master\MenuPage.java,MenuPage,MenuPage/0,outage,2
C:\Hospital-Management-System-master\Hospital-Management-System-master\MenuPage.java,MenuPage,MenuPage/0,editpatient,3
C:\Hospital-Management-System-master\Hospital-Management-System-master\MenuPage.java,MenuPage,MenuPage/0,address,3
C:\Hospital-Management-System-master\Hospital-Management-System-master\MenuPage.java,MenuPage,MenuPage/0,heading,4
C:\Hospital-Management-System-master\Hospital-Management-System-master\MenuPage.java,MenuPage,MenuPage/0,e,3
C:\Hospital-Management-System-master\Hospital-Management-System-master\MenuPage.java,MenuPage,MenuPage/0,heading1,4
C:\Hospital-Management-System-master\Hospital-Management-System-master\MenuPage.java,MenuPage,MenuPage/0,patientmodel,10
C:\Hospital-Management-System-master\Hospital-Management-System-master\MenuPage.java,MenuPage,MenuPage/0,sex,1
C:\Hospital-Management-System-master\Hospital-Management-System-master\MenuPage.java,MenuPage,MenuPage/0,label,1
C:\Hospital-Management-System-master\Hospital-Management-System-master\MenuPage.java,MenuPage,MenuPage/0,headerpanel,7
C:\Hospital-Management-System-master\Hospital-Management-System-master\MenuPage.java,MenuPage,MenuPage/0,home,3
C:\Hospital-Management-System-master\Hospital-Management-System-master\MenuPage.java,MenuPage,MenuPage/0,specialisation,1
C:\Hospital-Management-System-master\Hospital-Management-System-master\MenuPage.java,MenuPage,MenuPage/0,outillness,2
C:\Hospital-Management-System-master\Hospital-Management-System-master\MenuPage.java,MenuPage,MenuPage/0,menupageframe,11
C:\Hospital-Management-System-master\Hospital-Management-System-master\MenuPage.java,MenuPage,MenuPage/0,editdoctor,3
C:\Hospital-Management-System-master\Hospital-Management-System-master\MenuPage.java,MenuPage,MenuPage/0,age,3
C:\Hospital-Management-System-master\Hospital-Management-System-master\MenuPage.java,MenuPage,MenuPage/0,font,1
C:\Hospital-Management-System-master\Hospital-Management-System-master\Edit.java,Edit$Anonymous3,actionPerformed/1[java.awt.event.ActionEvent],ae,0
C:\Hospital-Management-System-master\Hospital-Management-System-master\Edit.java,Edit$Anonymous4,actionPerformed/1[java.awt.event.ActionEvent],a,2
C:\Hospital-Management-System-master\Hospital-Management-System-master\Edit.java,Edit$Anonymous4,actionPerformed/1[java.awt.event.ActionEvent],rs,7
C:\Hospital-Management-System-master\Hospital-Management-System-master\Edit.java,Edit$Anonymous4,actionPerformed/1[java.awt.event.ActionEvent],conn,1
C:\Hospital-Management-System-master\Hospital-Management-System-master\Edit.java,Edit$Anonymous4,actionPerformed/1[java.awt.event.ActionEvent],ae,0
C:\Hospital-Management-System-master\Hospital-Management-System-master\Edit.java,Edit$Anonymous4,actionPerformed/1[java.awt.event.ActionEvent],e,1
C:\Hospital-Management-System-master\Hospital-Management-System-master\Edit.java,Edit$Anonymous4,actionPerformed/1[java.awt.event.ActionEvent],query,1
C:\Hospital-Management-System-master\Hospital-Management-System-master\Edit.java,Edit$Anonymous4,actionPerformed/1[java.awt.event.ActionEvent],pstmt,3
C:\Hospital-Management-System-master\Hospital-Management-System-master\Edit.java,Edit$Anonymous5,actionPerformed/1[java.awt.event.ActionEvent],conn,1
C:\Hospital-Management-System-master\Hospital-Management-System-master\Edit.java,Edit$Anonymous5,actionPerformed/1[java.awt.event.ActionEvent],ae,0
C:\Hospital-Management-System-master\Hospital-Management-System-master\Edit.java,Edit$Anonymous5,actionPerformed/1[java.awt.event.ActionEvent],e,1
C:\Hospital-Management-System-master\Hospital-Management-System-master\Edit.java,Edit$Anonymous5,actionPerformed/1[java.awt.event.ActionEvent],query,1
C:\Hospital-Management-System-master\Hospital-Management-System-master\Edit.java,Edit$Anonymous5,actionPerformed/1[java.awt.event.ActionEvent],pstmt,9
C:\Hospital-Management-System-master\Hospital-Management-System-master\Edit.java,Edit$Anonymous6,actionPerformed/1[java.awt.event.ActionEvent],ae,0
