file,class,method,variable,usage
C:\ChitChat-master\SocketServer.java,SocketServer,broadCast/1[java.lang.String],list,1
C:\ChitChat-master\SocketServer.java,SocketServer,removeThread/1[ServerThread],list,1
C:\ChitChat-master\SocketServer.java,SocketServer,SocketServer/0,server,2
C:\ChitChat-master\SocketServer.java,SocketServer,SocketServer/0,sk,2
C:\ChitChat-master\SocketServer.java,SocketServer,SocketServer/0,addr,2
C:\ChitChat-master\SocketServer.java,SocketServer,addThread/1[ServerThread],list,1
C:\ChitChat-master\SocketServer.java,ServerThread,run/0,server,4
C:\ChitChat-master\SocketServer.java,ServerThread,run/0,pw,2
C:\ChitChat-master\SocketServer.java,ServerThread,run/0,name,5
C:\ChitChat-master\SocketServer.java,ServerThread,ServerThread/1[SocketServer],server,3
C:\ChitChat-master\SocketClient.java,SocketClient,serverConnection/0,br,1
C:\ChitChat-master\SocketClient.java,SocketClient,serverConnection/0,pw,2
C:\ChitChat-master\SocketClient.java,SocketClient,serverConnection/0,sk,3
C:\ChitChat-master\SocketClient.java,SocketClient,SocketClient/0,jp,1
C:\ChitChat-master\SocketClient.java,SocketClient,SocketClient/0,input_Text,8
C:\ChitChat-master\SocketClient.java,SocketClient,SocketClient/0,textArea,5
C:\ChitChat-master\SocketClient.java,SocketClient,run/0,br,1
C:\ChitChat-master\SocketClient.java,SocketClient,run/0,textArea,3
C:\ChitChat-master\SocketClient.java,SocketClient,actionPerformed/1[java.awt.event.ActionEvent],pw,1
C:\ChitChat-master\SocketClient.java,SocketClient,actionPerformed/1[java.awt.event.ActionEvent],input_Text,2
