file,class,method,constructor,line,cbo,cboModified,fanin,fanout,wmc,rfc,loc,returnsQty,variablesQty,parametersQty,methodsInvokedQty,methodsInvokedLocalQty,methodsInvokedIndirectLocalQty,loopQty,comparisonsQty,tryCatchQty,parenthesizedExpsQty,stringLiteralsQty,numbersQty,assignmentsQty,mathOperationsQty,maxNestedBlocksQty,anonymousClassesQty,innerClassesQty,lambdasQty,uniqueWordsQty,modifiers,logStatementsQty,hasJavaDoc
C:\ChitChat-master\SocketServer.java,SocketServer,broadCast/1[java.lang.String],false,47,0,1,1,0,2,1,5,0,0,1,1,0,0,1,0,0,0,0,0,0,0,1,0,0,0,7,1,0,false
C:\ChitChat-master\SocketServer.java,SocketServer,removeThread/1[ServerThread],false,43,1,1,1,0,1,1,3,0,0,1,1,0,0,0,0,0,0,0,0,0,0,0,0,0,0,4,1,0,false
C:\ChitChat-master\SocketServer.java,SocketServer,SocketServer/0,true,17,3,4,1,3,3,7,18,0,1,0,7,1,1,1,0,1,0,4,2,4,2,2,0,0,0,16,1,0,false
C:\ChitChat-master\SocketServer.java,SocketServer,main/1[java.lang.String[]],false,53,1,1,0,1,1,0,3,0,0,1,0,0,0,0,0,0,0,0,0,0,0,0,0,0,0,4,9,0,false
C:\ChitChat-master\SocketServer.java,SocketServer,addThread/1[ServerThread],false,39,1,1,1,0,1,1,3,0,0,1,1,0,0,0,0,0,0,0,0,0,0,0,0,0,0,4,1,0,false
C:\ChitChat-master\SocketServer.java,ServerThread,run/0,false,68,1,2,0,2,4,8,21,0,2,0,8,0,0,1,2,1,1,11,0,4,5,3,0,0,0,16,1,0,false
C:\ChitChat-master\SocketServer.java,ServerThread,ServerThread/1[SocketServer],true,63,1,1,1,0,1,0,3,0,0,1,0,0,0,0,0,0,0,0,0,1,0,0,0,0,0,4,1,0,false
C:\ChitChat-master\SocketClient.java,SocketClient,serverConnection/0,false,62,0,1,1,0,2,6,14,0,2,0,6,0,0,0,0,1,0,3,1,5,1,1,0,0,0,20,1,0,false
C:\ChitChat-master\SocketClient.java,SocketClient,SocketClient/0,true,21,0,1,1,0,1,17,23,0,0,0,17,0,0,0,0,0,0,9,23,0,0,0,0,0,0,20,1,0,false
C:\ChitChat-master\SocketClient.java,SocketClient,main/1[java.lang.String[]],false,86,1,3,1,2,1,1,3,0,0,1,1,1,1,0,0,0,0,0,0,0,0,0,0,0,0,4,9,0,false
C:\ChitChat-master\SocketClient.java,SocketClient,run/0,false,91,0,0,0,0,3,6,12,0,1,0,6,0,0,1,1,1,1,2,0,2,2,2,0,0,0,6,1,0,false
C:\ChitChat-master\SocketClient.java,SocketClient,actionPerformed/1[java.awt.event.ActionEvent],false,104,0,0,0,0,1,3,5,0,1,1,3,0,0,0,0,0,0,1,0,1,0,0,0,0,0,6,1,0,false
