file,class,method,variable,usage
C:\ChitChat-master\SocketServer.java,SocketServer,broadCast/1[java.lang.String],st,1
C:\ChitChat-master\SocketServer.java,SocketServer,broadCast/1[java.lang.String],message,1
C:\ChitChat-master\SocketServer.java,SocketServer,removeThread/1[ServerThread],st,1
C:\ChitChat-master\SocketServer.java,SocketServer,SocketServer/0,st,2
C:\ChitChat-master\SocketServer.java,SocketServer,SocketServer/0,e,1
C:\ChitChat-master\SocketServer.java,SocketServer,main/1[java.lang.String[]],args,0
C:\ChitChat-master\SocketServer.java,SocketServer,addThread/1[ServerThread],st,1
C:\ChitChat-master\SocketServer.java,ServerThread,run/0,br,2
C:\ChitChat-master\SocketServer.java,ServerThread,run/0,data,3
C:\ChitChat-master\SocketServer.java,ServerThread,run/0,e,1
C:\ChitChat-master\SocketServer.java,ServerThread,ServerThread/1[SocketServer],server,2
C:\ChitChat-master\SocketClient.java,SocketClient,serverConnection/0,e,1
C:\ChitChat-master\SocketClient.java,SocketClient,serverConnection/0,IP,1
C:\ChitChat-master\SocketClient.java,SocketClient,serverConnection/0,name,1
C:\ChitChat-master\SocketClient.java,SocketClient,main/1[java.lang.String[]],args,0
C:\ChitChat-master\SocketClient.java,SocketClient,run/0,data,2
C:\ChitChat-master\SocketClient.java,SocketClient,run/0,e,1
C:\ChitChat-master\SocketClient.java,SocketClient,actionPerformed/1[java.awt.event.ActionEvent],data,1
C:\ChitChat-master\SocketClient.java,SocketClient,actionPerformed/1[java.awt.event.ActionEvent],e,0
