file,class,type,cbo,cboModified,fanin,fanout,wmc,dit,noc,rfc,lcom,lcom*,tcc,lcc,totalMethodsQty,staticMethodsQty,publicMethodsQty,privateMethodsQty,protectedMethodsQty,defaultMethodsQty,visibleMethodsQty,abstractMethodsQty,finalMethodsQty,synchronizedMethodsQty,totalFieldsQty,staticFieldsQty,publicFieldsQty,privateFieldsQty,protectedFieldsQty,defaultFieldsQty,finalFieldsQty,synchronizedFieldsQty,nosi,loc,returnQty,loopQty,comparisonsQty,tryCatchQty,parenthesizedExpsQty,stringLiteralsQty,numbersQty,assignmentsQty,mathOperationsQty,variablesQty,maxNestedBlocksQty,anonymousClassesQty,innerClassesQty,lambdasQty,uniqueWordsQty,modifiers,logStatementsQty
C:\EZHotel-master\EZHotel-master\src\main\java\com\cyan\hotel\controller\PaymentController.java,com.cyan.hotel.controller.PaymentController,class,13,14,1,13,9,1,0,11,13,0.77777773,0.1,0.1,6,0,5,1,0,0,5,0,0,0,3,0,0,3,0,0,0,0,1,54,9,0,0,0,0,17,1,9,1,12,2,0,0,0,37,1,0
C:\EZHotel-master\EZHotel-master\src\main\java\com\cyan\hotel\enumeration\LoyatyLevel.java,com.cyan.hotel.enumeration.LoyatyLevel,enum,0,1,1,0,0,1,0,0,0,0.0,-1.0,-1.0,0,0,0,0,0,0,0,0,0,0,0,0,0,0,0,0,0,0,0,1,0,0,0,0,0,0,0,0,0,0,0,0,0,0,4,1,0
C:\EZHotel-master\EZHotel-master\src\main\java\com\cyan\hotel\model\DoubleRoom.java,com.cyan.hotel.model.DoubleRoom,class,4,5,1,4,3,2,0,1,1,0.5,0.33333334,0.33333334,3,0,3,0,0,0,3,0,0,0,2,0,0,2,0,0,0,0,0,15,2,0,0,0,0,7,2,2,0,2,0,0,0,0,13,1,0
C:\EZHotel-master\EZHotel-master\src\main\java\com\cyan\hotel\model\withAC.java,com.cyan.hotel.model.withAC,class,2,3,1,2,3,3,0,2,3,0.0,0.0,0.0,3,0,3,0,0,0,3,0,0,0,0,0,0,0,0,0,0,0,0,11,2,0,0,0,0,1,1,0,2,0,0,0,0,0,13,1,0
C:\EZHotel-master\EZHotel-master\src\main\java\com\cyan\hotel\model\Discount.java,com.cyan.hotel.model.Discount,class,5,5,0,5,5,1,0,0,6,0.6,0.2,0.2,5,0,5,0,0,0,5,0,0,0,2,0,0,2,0,0,0,0,0,18,2,0,0,0,0,3,0,2,0,2,0,0,0,0,12,1,0
C:\EZHotel-master\EZHotel-master\src\main\java\com\cyan\hotel\model\Payment.java,com.cyan.hotel.model.Payment,class,10,13,3,10,11,1,0,0,45,0.8181818,0.09090909,0.09090909,11,0,11,0,0,0,11,0,0,0,5,0,0,5,0,0,0,0,0,39,5,0,0,0,0,5,0,5,0,5,0,0,0,0,19,1,0
C:\EZHotel-master\EZHotel-master\src\main\java\com\cyan\hotel\model\Manager.java,com.cyan.hotel.model.Manager$Builder,innerclass,2,2,0,2,0,2,0,0,0,0.0,-1.0,-1.0,0,0,0,0,0,0,0,0,0,0,0,0,0,0,0,0,0,0,0,2,0,0,0,0,0,0,0,0,0,0,0,0,0,0,1,1033,0
C:\EZHotel-master\EZHotel-master\src\main\java\com\cyan\hotel\model\Manager.java,com.cyan.hotel.model.Manager,class,7,9,2,7,3,3,0,0,3,0.0,0.0,0.0,3,1,3,0,0,0,3,0,0,0,0,0,0,0,0,0,0,0,0,17,1,0,0,0,0,1,0,0,0,0,0,1,1,0,7,1,0
C:\EZHotel-master\EZHotel-master\src\main\java\com\cyan\hotel\model\Guest.java,com.cyan.hotel.model.Guest$Anonymous1,anonymous,1,1,0,1,1,1,0,0,0,0.0,NaN,NaN,1,0,1,0,0,0,1,0,0,0,0,0,0,0,0,0,0,0,0,5,1,0,0,0,0,0,0,0,0,0,0,0,0,0,2,-1,0
C:\EZHotel-master\EZHotel-master\src\main\java\com\cyan\hotel\model\User.java,com.cyan.hotel.model.User,class,12,29,17,12,19,1,2,0,135,0.8618421,0.10526316,0.33918127,19,1,19,0,0,0,19,0,0,0,8,0,0,8,0,0,0,0,0,103,9,0,0,0,0,7,0,13,0,8,0,1,1,0,30,1,0
C:\EZHotel-master\EZHotel-master\src\main\java\com\cyan\hotel\model\JuniorSuiteRoom.java,com.cyan.hotel.model.JuniorSuiteRoom,class,4,5,1,4,3,2,0,1,1,0.5,0.33333334,0.33333334,3,0,3,0,0,0,3,0,0,0,2,0,0,2,0,0,0,0,0,15,2,0,0,0,0,7,2,2,0,2,0,0,0,0,15,1,0
C:\EZHotel-master\EZHotel-master\src\test\java\com\cyan\hotel\HomeControllerTests.java,com.cyan.hotel.HomeControllerTests,class,7,7,0,7,4,1,0,8,6,0.9166667,0.0,0.0,4,0,4,0,0,0,4,0,0,0,3,0,0,2,0,1,0,0,0,25,0,0,0,0,0,6,1,5,0,7,0,0,0,0,20,1,0
C:\EZHotel-master\EZHotel-master\src\test\java\com\cyan\hotel\HotelApplicationTests.java,com.cyan.hotel.HotelApplicationTests,class,3,3,0,3,1,1,0,0,0,1.0,NaN,NaN,1,0,0,0,0,1,1,0,0,0,1,0,0,0,0,1,0,0,0,5,0,0,0,0,0,0,0,0,0,1,0,0,0,0,8,0,0
C:\EZHotel-master\EZHotel-master\src\main\java\com\cyan\hotel\model\RoomType.java,com.cyan.hotel.model.RoomType,class,7,7,0,7,12,1,0,0,54,0.8333333,0.09090909,0.09090909,12,0,12,0,0,0,12,0,0,0,6,0,0,6,0,0,0,0,0,44,6,0,0,0,0,7,0,6,0,6,0,0,0,0,20,1,0
C:\EZHotel-master\EZHotel-master\src\main\java\com\cyan\hotel\model\SingleRoom.java,com.cyan.hotel.model.SingleRoom,class,4,5,1,4,3,2,0,1,1,0.5,0.33333334,0.33333334,3,0,3,0,0,0,3,0,0,0,2,0,0,2,0,0,0,0,0,15,2,0,0,0,0,7,2,2,0,2,0,0,0,0,14,1,0
C:\EZHotel-master\EZHotel-master\src\main\java\com\cyan\hotel\model\Booking.java,com.cyan.hotel.model.Booking,class,9,15,6,9,12,1,0,0,56,0.84722227,0.07575758,0.07575758,12,0,12,0,0,0,12,0,0,0,6,0,0,6,0,0,0,0,0,43,6,0,0,0,0,6,0,5,0,6,0,0,0,0,23,1,0
C:\EZHotel-master\EZHotel-master\src\main\java\com\cyan\hotel\model\Room.java,com.cyan.hotel.model.Room,class,9,23,14,9,11,1,5,0,43,0.7954545,0.10909091,0.10909091,11,0,11,0,0,0,11,2,0,0,4,0,0,4,0,0,0,0,0,35,4,0,0,0,0,7,1,5,0,4,0,0,0,0,20,1025,0
C:\EZHotel-master\EZHotel-master\src\main\java\com\cyan\hotel\repositoryService\UserService.java,com.cyan.hotel.repositoryService.UserService,interface,1,8,7,1,5,1,0,0,10,0.0,0.0,0.0,5,0,0,0,0,5,5,0,0,0,0,0,0,0,0,0,0,0,0,7,0,0,0,0,0,0,0,0,0,0,0,0,0,0,19,1,0
C:\EZHotel-master\EZHotel-master\src\main\java\com\cyan\hotel\model\ExecutiveRoom.java,com.cyan.hotel.model.ExecutiveRoom,class,4,5,1,4,3,2,0,1,1,0.5,0.33333334,0.33333334,3,0,3,0,0,0,3,0,0,0,2,0,0,2,0,0,0,0,0,15,2,0,0,0,0,7,2,2,0,2,0,0,0,0,14,1,0
C:\EZHotel-master\EZHotel-master\src\main\java\com\cyan\hotel\repositoryService\RegistrationServiceImpl.java,com.cyan.hotel.repositoryService.RegistrationServiceImpl,class,6,6,0,6,2,1,0,8,0,0.0,NaN,NaN,1,0,1,0,0,0,1,0,0,0,2,0,0,1,0,1,0,0,1,15,1,0,1,0,0,0,0,3,0,3,1,0,0,0,22,1,0
C:\EZHotel-master\EZHotel-master\src\main\java\com\cyan\hotel\model\Event.java,com.cyan.hotel.model.Event,class,7,7,0,7,7,1,0,0,15,0.7142857,0.14285715,0.14285715,7,0,7,0,0,0,7,0,0,0,3,0,0,3,0,0,0,0,0,25,3,0,0,0,0,5,1,3,0,3,0,0,0,0,15,1,0
C:\EZHotel-master\EZHotel-master\src\main\java\com\cyan\hotel\repository\RoomRepository.java,com.cyan.hotel.repository.RoomRepository,interface,5,6,1,5,4,1,0,0,6,0.0,0.0,0.0,4,0,0,0,0,4,4,0,0,0,0,0,0,0,0,0,0,0,0,6,0,0,0,0,0,2,0,0,0,0,0,0,0,0,17,1,0
C:\EZHotel-master\EZHotel-master\src\main\java\com\cyan\hotel\repositoryService\BookingServiceImpl.java,com.cyan.hotel.repositoryService.BookingServiceImpl,class,7,7,0,7,2,1,0,9,0,0.0,1.0,1.0,2,0,2,0,0,0,2,0,0,0,2,0,0,1,0,1,0,0,0,16,1,0,0,0,0,0,0,2,0,4,0,0,0,0,22,1,0
C:\EZHotel-master\EZHotel-master\src\main\java\com\cyan\hotel\model\Manager.java,com.cyan.hotel.model.Manager$Anonymous1,anonymous,1,1,0,1,1,1,0,0,0,0.0,NaN,NaN,1,0,1,0,0,0,1,0,0,0,0,0,0,0,0,0,0,0,0,5,1,0,0,0,0,0,0,0,0,0,0,0,0,0,2,-1,0
C:\EZHotel-master\EZHotel-master\src\main\java\com\cyan\hotel\validator\UserValidator.java,com.cyan.hotel.validator.UserValidator,class,6,7,1,6,11,1,0,9,1,0.33333334,0.33333334,0.33333334,3,0,3,0,0,0,3,0,0,0,1,0,0,1,0,0,0,0,0,38,1,0,2,0,0,24,4,2,0,3,2,0,0,0,22,1,0
C:\EZHotel-master\EZHotel-master\src\main\java\com\cyan\hotel\model\Guest.java,com.cyan.hotel.model.Guest$Builder,innerclass,3,3,0,3,2,2,0,0,1,0.5,0.0,0.0,2,0,2,0,0,0,2,0,0,0,2,0,0,2,0,0,0,0,0,12,2,0,0,0,0,0,0,2,0,2,0,0,0,0,5,1033,0
C:\EZHotel-master\EZHotel-master\src\main\java\com\cyan\hotel\repositoryService\PaymentServiceImpl.java,com.cyan.hotel.repositoryService.PaymentServiceImpl,class,7,7,0,7,1,1,0,6,0,0.0,NaN,NaN,1,0,1,0,0,0,1,0,0,0,2,0,0,1,0,1,0,0,0,12,0,0,0,0,0,0,0,1,0,3,0,0,0,0,18,1,0
C:\EZHotel-master\EZHotel-master\src\main\java\com\cyan\hotel\model\RoomDecorator.java,com.cyan.hotel.model.RoomDecorator,class,1,5,4,1,3,2,4,2,0,0.0,1.0,1.0,3,0,3,0,0,0,3,0,0,0,1,0,0,1,0,0,0,0,0,12,2,0,0,0,0,0,0,1,0,1,0,0,0,0,10,1,0
C:\EZHotel-master\EZHotel-master\src\main\java\com\cyan\hotel\repositoryService\RoomServiceImpl.java,com.cyan.hotel.repositoryService.RoomServiceImpl,class,5,5,0,5,5,1,0,4,0,0.2,0.6,0.6,5,0,5,0,0,0,5,0,0,0,1,0,0,1,0,0,0,0,0,17,4,0,0,0,0,0,0,0,0,1,0,0,0,0,19,1,0
C:\EZHotel-master\EZHotel-master\src\main\java\com\cyan\hotel\model\User.java,com.cyan.hotel.model.User$Builder,innerclass,2,2,0,2,6,1,0,0,15,0.8333333,0.0,0.0,6,0,6,0,0,0,6,1,0,0,5,0,0,5,0,0,0,0,0,28,5,0,0,0,0,0,0,5,0,5,0,0,0,0,10,1033,0
C:\EZHotel-master\EZHotel-master\src\main\java\com\cyan\hotel\repositoryService\RoomService.java,com.cyan.hotel.repositoryService.RoomService,interface,1,4,3,1,5,1,0,0,10,0.0,0.0,0.0,5,0,0,0,0,5,5,0,0,0,0,0,0,0,0,0,0,0,0,7,0,0,0,0,0,0,0,0,0,0,0,0,0,0,15,1,0
C:\EZHotel-master\EZHotel-master\src\main\java\com\cyan\hotel\repositoryService\RegistrationService.java,com.cyan.hotel.repositoryService.RegistrationService,interface,0,1,1,0,1,1,0,0,0,0.0,NaN,NaN,1,0,0,0,0,1,1,0,0,0,0,0,0,0,0,0,0,0,0,3,0,0,0,0,0,0,0,0,0,0,0,0,0,0,5,1,0
C:\EZHotel-master\EZHotel-master\src\main\java\com\cyan\hotel\repositoryService\UserServiceImpl.java,com.cyan.hotel.repositoryService.UserServiceImpl,class,5,5,0,5,5,1,0,6,0,0.0,1.0,1.0,5,0,5,0,0,0,5,0,0,0,1,0,0,1,0,0,0,0,0,19,3,0,0,0,1,0,0,1,0,2,0,0,0,0,21,1,0
C:\EZHotel-master\EZHotel-master\src\main\java\com\cyan\hotel\billingSystem\BillingSystem.java,com.cyan.hotel.billingSystem.BillingSystem,class,1,1,0,1,1,1,0,0,0,0.5,NaN,NaN,1,0,1,0,0,0,1,0,0,0,2,0,0,0,0,2,0,0,0,7,0,0,0,0,0,0,0,1,0,2,0,0,0,0,9,1,0
C:\EZHotel-master\EZHotel-master\src\main\java\com\cyan\hotel\controller\RoomController.java,com.cyan.hotel.controller.RoomController,class,11,12,1,11,5,1,0,6,6,0.75,0.0,0.0,4,0,3,1,0,0,3,0,0,0,1,0,0,1,0,0,0,0,1,26,5,0,0,0,0,12,0,4,1,5,1,0,0,0,19,1,0
C:\EZHotel-master\EZHotel-master\src\main\java\com\cyan\hotel\model\User.java,com.cyan.hotel.model.User$Anonymous1,anonymous,1,1,0,1,1,1,0,0,0,0.0,NaN,NaN,1,0,1,0,0,0,1,0,0,0,0,0,0,0,0,0,0,0,0,5,1,0,0,0,0,0,0,0,0,0,0,0,0,0,2,-1,0
C:\EZHotel-master\EZHotel-master\src\main\java\com\cyan\hotel\repository\PaymentRepository.java,com.cyan.hotel.repository.PaymentRepository,interface,2,3,1,2,0,1,0,0,0,0.0,-1.0,-1.0,0,0,0,0,0,0,0,0,0,0,0,0,0,0,0,0,0,0,0,2,0,0,0,0,0,0,0,0,0,0,0,0,0,0,2,1,0
C:\EZHotel-master\EZHotel-master\src\main\java\com\cyan\hotel\model\Guest.java,com.cyan.hotel.model.Guest,class,12,14,2,12,9,3,0,0,28,0.7777778,0.11111111,0.1388889,9,1,9,0,0,0,9,0,0,0,4,0,0,4,0,0,0,0,0,51,5,0,0,0,0,5,0,4,0,4,0,1,1,0,24,1,0
C:\EZHotel-master\EZHotel-master\src\main\java\com\cyan\hotel\controller\BookingController.java,com.cyan.hotel.controller.BookingController,class,18,19,1,18,15,1,0,10,6,0.75,0.0,0.0,4,0,3,1,0,0,3,0,0,0,2,0,0,2,0,0,0,0,1,63,6,1,2,0,0,22,0,15,1,9,3,0,0,0,52,1,0
C:\EZHotel-master\EZHotel-master\src\main\java\com\cyan\hotel\model\withBottleOfWine.java,com.cyan.hotel.model.withBottleOfWine,class,2,3,1,2,3,3,0,2,3,0.0,0.0,0.0,3,0,3,0,0,0,3,0,0,0,0,0,0,0,0,0,0,0,0,11,2,0,0,0,0,1,1,0,2,0,0,0,0,0,17,1,0
C:\EZHotel-master\EZHotel-master\src\main\java\com\cyan\hotel\repositoryService\PaymentService.java,com.cyan.hotel.repositoryService.PaymentService,interface,1,3,2,1,1,1,0,0,0,0.0,NaN,NaN,1,0,0,0,0,1,1,0,0,0,0,0,0,0,0,0,0,0,0,3,0,0,0,0,0,0,0,0,0,0,0,0,0,0,8,1,0
C:\EZHotel-master\EZHotel-master\src\main\java\com\cyan\hotel\controller\UserController.java,com.cyan.hotel.controller.UserController,class,13,13,0,13,7,1,0,7,8,0.70000005,0.1,0.1,5,0,5,0,0,0,5,0,0,0,2,0,0,2,0,0,0,0,0,36,7,0,0,0,0,24,0,1,0,3,1,0,0,0,24,1,0
C:\EZHotel-master\EZHotel-master\src\main\java\com\cyan\hotel\exception\ResourceNotFoundException.java,com.cyan.hotel.exception.ResourceNotFoundException,class,0,1,1,0,1,4,1,0,0,0.0,NaN,NaN,1,0,1,0,0,0,1,0,0,0,0,0,0,0,0,0,0,0,0,5,0,0,0,0,0,4,0,0,1,0,0,0,0,0,15,1,0
C:\EZHotel-master\EZHotel-master\.mvn\wrapper\MavenWrapperDownloader.java,MavenWrapperDownloader,class,1,2,1,1,9,1,0,17,1,0.5,NaN,NaN,2,2,1,1,0,0,1,0,0,0,4,4,0,4,0,0,4,0,4,61,0,0,1,3,0,14,4,15,5,13,4,0,0,0,82,1,0
C:\EZHotel-master\EZHotel-master\src\main\java\com\cyan\hotel\HotelApplication.java,com.cyan.hotel.HotelApplication,class,6,7,1,6,2,2,0,2,1,0.0,0.0,0.0,2,1,1,0,1,0,2,0,0,0,0,0,0,0,0,0,0,0,0,8,1,0,0,0,0,0,0,0,0,0,0,0,0,0,11,1,0
C:\EZHotel-master\EZHotel-master\src\main\java\com\cyan\hotel\repository\BookingRepository.java,com.cyan.hotel.repository.BookingRepository,interface,4,5,1,4,1,1,0,0,0,0.0,NaN,NaN,1,0,0,0,0,1,1,0,0,0,0,0,0,0,0,0,0,0,0,3,0,0,0,0,0,0,0,0,0,0,0,0,0,0,6,1,0
C:\EZHotel-master\EZHotel-master\src\main\java\com\cyan\hotel\exception\RoomNotFoundException.java,com.cyan.hotel.exception.RoomNotFoundException,class,1,1,0,1,1,5,0,1,0,0.0,NaN,NaN,1,0,1,0,0,0,1,0,0,0,0,0,0,0,0,0,0,0,0,5,0,0,0,0,0,2,0,0,0,0,0,0,0,0,10,1,0
C:\EZHotel-master\EZHotel-master\src\main\java\com\cyan\hotel\repository\UserRepository.java,com.cyan.hotel.repository.UserRepository,interface,6,8,2,6,3,1,0,0,3,0.0,0.0,0.0,3,0,0,0,0,3,3,0,0,0,0,0,0,0,0,0,0,0,0,5,0,0,0,0,0,1,0,0,0,0,0,0,0,0,20,1,0
C:\EZHotel-master\EZHotel-master\src\main\java\com\cyan\hotel\enumeration\RoomStyle.java,com.cyan.hotel.enumeration.RoomStyle,enum,0,2,2,0,0,1,0,0,0,0.0,-1.0,-1.0,0,0,0,0,0,0,0,0,0,0,0,0,0,0,0,0,0,0,0,1,0,0,0,0,0,0,0,0,0,0,0,0,0,0,12,1,0
C:\EZHotel-master\EZHotel-master\src\main\java\com\cyan\hotel\enumeration\PayType.java,com.cyan.hotel.enumeration.PayType,enum,0,4,4,0,0,1,0,0,0,0.0,-1.0,-1.0,0,0,0,0,0,0,0,0,0,0,0,0,0,0,0,0,0,0,0,1,0,0,0,0,0,0,0,0,0,0,0,0,0,0,5,1,0
C:\EZHotel-master\EZHotel-master\src\main\java\com\cyan\hotel\model\withDinner.java,com.cyan.hotel.model.withDinner,class,2,3,1,2,3,3,0,2,3,0.0,0.0,0.0,3,0,3,0,0,0,3,0,0,0,0,0,0,0,0,0,0,0,0,11,2,0,0,0,0,1,1,0,2,0,0,0,0,0,13,1,0
C:\EZHotel-master\EZHotel-master\src\main\java\com\cyan\hotel\controller\EventController.java,com.cyan.hotel.controller.EventController,class,2,2,0,2,1,1,0,0,0,0.0,NaN,NaN,1,0,1,0,0,0,1,0,0,0,0,0,0,0,0,0,0,0,0,5,1,0,0,0,0,2,0,0,0,0,0,0,0,0,7,1,0
C:\EZHotel-master\EZHotel-master\src\main\java\com\cyan\hotel\controller\HomeController.java,com.cyan.hotel.controller.HomeController,class,2,4,2,2,3,1,0,0,3,0.0,0.0,0.0,3,0,3,0,0,0,3,0,0,0,0,0,0,0,0,0,0,0,0,11,3,0,0,0,0,6,0,0,0,0,0,0,0,0,9,1,0
C:\EZHotel-master\EZHotel-master\src\main\java\com\cyan\hotel\model\withWiFi.java,com.cyan.hotel.model.withWiFi,class,2,3,1,2,3,3,0,2,3,0.0,0.0,0.0,3,0,3,0,0,0,3,0,0,0,0,0,0,0,0,0,0,0,0,11,2,0,0,0,0,1,1,0,2,0,0,0,0,0,13,1,0
C:\EZHotel-master\EZHotel-master\src\main\java\com\cyan\hotel\repositoryService\BookingService.java,com.cyan.hotel.repositoryService.BookingService,interface,2,6,4,2,2,1,0,0,1,0.0,0.0,0.0,2,0,0,0,0,2,2,0,0,0,0,0,0,0,0,0,0,0,0,4,0,0,0,0,0,0,0,0,0,0,0,0,0,0,13,1,0
