file,class,method,variable,usage
C:\EZHotel-master\EZHotel-master\src\main\java\com\cyan\hotel\controller\PaymentController.java,com.cyan.hotel.controller.PaymentController,"pay/6[java.lang.Long,java.lang.String,java.lang.Double,com.cyan.hotel.enumeration.PayType,java.lang.Double,com.cyan.hotel.controller.Model]",paymentService,1
C:\EZHotel-master\EZHotel-master\src\main\java\com\cyan\hotel\controller\PaymentController.java,com.cyan.hotel.controller.PaymentController,"pay/6[java.lang.Long,java.lang.String,java.lang.Double,com.cyan.hotel.enumeration.PayType,java.lang.Double,com.cyan.hotel.controller.Model]",userService,2
C:\EZHotel-master\EZHotel-master\src\main\java\com\cyan\hotel\controller\PaymentController.java,com.cyan.hotel.controller.PaymentController,"showPayment/3[java.lang.String,java.lang.Double,com.cyan.hotel.controller.Model]",bookingService,1
C:\EZHotel-master\EZHotel-master\src\main\java\com\cyan\hotel\controller\PaymentController.java,com.cyan.hotel.controller.PaymentController,"showPayment/3[java.lang.String,java.lang.Double,com.cyan.hotel.controller.Model]",userService,1
C:\EZHotel-master\EZHotel-master\src\main\java\com\cyan\hotel\model\DoubleRoom.java,com.cyan.hotel.model.DoubleRoom,DoubleRoom/0,price,1
C:\EZHotel-master\EZHotel-master\src\main\java\com\cyan\hotel\model\DoubleRoom.java,com.cyan.hotel.model.DoubleRoom,DoubleRoom/0,description,1
C:\EZHotel-master\EZHotel-master\src\main\java\com\cyan\hotel\model\DoubleRoom.java,com.cyan.hotel.model.DoubleRoom,getDescription/0,description,1
C:\EZHotel-master\EZHotel-master\src\main\java\com\cyan\hotel\model\Discount.java,com.cyan.hotel.model.Discount,getDiscountPercentage/0,discountPercentage,1
C:\EZHotel-master\EZHotel-master\src\main\java\com\cyan\hotel\model\Discount.java,com.cyan.hotel.model.Discount,setDiscountPercentage/1[java.lang.Double],discountPercentage,3
C:\EZHotel-master\EZHotel-master\src\main\java\com\cyan\hotel\model\Discount.java,com.cyan.hotel.model.Discount,setDiscountId/1[java.lang.Long],discountId,3
C:\EZHotel-master\EZHotel-master\src\main\java\com\cyan\hotel\model\Discount.java,com.cyan.hotel.model.Discount,getDiscountId/0,discountId,1
C:\EZHotel-master\EZHotel-master\src\main\java\com\cyan\hotel\model\Payment.java,com.cyan.hotel.model.Payment,setPaymentAmount/1[java.lang.Double],paymentAmount,3
C:\EZHotel-master\EZHotel-master\src\main\java\com\cyan\hotel\model\Payment.java,com.cyan.hotel.model.Payment,setPaymentDate/1[java.lang.String],paymentDate,3
C:\EZHotel-master\EZHotel-master\src\main\java\com\cyan\hotel\model\Payment.java,com.cyan.hotel.model.Payment,setPaymentId/1[java.lang.Long],paymentId,3
C:\EZHotel-master\EZHotel-master\src\main\java\com\cyan\hotel\model\Payment.java,com.cyan.hotel.model.Payment,getPaymentId/0,paymentId,1
C:\EZHotel-master\EZHotel-master\src\main\java\com\cyan\hotel\model\Payment.java,com.cyan.hotel.model.Payment,getUser/0,user,1
C:\EZHotel-master\EZHotel-master\src\main\java\com\cyan\hotel\model\Payment.java,com.cyan.hotel.model.Payment,getPayType/0,payType,1
C:\EZHotel-master\EZHotel-master\src\main\java\com\cyan\hotel\model\Payment.java,com.cyan.hotel.model.Payment,setPayType/1[com.cyan.hotel.enumeration.PayType],payType,3
C:\EZHotel-master\EZHotel-master\src\main\java\com\cyan\hotel\model\Payment.java,com.cyan.hotel.model.Payment,getPaymentAmount/0,paymentAmount,1
C:\EZHotel-master\EZHotel-master\src\main\java\com\cyan\hotel\model\Payment.java,com.cyan.hotel.model.Payment,setUser/1[com.cyan.hotel.model.User],user,3
C:\EZHotel-master\EZHotel-master\src\main\java\com\cyan\hotel\model\Payment.java,com.cyan.hotel.model.Payment,getPaymentDate/0,paymentDate,1
C:\EZHotel-master\EZHotel-master\src\main\java\com\cyan\hotel\model\User.java,com.cyan.hotel.model.User,setFirstName/1[java.lang.String],firstName,3
C:\EZHotel-master\EZHotel-master\src\main\java\com\cyan\hotel\model\User.java,com.cyan.hotel.model.User,setPasswordConfirm/1[java.lang.String],passwordConfirm,3
C:\EZHotel-master\EZHotel-master\src\main\java\com\cyan\hotel\model\User.java,com.cyan.hotel.model.User,setPayments/1[java.util.List<com.cyan.hotel.model.Payment>],payments,3
C:\EZHotel-master\EZHotel-master\src\main\java\com\cyan\hotel\model\User.java,com.cyan.hotel.model.User,setUserId/1[java.lang.Long],userId,3
C:\EZHotel-master\EZHotel-master\src\main\java\com\cyan\hotel\model\User.java,com.cyan.hotel.model.User,getUsername/0,username,1
C:\EZHotel-master\EZHotel-master\src\main\java\com\cyan\hotel\model\User.java,com.cyan.hotel.model.User,getUserId/0,userId,1
C:\EZHotel-master\EZHotel-master\src\main\java\com\cyan\hotel\model\User.java,com.cyan.hotel.model.User,getPassword/0,password,1
C:\EZHotel-master\EZHotel-master\src\main\java\com\cyan\hotel\model\User.java,com.cyan.hotel.model.User,getPayments/0,payments,1
C:\EZHotel-master\EZHotel-master\src\main\java\com\cyan\hotel\model\User.java,com.cyan.hotel.model.User,setBalance/1[java.lang.Double],balance,3
C:\EZHotel-master\EZHotel-master\src\main\java\com\cyan\hotel\model\User.java,com.cyan.hotel.model.User,getBalance/0,balance,1
C:\EZHotel-master\EZHotel-master\src\main\java\com\cyan\hotel\model\User.java,com.cyan.hotel.model.User,setLastName/1[java.lang.String],lastName,3
C:\EZHotel-master\EZHotel-master\src\main\java\com\cyan\hotel\model\User.java,com.cyan.hotel.model.User,User/1[com.cyan.hotel.model.User.Builder<?>],firstName,1
C:\EZHotel-master\EZHotel-master\src\main\java\com\cyan\hotel\model\User.java,com.cyan.hotel.model.User,User/1[com.cyan.hotel.model.User.Builder<?>],lastName,1
C:\EZHotel-master\EZHotel-master\src\main\java\com\cyan\hotel\model\User.java,com.cyan.hotel.model.User,User/1[com.cyan.hotel.model.User.Builder<?>],password,1
C:\EZHotel-master\EZHotel-master\src\main\java\com\cyan\hotel\model\User.java,com.cyan.hotel.model.User,User/1[com.cyan.hotel.model.User.Builder<?>],balance,1
C:\EZHotel-master\EZHotel-master\src\main\java\com\cyan\hotel\model\User.java,com.cyan.hotel.model.User,User/1[com.cyan.hotel.model.User.Builder<?>],username,1
C:\EZHotel-master\EZHotel-master\src\main\java\com\cyan\hotel\model\User.java,com.cyan.hotel.model.User,setUsername/1[java.lang.String],username,3
C:\EZHotel-master\EZHotel-master\src\main\java\com\cyan\hotel\model\User.java,com.cyan.hotel.model.User,setPassword/1[java.lang.String],password,3
C:\EZHotel-master\EZHotel-master\src\main\java\com\cyan\hotel\model\User.java,com.cyan.hotel.model.User,getPasswordConfirm/0,passwordConfirm,1
C:\EZHotel-master\EZHotel-master\src\main\java\com\cyan\hotel\model\User.java,com.cyan.hotel.model.User,getLastName/0,lastName,1
C:\EZHotel-master\EZHotel-master\src\main\java\com\cyan\hotel\model\User.java,com.cyan.hotel.model.User,getFirstName/0,firstName,1
C:\EZHotel-master\EZHotel-master\src\main\java\com\cyan\hotel\model\JuniorSuiteRoom.java,com.cyan.hotel.model.JuniorSuiteRoom,JuniorSuiteRoom/0,price,1
C:\EZHotel-master\EZHotel-master\src\main\java\com\cyan\hotel\model\JuniorSuiteRoom.java,com.cyan.hotel.model.JuniorSuiteRoom,JuniorSuiteRoom/0,description,1
C:\EZHotel-master\EZHotel-master\src\main\java\com\cyan\hotel\model\JuniorSuiteRoom.java,com.cyan.hotel.model.JuniorSuiteRoom,getDescription/0,description,1
C:\EZHotel-master\EZHotel-master\src\test\java\com\cyan\hotel\HomeControllerTests.java,com.cyan.hotel.HomeControllerTests,before/0,user,6
C:\EZHotel-master\EZHotel-master\src\main\java\com\cyan\hotel\model\RoomType.java,com.cyan.hotel.model.RoomType,getNumBeds/0,numBeds,1
C:\EZHotel-master\EZHotel-master\src\main\java\com\cyan\hotel\model\RoomType.java,com.cyan.hotel.model.RoomType,getRoomTypeId/0,roomTypeId,1
C:\EZHotel-master\EZHotel-master\src\main\java\com\cyan\hotel\model\RoomType.java,com.cyan.hotel.model.RoomType,getRoomStyle/0,roomStyle,1
C:\EZHotel-master\EZHotel-master\src\main\java\com\cyan\hotel\model\RoomType.java,com.cyan.hotel.model.RoomType,setRoomRate/1[int],roomRate,3
C:\EZHotel-master\EZHotel-master\src\main\java\com\cyan\hotel\model\RoomType.java,com.cyan.hotel.model.RoomType,getCapacity/0,capacity,1
C:\EZHotel-master\EZHotel-master\src\main\java\com\cyan\hotel\model\RoomType.java,com.cyan.hotel.model.RoomType,setDescription/1[java.lang.String],description,3
C:\EZHotel-master\EZHotel-master\src\main\java\com\cyan\hotel\model\RoomType.java,com.cyan.hotel.model.RoomType,setRoomStyle/1[com.cyan.hotel.enumeration.RoomStyle],roomStyle,3
C:\EZHotel-master\EZHotel-master\src\main\java\com\cyan\hotel\model\RoomType.java,com.cyan.hotel.model.RoomType,getRoomRate/0,roomRate,1
C:\EZHotel-master\EZHotel-master\src\main\java\com\cyan\hotel\model\RoomType.java,com.cyan.hotel.model.RoomType,setRoomTypeId/1[java.lang.Long],roomTypeId,3
C:\EZHotel-master\EZHotel-master\src\main\java\com\cyan\hotel\model\RoomType.java,com.cyan.hotel.model.RoomType,setNumBeds/1[int],numBeds,3
C:\EZHotel-master\EZHotel-master\src\main\java\com\cyan\hotel\model\RoomType.java,com.cyan.hotel.model.RoomType,setCapacity/1[int],capacity,3
C:\EZHotel-master\EZHotel-master\src\main\java\com\cyan\hotel\model\RoomType.java,com.cyan.hotel.model.RoomType,getDescription/0,description,1
C:\EZHotel-master\EZHotel-master\src\main\java\com\cyan\hotel\model\SingleRoom.java,com.cyan.hotel.model.SingleRoom,SingleRoom/0,price,1
C:\EZHotel-master\EZHotel-master\src\main\java\com\cyan\hotel\model\SingleRoom.java,com.cyan.hotel.model.SingleRoom,SingleRoom/0,description,1
C:\EZHotel-master\EZHotel-master\src\main\java\com\cyan\hotel\model\SingleRoom.java,com.cyan.hotel.model.SingleRoom,getDescription/0,description,1
C:\EZHotel-master\EZHotel-master\src\main\java\com\cyan\hotel\model\Booking.java,com.cyan.hotel.model.Booking,setUser/1[com.cyan.hotel.model.User],user,3
C:\EZHotel-master\EZHotel-master\src\main\java\com\cyan\hotel\model\Booking.java,com.cyan.hotel.model.Booking,getBookingDate/0,bookingDate,1
C:\EZHotel-master\EZHotel-master\src\main\java\com\cyan\hotel\model\Booking.java,com.cyan.hotel.model.Booking,getUser/0,user,1
C:\EZHotel-master\EZHotel-master\src\main\java\com\cyan\hotel\model\Booking.java,com.cyan.hotel.model.Booking,getObserver/0,observer,1
C:\EZHotel-master\EZHotel-master\src\main\java\com\cyan\hotel\model\Booking.java,com.cyan.hotel.model.Booking,getNumberOfGuests/0,numberOfGuests,1
C:\EZHotel-master\EZHotel-master\src\main\java\com\cyan\hotel\model\Booking.java,com.cyan.hotel.model.Booking,setBookingTotal/1[java.lang.Double],bookingTotal,3
C:\EZHotel-master\EZHotel-master\src\main\java\com\cyan\hotel\model\Booking.java,com.cyan.hotel.model.Booking,setBookingId/1[java.lang.Long],bookingId,3
C:\EZHotel-master\EZHotel-master\src\main\java\com\cyan\hotel\model\Booking.java,com.cyan.hotel.model.Booking,getBookingId/0,bookingId,1
C:\EZHotel-master\EZHotel-master\src\main\java\com\cyan\hotel\model\Booking.java,com.cyan.hotel.model.Booking,setBookingDate/1[java.lang.String],bookingDate,3
C:\EZHotel-master\EZHotel-master\src\main\java\com\cyan\hotel\model\Booking.java,com.cyan.hotel.model.Booking,setNumberOfGuests/1[java.lang.Integer],numberOfGuests,3
C:\EZHotel-master\EZHotel-master\src\main\java\com\cyan\hotel\model\Booking.java,com.cyan.hotel.model.Booking,getBookingTotal/0,bookingTotal,1
C:\EZHotel-master\EZHotel-master\src\main\java\com\cyan\hotel\model\Room.java,com.cyan.hotel.model.Room,setBooking/1[com.cyan.hotel.model.Booking],booking,3
C:\EZHotel-master\EZHotel-master\src\main\java\com\cyan\hotel\model\Room.java,com.cyan.hotel.model.Room,setRoomId/1[java.lang.Long],roomId,3
C:\EZHotel-master\EZHotel-master\src\main\java\com\cyan\hotel\model\Room.java,com.cyan.hotel.model.Room,setRoomStatus/1[java.lang.Integer],roomStatus,3
C:\EZHotel-master\EZHotel-master\src\main\java\com\cyan\hotel\model\Room.java,com.cyan.hotel.model.Room,getRoomType/0,roomType,1
C:\EZHotel-master\EZHotel-master\src\main\java\com\cyan\hotel\model\Room.java,com.cyan.hotel.model.Room,getBooking/0,booking,1
C:\EZHotel-master\EZHotel-master\src\main\java\com\cyan\hotel\model\Room.java,com.cyan.hotel.model.Room,getRoomStatus/0,roomStatus,1
C:\EZHotel-master\EZHotel-master\src\main\java\com\cyan\hotel\model\Room.java,com.cyan.hotel.model.Room,setRoomType/1[java.lang.String],roomType,3
C:\EZHotel-master\EZHotel-master\src\main\java\com\cyan\hotel\model\Room.java,com.cyan.hotel.model.Room,Room/0,roomStatus,1
C:\EZHotel-master\EZHotel-master\src\main\java\com\cyan\hotel\model\Room.java,com.cyan.hotel.model.Room,getRoomId/0,roomId,1
C:\EZHotel-master\EZHotel-master\src\main\java\com\cyan\hotel\model\ExecutiveRoom.java,com.cyan.hotel.model.ExecutiveRoom,ExecutiveRoom/0,price,1
C:\EZHotel-master\EZHotel-master\src\main\java\com\cyan\hotel\model\ExecutiveRoom.java,com.cyan.hotel.model.ExecutiveRoom,ExecutiveRoom/0,description,1
C:\EZHotel-master\EZHotel-master\src\main\java\com\cyan\hotel\model\ExecutiveRoom.java,com.cyan.hotel.model.ExecutiveRoom,getDescription/0,description,1
C:\EZHotel-master\EZHotel-master\src\main\java\com\cyan\hotel\repositoryService\RegistrationServiceImpl.java,com.cyan.hotel.repositoryService.RegistrationServiceImpl,"validateRegistration/5[java.lang.String,java.lang.String,java.lang.String,java.lang.String,java.lang.String]",registrationValid,3
C:\EZHotel-master\EZHotel-master\src\main\java\com\cyan\hotel\repositoryService\RegistrationServiceImpl.java,com.cyan.hotel.repositoryService.RegistrationServiceImpl,"validateRegistration/5[java.lang.String,java.lang.String,java.lang.String,java.lang.String,java.lang.String]",userRepository,2
C:\EZHotel-master\EZHotel-master\src\main\java\com\cyan\hotel\model\Event.java,com.cyan.hotel.model.Event,setEventDate/1[java.util.Date],eventDate,3
C:\EZHotel-master\EZHotel-master\src\main\java\com\cyan\hotel\model\Event.java,com.cyan.hotel.model.Event,setEventId/1[java.lang.Long],eventId,3
C:\EZHotel-master\EZHotel-master\src\main\java\com\cyan\hotel\model\Event.java,com.cyan.hotel.model.Event,setEventDesc/1[java.lang.String],eventDesc,3
C:\EZHotel-master\EZHotel-master\src\main\java\com\cyan\hotel\model\Event.java,com.cyan.hotel.model.Event,getEventDesc/0,eventDesc,1
C:\EZHotel-master\EZHotel-master\src\main\java\com\cyan\hotel\model\Event.java,com.cyan.hotel.model.Event,getEventId/0,eventId,1
C:\EZHotel-master\EZHotel-master\src\main\java\com\cyan\hotel\model\Event.java,com.cyan.hotel.model.Event,getEventDate/0,eventDate,1
C:\EZHotel-master\EZHotel-master\src\main\java\com\cyan\hotel\repositoryService\BookingServiceImpl.java,com.cyan.hotel.repositoryService.BookingServiceImpl,findBookingByUser/1[com.cyan.hotel.model.User],bookingRepository,1
C:\EZHotel-master\EZHotel-master\src\main\java\com\cyan\hotel\repositoryService\BookingServiceImpl.java,com.cyan.hotel.repositoryService.BookingServiceImpl,findBookingByUser/1[com.cyan.hotel.model.User],userService,1
C:\EZHotel-master\EZHotel-master\src\main\java\com\cyan\hotel\repositoryService\BookingServiceImpl.java,com.cyan.hotel.repositoryService.BookingServiceImpl,"insertBooking/4[java.lang.String,java.lang.Integer,java.lang.Double,java.lang.String]",bookingRepository,1
C:\EZHotel-master\EZHotel-master\src\main\java\com\cyan\hotel\repositoryService\BookingServiceImpl.java,com.cyan.hotel.repositoryService.BookingServiceImpl,"insertBooking/4[java.lang.String,java.lang.Integer,java.lang.Double,java.lang.String]",userService,1
C:\EZHotel-master\EZHotel-master\src\main\java\com\cyan\hotel\validator\UserValidator.java,com.cyan.hotel.validator.UserValidator,"validateLogin/3[com.cyan.hotel.validator.Errors,java.lang.String,java.lang.String]",userService,2
C:\EZHotel-master\EZHotel-master\src\main\java\com\cyan\hotel\validator\UserValidator.java,com.cyan.hotel.validator.UserValidator,"validate/2[java.lang.Object,com.cyan.hotel.validator.Errors]",userService,1
C:\EZHotel-master\EZHotel-master\src\main\java\com\cyan\hotel\model\Guest.java,com.cyan.hotel.model.Guest$Builder,phoneNumber/1[java.lang.String],phoneNumber,4
C:\EZHotel-master\EZHotel-master\src\main\java\com\cyan\hotel\model\Guest.java,com.cyan.hotel.model.Guest$Builder,emailAddress/1[java.lang.String],emailAddress,4
C:\EZHotel-master\EZHotel-master\src\main\java\com\cyan\hotel\repositoryService\PaymentServiceImpl.java,com.cyan.hotel.repositoryService.PaymentServiceImpl,"insertPayment/4[java.lang.Long,java.lang.String,java.lang.Double,com.cyan.hotel.enumeration.PayType]",paymentRepository,1
C:\EZHotel-master\EZHotel-master\src\main\java\com\cyan\hotel\repositoryService\PaymentServiceImpl.java,com.cyan.hotel.repositoryService.PaymentServiceImpl,"insertPayment/4[java.lang.Long,java.lang.String,java.lang.Double,com.cyan.hotel.enumeration.PayType]",userService,1
C:\EZHotel-master\EZHotel-master\src\main\java\com\cyan\hotel\model\RoomDecorator.java,com.cyan.hotel.model.RoomDecorator,RoomDecorator/1[com.cyan.hotel.model.Room],room,3
C:\EZHotel-master\EZHotel-master\src\main\java\com\cyan\hotel\model\RoomDecorator.java,com.cyan.hotel.model.RoomDecorator,getDescription/0,room,1
C:\EZHotel-master\EZHotel-master\src\main\java\com\cyan\hotel\model\RoomDecorator.java,com.cyan.hotel.model.RoomDecorator,getPrice/0,room,1
C:\EZHotel-master\EZHotel-master\src\main\java\com\cyan\hotel\repositoryService\RoomServiceImpl.java,com.cyan.hotel.repositoryService.RoomServiceImpl,findRoomByRoomId/1[java.lang.Long],roomRepository,1
C:\EZHotel-master\EZHotel-master\src\main\java\com\cyan\hotel\repositoryService\RoomServiceImpl.java,com.cyan.hotel.repositoryService.RoomServiceImpl,findAllRooms/0,roomRepository,1
C:\EZHotel-master\EZHotel-master\src\main\java\com\cyan\hotel\repositoryService\RoomServiceImpl.java,com.cyan.hotel.repositoryService.RoomServiceImpl,findAllAvailableRooms/0,roomRepository,1
C:\EZHotel-master\EZHotel-master\src\main\java\com\cyan\hotel\repositoryService\RoomServiceImpl.java,com.cyan.hotel.repositoryService.RoomServiceImpl,getRoomsByRoomType/1[java.lang.String],roomRepository,1
C:\EZHotel-master\EZHotel-master\src\main\java\com\cyan\hotel\model\User.java,com.cyan.hotel.model.User$Builder,password/1[java.lang.String],password,4
C:\EZHotel-master\EZHotel-master\src\main\java\com\cyan\hotel\model\User.java,com.cyan.hotel.model.User$Builder,lastName/1[java.lang.String],lastName,4
C:\EZHotel-master\EZHotel-master\src\main\java\com\cyan\hotel\model\User.java,com.cyan.hotel.model.User$Builder,firstName/1[java.lang.String],firstName,4
C:\EZHotel-master\EZHotel-master\src\main\java\com\cyan\hotel\model\User.java,com.cyan.hotel.model.User$Builder,balance/1[java.lang.Double],balance,4
C:\EZHotel-master\EZHotel-master\src\main\java\com\cyan\hotel\model\User.java,com.cyan.hotel.model.User$Builder,username/1[java.lang.String],username,4
C:\EZHotel-master\EZHotel-master\src\main\java\com\cyan\hotel\repositoryService\UserServiceImpl.java,com.cyan.hotel.repositoryService.UserServiceImpl,findByUserId/1[java.lang.Long],userRepository,1
C:\EZHotel-master\EZHotel-master\src\main\java\com\cyan\hotel\repositoryService\UserServiceImpl.java,com.cyan.hotel.repositoryService.UserServiceImpl,findByUsername/1[java.lang.String],userRepository,1
C:\EZHotel-master\EZHotel-master\src\main\java\com\cyan\hotel\repositoryService\UserServiceImpl.java,com.cyan.hotel.repositoryService.UserServiceImpl,save/1[com.cyan.hotel.model.User],userRepository,1
C:\EZHotel-master\EZHotel-master\src\main\java\com\cyan\hotel\repositoryService\UserServiceImpl.java,com.cyan.hotel.repositoryService.UserServiceImpl,"validateUser/2[java.lang.String,java.lang.String]",userRepository,1
C:\EZHotel-master\EZHotel-master\src\main\java\com\cyan\hotel\repositoryService\UserServiceImpl.java,com.cyan.hotel.repositoryService.UserServiceImpl,"updateUserBalance/2[java.lang.Long,java.lang.Double]",userRepository,1
C:\EZHotel-master\EZHotel-master\src\main\java\com\cyan\hotel\billingSystem\BillingSystem.java,com.cyan.hotel.billingSystem.BillingSystem,BillingSystem/1[com.cyan.hotel.model.Booking],observable,1
C:\EZHotel-master\EZHotel-master\src\main\java\com\cyan\hotel\controller\RoomController.java,com.cyan.hotel.controller.RoomController,"getRoomType/2[java.lang.String,com.cyan.hotel.controller.Model]",roomService,1
C:\EZHotel-master\EZHotel-master\src\main\java\com\cyan\hotel\model\Guest.java,com.cyan.hotel.model.Guest,setLoyatyLevel/1[com.cyan.hotel.enumeration.LoyatyLevel],loyatyLevel,3
C:\EZHotel-master\EZHotel-master\src\main\java\com\cyan\hotel\model\Guest.java,com.cyan.hotel.model.Guest,getPayments/0,payments,1
C:\EZHotel-master\EZHotel-master\src\main\java\com\cyan\hotel\model\Guest.java,com.cyan.hotel.model.Guest,Guest/1[com.cyan.hotel.model.Guest.Builder<?>],emailAddress,1
C:\EZHotel-master\EZHotel-master\src\main\java\com\cyan\hotel\model\Guest.java,com.cyan.hotel.model.Guest,Guest/1[com.cyan.hotel.model.Guest.Builder<?>],phoneNumber,1
C:\EZHotel-master\EZHotel-master\src\main\java\com\cyan\hotel\model\Guest.java,com.cyan.hotel.model.Guest,getEmailAddress/0,emailAddress,1
C:\EZHotel-master\EZHotel-master\src\main\java\com\cyan\hotel\model\Guest.java,com.cyan.hotel.model.Guest,getPhoneNumber/0,phoneNumber,1
C:\EZHotel-master\EZHotel-master\src\main\java\com\cyan\hotel\model\Guest.java,com.cyan.hotel.model.Guest,getLoyatyLevel/0,loyatyLevel,1
C:\EZHotel-master\EZHotel-master\src\main\java\com\cyan\hotel\model\Guest.java,com.cyan.hotel.model.Guest,setPayments/1[java.util.List<com.cyan.hotel.model.Payment>],payments,3
C:\EZHotel-master\EZHotel-master\src\main\java\com\cyan\hotel\controller\BookingController.java,com.cyan.hotel.controller.BookingController,"getUsername/6[java.lang.String,java.lang.String,java.lang.Double,java.lang.Integer,java.lang.String,com.cyan.hotel.controller.Model]",bookingService,1
C:\EZHotel-master\EZHotel-master\src\main\java\com\cyan\hotel\controller\BookingController.java,com.cyan.hotel.controller.BookingController,"getRoomIdForBooking/2[java.lang.Long,com.cyan.hotel.controller.Model]",roomService,1
C:\EZHotel-master\EZHotel-master\src\main\java\com\cyan\hotel\controller\UserController.java,com.cyan.hotel.controller.UserController,"register/3[com.cyan.hotel.model.User,com.cyan.hotel.controller.BindingResult,com.cyan.hotel.controller.ModelMap]",userValidator,1
C:\EZHotel-master\EZHotel-master\src\main\java\com\cyan\hotel\controller\UserController.java,com.cyan.hotel.controller.UserController,"register/3[com.cyan.hotel.model.User,com.cyan.hotel.controller.BindingResult,com.cyan.hotel.controller.ModelMap]",userService,1
C:\EZHotel-master\EZHotel-master\src\main\java\com\cyan\hotel\controller\UserController.java,com.cyan.hotel.controller.UserController,"showWelcomePage/3[com.cyan.hotel.controller.ModelMap,java.lang.String,java.lang.String]",userService,1
C:\EZHotel-master\EZHotel-master\.mvn\wrapper\MavenWrapperDownloader.java,MavenWrapperDownloader,main/1[java.lang.String[]],DEFAULT_DOWNLOAD_URL,1
C:\EZHotel-master\EZHotel-master\.mvn\wrapper\MavenWrapperDownloader.java,MavenWrapperDownloader,main/1[java.lang.String[]],MAVEN_WRAPPER_JAR_PATH,1
C:\EZHotel-master\EZHotel-master\.mvn\wrapper\MavenWrapperDownloader.java,MavenWrapperDownloader,main/1[java.lang.String[]],PROPERTY_NAME_WRAPPER_URL,1
C:\EZHotel-master\EZHotel-master\.mvn\wrapper\MavenWrapperDownloader.java,MavenWrapperDownloader,main/1[java.lang.String[]],MAVEN_WRAPPER_PROPERTIES_PATH,2
