file,class,method,constructor,line,cbo,cboModified,fanin,fanout,wmc,rfc,loc,returnsQty,variablesQty,parametersQty,methodsInvokedQty,methodsInvokedLocalQty,methodsInvokedIndirectLocalQty,loopQty,comparisonsQty,tryCatchQty,parenthesizedExpsQty,stringLiteralsQty,numbersQty,assignmentsQty,mathOperationsQty,maxNestedBlocksQty,anonymousClassesQty,innerClassesQty,lambdasQty,uniqueWordsQty,modifiers,logStatementsQty,hasJavaDoc
C:\EZHotel-master\EZHotel-master\src\main\java\com\cyan\hotel\controller\PaymentController.java,com.cyan.hotel.controller.PaymentController,payment/0,false,41,1,0,0,0,1,0,3,1,0,0,0,0,0,0,0,0,0,2,0,0,0,0,0,0,0,2,1,0,false
C:\EZHotel-master\EZHotel-master\src\main\java\com\cyan\hotel\controller\PaymentController.java,com.cyan.hotel.controller.PaymentController,"pay/6[java.lang.Long,java.lang.String,java.lang.Double,com.cyan.hotel.enumeration.PayType,java.lang.Double,com.cyan.hotel.controller.Model]",false,71,8,4,0,4,3,6,19,3,4,6,6,0,0,0,0,0,0,6,1,4,1,2,0,0,0,24,1,0,false
C:\EZHotel-master\EZHotel-master\src\main\java\com\cyan\hotel\controller\PaymentController.java,com.cyan.hotel.controller.PaymentController,failed/0,false,102,1,0,0,0,1,0,3,1,0,0,0,0,0,0,0,0,0,2,0,0,0,0,0,0,0,3,1,0,false
C:\EZHotel-master\EZHotel-master\src\main\java\com\cyan\hotel\controller\PaymentController.java,com.cyan.hotel.controller.PaymentController,"showPayment/3[java.lang.String,java.lang.Double,com.cyan.hotel.controller.Model]",false,47,9,5,0,5,2,7,18,2,5,3,7,1,1,0,0,0,0,5,0,5,0,1,0,0,0,20,1,0,false
C:\EZHotel-master\EZHotel-master\src\main\java\com\cyan\hotel\controller\PaymentController.java,com.cyan.hotel.controller.PaymentController,success/0,false,97,1,0,0,0,1,0,3,1,0,0,0,0,0,0,0,0,0,2,0,0,0,0,0,0,0,3,1,0,false
C:\EZHotel-master\EZHotel-master\src\main\java\com\cyan\hotel\controller\PaymentController.java,com.cyan.hotel.controller.PaymentController,getPayTypes/0,false,106,1,1,1,0,1,1,3,1,0,0,1,0,0,0,0,0,0,0,0,0,0,0,0,0,0,3,2,0,false
C:\EZHotel-master\EZHotel-master\src\main\java\com\cyan\hotel\model\DoubleRoom.java,com.cyan.hotel.model.DoubleRoom,getPrice/0,false,29,0,0,0,0,1,0,3,1,0,0,0,0,0,0,0,0,0,0,1,0,0,0,0,0,0,3,1,0,false
C:\EZHotel-master\EZHotel-master\src\main\java\com\cyan\hotel\model\DoubleRoom.java,com.cyan.hotel.model.DoubleRoom,DoubleRoom/0,true,22,1,2,1,1,1,1,5,0,0,0,1,0,0,0,0,0,0,2,1,2,0,0,0,0,0,4,1,0,false
C:\EZHotel-master\EZHotel-master\src\main\java\com\cyan\hotel\model\DoubleRoom.java,com.cyan.hotel.model.DoubleRoom,getDescription/0,false,34,0,0,0,0,1,0,3,1,0,0,0,0,0,0,0,0,0,0,0,0,0,0,0,0,0,3,1,0,false
C:\EZHotel-master\EZHotel-master\src\main\java\com\cyan\hotel\model\withAC.java,com.cyan.hotel.model.withAC,withAC/1[com.cyan.hotel.model.Room],true,10,1,1,1,0,1,0,3,0,0,1,0,0,0,0,0,0,0,0,0,0,0,0,0,0,0,5,1,0,false
C:\EZHotel-master\EZHotel-master\src\main\java\com\cyan\hotel\model\withAC.java,com.cyan.hotel.model.withAC,getDescription/0,false,20,0,0,0,0,1,1,3,1,0,0,1,0,0,0,0,0,0,1,0,0,1,0,0,0,0,5,1,0,false
C:\EZHotel-master\EZHotel-master\src\main\java\com\cyan\hotel\model\withAC.java,com.cyan.hotel.model.withAC,getPrice/0,false,15,0,0,0,0,1,1,3,1,0,0,1,0,0,0,0,0,0,0,1,0,1,0,0,0,0,3,1,0,false
C:\EZHotel-master\EZHotel-master\src\main\java\com\cyan\hotel\model\Discount.java,com.cyan.hotel.model.Discount,getDiscountPercentage/0,false,34,0,0,0,0,1,0,3,1,0,0,0,0,0,0,0,0,0,0,0,0,0,0,0,0,0,5,1,0,false
C:\EZHotel-master\EZHotel-master\src\main\java\com\cyan\hotel\model\Discount.java,com.cyan.hotel.model.Discount,setDiscountPercentage/1[java.lang.Double],false,38,0,0,0,0,1,0,3,0,0,1,0,0,0,0,0,0,0,0,0,1,0,0,0,0,0,5,1,0,false
C:\EZHotel-master\EZHotel-master\src\main\java\com\cyan\hotel\model\Discount.java,com.cyan.hotel.model.Discount,setDiscountId/1[java.lang.Long],false,30,0,0,0,0,1,0,3,0,0,1,0,0,0,0,0,0,0,0,0,1,0,0,0,0,0,5,1,0,false
C:\EZHotel-master\EZHotel-master\src\main\java\com\cyan\hotel\model\Discount.java,com.cyan.hotel.model.Discount,Discount/0,true,22,0,0,0,0,1,0,2,0,0,0,0,0,0,0,0,0,0,0,0,0,0,0,0,0,0,1,1,0,false
C:\EZHotel-master\EZHotel-master\src\main\java\com\cyan\hotel\model\Discount.java,com.cyan.hotel.model.Discount,getDiscountId/0,false,26,0,0,0,0,1,0,3,1,0,0,0,0,0,0,0,0,0,0,0,0,0,0,0,0,0,5,1,0,false
C:\EZHotel-master\EZHotel-master\src\main\java\com\cyan\hotel\model\Payment.java,com.cyan.hotel.model.Payment,setPaymentAmount/1[java.lang.Double],false,60,0,1,1,0,1,0,3,0,0,1,0,0,0,0,0,0,0,0,0,1,0,0,0,0,0,5,1,0,false
C:\EZHotel-master\EZHotel-master\src\main\java\com\cyan\hotel\model\Payment.java,com.cyan.hotel.model.Payment,setPaymentDate/1[java.lang.String],false,76,0,1,1,0,1,0,3,0,0,1,0,0,0,0,0,0,0,0,0,1,0,0,0,0,0,4,1,0,false
C:\EZHotel-master\EZHotel-master\src\main\java\com\cyan\hotel\model\Payment.java,com.cyan.hotel.model.Payment,setPaymentId/1[java.lang.Long],false,44,0,0,0,0,1,0,3,0,0,1,0,0,0,0,0,0,0,0,0,1,0,0,0,0,0,5,1,0,false
C:\EZHotel-master\EZHotel-master\src\main\java\com\cyan\hotel\model\Payment.java,com.cyan.hotel.model.Payment,getPaymentId/0,false,40,0,0,0,0,1,0,3,1,0,0,0,0,0,0,0,0,0,0,0,0,0,0,0,0,0,5,1,0,false
C:\EZHotel-master\EZHotel-master\src\main\java\com\cyan\hotel\model\Payment.java,com.cyan.hotel.model.Payment,getUser/0,false,64,1,0,0,0,1,0,3,1,0,0,0,0,0,0,0,0,0,0,0,0,0,0,0,0,0,3,1,0,false
C:\EZHotel-master\EZHotel-master\src\main\java\com\cyan\hotel\model\Payment.java,com.cyan.hotel.model.Payment,getPayType/0,false,48,1,0,0,0,1,0,3,1,0,0,0,0,0,0,0,0,0,0,0,0,0,0,0,0,0,4,1,0,false
C:\EZHotel-master\EZHotel-master\src\main\java\com\cyan\hotel\model\Payment.java,com.cyan.hotel.model.Payment,setPayType/1[com.cyan.hotel.enumeration.PayType],false,52,1,1,1,0,1,0,3,0,0,1,0,0,0,0,0,0,0,0,0,1,0,0,0,0,0,4,1,0,false
C:\EZHotel-master\EZHotel-master\src\main\java\com\cyan\hotel\model\Payment.java,com.cyan.hotel.model.Payment,getPaymentAmount/0,false,56,0,0,0,0,1,0,3,1,0,0,0,0,0,0,0,0,0,0,0,0,0,0,0,0,0,5,1,0,false
C:\EZHotel-master\EZHotel-master\src\main\java\com\cyan\hotel\model\Payment.java,com.cyan.hotel.model.Payment,setUser/1[com.cyan.hotel.model.User],false,68,1,1,1,0,1,0,3,0,0,1,0,0,0,0,0,0,0,0,0,1,0,0,0,0,0,3,1,0,false
C:\EZHotel-master\EZHotel-master\src\main\java\com\cyan\hotel\model\Payment.java,com.cyan.hotel.model.Payment,Payment/0,true,36,0,1,1,0,1,0,2,0,0,0,0,0,0,0,0,0,0,0,0,0,0,0,0,0,0,1,1,0,false
C:\EZHotel-master\EZHotel-master\src\main\java\com\cyan\hotel\model\Payment.java,com.cyan.hotel.model.Payment,getPaymentDate/0,false,72,0,0,0,0,1,0,3,1,0,0,0,0,0,0,0,0,0,0,0,0,0,0,0,0,0,4,1,0,false
C:\EZHotel-master\EZHotel-master\src\main\java\com\cyan\hotel\model\Manager.java,com.cyan.hotel.model.Manager,Manager/1[com.cyan.hotel.model.Manager.Builder<?>],true,18,1,1,1,0,1,0,3,0,0,1,0,0,0,0,0,0,0,0,0,0,0,0,0,0,0,2,1,0,false
C:\EZHotel-master\EZHotel-master\src\main\java\com\cyan\hotel\model\Manager.java,com.cyan.hotel.model.Manager,builder/0,false,22,3,1,0,1,1,0,8,1,0,0,0,0,0,0,0,0,0,0,0,0,0,0,1,0,0,3,9,0,false
C:\EZHotel-master\EZHotel-master\src\main\java\com\cyan\hotel\model\Manager.java,com.cyan.hotel.model.Manager,Manager/0,true,14,0,0,0,0,1,0,2,0,0,0,0,0,0,0,0,0,0,0,0,0,0,0,0,0,0,1,1,0,false
C:\EZHotel-master\EZHotel-master\src\main\java\com\cyan\hotel\model\Guest.java,com.cyan.hotel.model.Guest$Anonymous1,build/0,false,45,1,3,0,3,1,0,3,1,0,0,0,0,0,0,0,0,0,0,0,0,0,0,0,0,0,2,1,0,false
C:\EZHotel-master\EZHotel-master\src\main\java\com\cyan\hotel\model\User.java,com.cyan.hotel.model.User,setFirstName/1[java.lang.String],false,79,0,1,1,0,1,0,3,0,0,1,0,0,0,0,0,0,0,0,0,1,0,0,0,0,0,4,1,0,false
C:\EZHotel-master\EZHotel-master\src\main\java\com\cyan\hotel\model\User.java,com.cyan.hotel.model.User,setPasswordConfirm/1[java.lang.String],false,111,0,0,0,0,1,0,3,0,0,1,0,0,0,0,0,0,0,0,0,1,0,0,0,0,0,4,1,0,false
C:\EZHotel-master\EZHotel-master\src\main\java\com\cyan\hotel\model\User.java,com.cyan.hotel.model.User,setPayments/1[java.util.List<com.cyan.hotel.model.Payment>],false,127,1,0,0,0,1,0,3,0,0,1,0,0,0,0,0,0,0,0,0,1,0,0,0,0,0,3,1,0,false
C:\EZHotel-master\EZHotel-master\src\main\java\com\cyan\hotel\model\User.java,com.cyan.hotel.model.User,setUserId/1[java.lang.Long],false,71,0,0,0,0,1,0,3,0,0,1,0,0,0,0,0,0,0,0,0,1,0,0,0,0,0,5,1,0,false
C:\EZHotel-master\EZHotel-master\src\main\java\com\cyan\hotel\model\User.java,com.cyan.hotel.model.User,getUsername/0,false,87,0,3,3,0,1,0,3,1,0,0,0,0,0,0,0,0,0,0,0,0,0,0,0,0,0,3,1,0,false
C:\EZHotel-master\EZHotel-master\src\main\java\com\cyan\hotel\model\User.java,com.cyan.hotel.model.User,getUserId/0,false,67,0,3,3,0,1,0,3,1,0,0,0,0,0,0,0,0,0,0,0,0,0,0,0,0,0,5,1,0,false
C:\EZHotel-master\EZHotel-master\src\main\java\com\cyan\hotel\model\User.java,com.cyan.hotel.model.User,getPassword/0,false,91,0,2,2,0,1,0,3,1,0,0,0,0,0,0,0,0,0,0,0,0,0,0,0,0,0,3,1,0,false
C:\EZHotel-master\EZHotel-master\src\main\java\com\cyan\hotel\model\User.java,com.cyan.hotel.model.User,getPayments/0,false,123,1,0,0,0,1,0,3,1,0,0,0,0,0,0,0,0,0,0,0,0,0,0,0,0,0,3,1,0,false
C:\EZHotel-master\EZHotel-master\src\main\java\com\cyan\hotel\model\User.java,com.cyan.hotel.model.User,User/0,true,46,0,2,2,0,1,0,2,0,0,0,0,0,0,0,0,0,0,0,0,0,0,0,0,0,0,1,1,0,false
C:\EZHotel-master\EZHotel-master\src\main\java\com\cyan\hotel\model\User.java,com.cyan.hotel.model.User,setBalance/1[java.lang.Double],false,119,0,1,1,0,1,0,3,0,0,1,0,0,0,0,0,0,0,0,0,1,0,0,0,0,0,4,1,0,false
C:\EZHotel-master\EZHotel-master\src\main\java\com\cyan\hotel\model\User.java,com.cyan.hotel.model.User,getBalance/0,false,115,0,1,1,0,1,0,3,1,0,0,0,0,0,0,0,0,0,0,0,0,0,0,0,0,0,4,1,0,false
C:\EZHotel-master\EZHotel-master\src\main\java\com\cyan\hotel\model\User.java,com.cyan.hotel.model.User,setLastName/1[java.lang.String],false,95,0,1,1,0,1,0,3,0,0,1,0,0,0,0,0,0,0,0,0,1,0,0,0,0,0,4,1,0,false
C:\EZHotel-master\EZHotel-master\src\main\java\com\cyan\hotel\model\User.java,com.cyan.hotel.model.User,User/1[com.cyan.hotel.model.User.Builder<?>],true,50,1,1,1,0,1,0,7,0,0,1,0,0,0,0,0,0,0,0,0,5,0,0,0,0,0,2,1,0,false
C:\EZHotel-master\EZHotel-master\src\main\java\com\cyan\hotel\model\User.java,com.cyan.hotel.model.User,builder/0,false,58,3,2,1,1,1,0,8,1,0,0,0,0,0,0,0,0,0,0,0,0,0,0,1,0,0,3,9,0,false
C:\EZHotel-master\EZHotel-master\src\main\java\com\cyan\hotel\model\User.java,com.cyan.hotel.model.User,setUsername/1[java.lang.String],false,99,0,1,1,0,1,0,3,0,0,1,0,0,0,0,0,0,0,0,0,1,0,0,0,0,0,3,1,0,false
C:\EZHotel-master\EZHotel-master\src\main\java\com\cyan\hotel\model\User.java,com.cyan.hotel.model.User,setPassword/1[java.lang.String],false,103,0,1,1,0,1,0,3,0,0,1,0,0,0,0,0,0,0,0,0,1,0,0,0,0,0,3,1,0,false
C:\EZHotel-master\EZHotel-master\src\main\java\com\cyan\hotel\model\User.java,com.cyan.hotel.model.User,getPasswordConfirm/0,false,107,0,1,1,0,1,0,3,1,0,0,0,0,0,0,0,0,0,0,0,0,0,0,0,0,0,4,1,0,false
C:\EZHotel-master\EZHotel-master\src\main\java\com\cyan\hotel\model\User.java,com.cyan.hotel.model.User,getLastName/0,false,83,0,0,0,0,1,0,3,1,0,0,0,0,0,0,0,0,0,0,0,0,0,0,0,0,0,4,1,0,false
C:\EZHotel-master\EZHotel-master\src\main\java\com\cyan\hotel\model\User.java,com.cyan.hotel.model.User,getFirstName/0,false,75,0,0,0,0,1,0,3,1,0,0,0,0,0,0,0,0,0,0,0,0,0,0,0,0,0,4,1,0,false
C:\EZHotel-master\EZHotel-master\src\main\java\com\cyan\hotel\model\JuniorSuiteRoom.java,com.cyan.hotel.model.JuniorSuiteRoom,JuniorSuiteRoom/0,true,25,1,2,1,1,1,1,5,0,0,0,1,0,0,0,0,0,0,2,1,2,0,0,0,0,0,7,1,0,false
C:\EZHotel-master\EZHotel-master\src\main\java\com\cyan\hotel\model\JuniorSuiteRoom.java,com.cyan.hotel.model.JuniorSuiteRoom,getDescription/0,false,37,0,0,0,0,1,0,3,1,0,0,0,0,0,0,0,0,0,0,0,0,0,0,0,0,0,3,1,0,false
C:\EZHotel-master\EZHotel-master\src\main\java\com\cyan\hotel\model\JuniorSuiteRoom.java,com.cyan.hotel.model.JuniorSuiteRoom,getPrice/0,false,32,0,0,0,0,1,0,3,1,0,0,0,0,0,0,0,0,0,0,1,0,0,0,0,0,0,3,1,0,false
C:\EZHotel-master\EZHotel-master\src\test\java\com\cyan\hotel\HomeControllerTests.java,com.cyan.hotel.HomeControllerTests,before/0,false,37,2,6,0,6,1,5,8,0,0,0,5,0,0,0,0,0,0,4,1,1,0,0,0,0,0,4,1,0,false
C:\EZHotel-master\EZHotel-master\src\test\java\com\cyan\hotel\HomeControllerTests.java,com.cyan.hotel.HomeControllerTests,test1/0,false,49,2,2,0,2,1,2,5,0,2,0,2,0,0,0,0,0,0,1,0,2,0,0,0,0,0,8,1,0,false
C:\EZHotel-master\EZHotel-master\src\test\java\com\cyan\hotel\HomeControllerTests.java,com.cyan.hotel.HomeControllerTests,test3/0,false,63,1,0,0,0,1,0,2,0,0,0,0,0,0,0,0,0,0,0,0,0,0,0,0,0,0,1,1,0,false
C:\EZHotel-master\EZHotel-master\src\test\java\com\cyan\hotel\HomeControllerTests.java,com.cyan.hotel.HomeControllerTests,test2/0,false,56,2,2,0,2,1,2,5,0,2,0,2,0,0,0,0,0,0,1,0,2,0,0,0,0,0,8,1,0,false
C:\EZHotel-master\EZHotel-master\src\test\java\com\cyan\hotel\HotelApplicationTests.java,com.cyan.hotel.HotelApplicationTests,contextLoads/0,false,12,1,0,0,0,1,0,2,0,0,0,0,0,0,0,0,0,0,0,0,0,0,0,0,0,0,2,0,0,false
C:\EZHotel-master\EZHotel-master\src\main\java\com\cyan\hotel\model\RoomType.java,com.cyan.hotel.model.RoomType,getNumBeds/0,false,67,0,0,0,0,1,0,3,1,0,0,0,0,0,0,0,0,0,0,0,0,0,0,0,0,0,4,1,0,false
C:\EZHotel-master\EZHotel-master\src\main\java\com\cyan\hotel\model\RoomType.java,com.cyan.hotel.model.RoomType,getRoomTypeId/0,false,41,0,0,0,0,1,0,3,1,0,0,0,0,0,0,0,0,0,0,0,0,0,0,0,0,0,6,1,0,false
C:\EZHotel-master\EZHotel-master\src\main\java\com\cyan\hotel\model\RoomType.java,com.cyan.hotel.model.RoomType,getRoomStyle/0,false,55,1,0,0,0,1,0,3,1,0,0,0,0,0,0,0,0,0,0,0,0,0,0,0,0,0,4,1,0,false
C:\EZHotel-master\EZHotel-master\src\main\java\com\cyan\hotel\model\RoomType.java,com.cyan.hotel.model.RoomType,setRoomRate/1[int],false,63,0,0,0,0,1,0,3,0,0,1,0,0,0,0,0,0,0,0,0,1,0,0,0,0,0,4,1,0,false
C:\EZHotel-master\EZHotel-master\src\main\java\com\cyan\hotel\model\RoomType.java,com.cyan.hotel.model.RoomType,getCapacity/0,false,75,0,0,0,0,1,0,3,1,0,0,0,0,0,0,0,0,0,0,0,0,0,0,0,0,0,3,1,0,false
C:\EZHotel-master\EZHotel-master\src\main\java\com\cyan\hotel\model\RoomType.java,com.cyan.hotel.model.RoomType,setDescription/1[java.lang.String],false,87,0,0,0,0,1,0,3,0,0,1,0,0,0,0,0,0,0,0,0,1,0,0,0,0,0,3,1,0,false
C:\EZHotel-master\EZHotel-master\src\main\java\com\cyan\hotel\model\RoomType.java,com.cyan.hotel.model.RoomType,setRoomStyle/1[com.cyan.hotel.enumeration.RoomStyle],false,59,1,0,0,0,1,0,3,0,0,1,0,0,0,0,0,0,0,0,0,1,0,0,0,0,0,4,1,0,false
C:\EZHotel-master\EZHotel-master\src\main\java\com\cyan\hotel\model\RoomType.java,com.cyan.hotel.model.RoomType,getRoomRate/0,false,51,0,0,0,0,1,0,3,1,0,0,0,0,0,0,0,0,0,0,0,0,0,0,0,0,0,4,1,0,false
C:\EZHotel-master\EZHotel-master\src\main\java\com\cyan\hotel\model\RoomType.java,com.cyan.hotel.model.RoomType,setRoomTypeId/1[java.lang.Long],false,45,0,0,0,0,1,0,3,0,0,1,0,0,0,0,0,0,0,0,0,1,0,0,0,0,0,6,1,0,false
C:\EZHotel-master\EZHotel-master\src\main\java\com\cyan\hotel\model\RoomType.java,com.cyan.hotel.model.RoomType,setNumBeds/1[int],false,71,0,0,0,0,1,0,3,0,0,1,0,0,0,0,0,0,0,0,0,1,0,0,0,0,0,4,1,0,false
C:\EZHotel-master\EZHotel-master\src\main\java\com\cyan\hotel\model\RoomType.java,com.cyan.hotel.model.RoomType,setCapacity/1[int],false,79,0,0,0,0,1,0,3,0,0,1,0,0,0,0,0,0,0,0,0,1,0,0,0,0,0,3,1,0,false
C:\EZHotel-master\EZHotel-master\src\main\java\com\cyan\hotel\model\RoomType.java,com.cyan.hotel.model.RoomType,getDescription/0,false,83,0,0,0,0,1,0,3,1,0,0,0,0,0,0,0,0,0,0,0,0,0,0,0,0,0,3,1,0,false
C:\EZHotel-master\EZHotel-master\src\main\java\com\cyan\hotel\model\SingleRoom.java,com.cyan.hotel.model.SingleRoom,SingleRoom/0,true,22,1,2,1,1,1,1,5,0,0,0,1,0,0,0,0,0,0,2,1,2,0,0,0,0,0,5,1,0,false
C:\EZHotel-master\EZHotel-master\src\main\java\com\cyan\hotel\model\SingleRoom.java,com.cyan.hotel.model.SingleRoom,getPrice/0,false,29,0,0,0,0,1,0,3,1,0,0,0,0,0,0,0,0,0,0,1,0,0,0,0,0,0,3,1,0,false
C:\EZHotel-master\EZHotel-master\src\main\java\com\cyan\hotel\model\SingleRoom.java,com.cyan.hotel.model.SingleRoom,getDescription/0,false,34,0,0,0,0,1,0,3,1,0,0,0,0,0,0,0,0,0,0,0,0,0,0,0,0,0,3,1,0,false
C:\EZHotel-master\EZHotel-master\src\main\java\com\cyan\hotel\model\Booking.java,com.cyan.hotel.model.Booking,setUser/1[com.cyan.hotel.model.User],false,88,1,1,1,0,1,0,3,0,0,1,0,0,0,0,0,0,0,0,0,1,0,0,0,0,0,3,1,0,false
C:\EZHotel-master\EZHotel-master\src\main\java\com\cyan\hotel\model\Booking.java,com.cyan.hotel.model.Booking,Booking/0,true,42,0,1,1,0,1,0,2,0,0,0,0,0,0,0,0,0,0,0,0,0,0,0,0,0,0,1,1,0,false
C:\EZHotel-master\EZHotel-master\src\main\java\com\cyan\hotel\model\Booking.java,com.cyan.hotel.model.Booking,getBookingDate/0,false,80,0,0,0,0,1,0,3,1,0,0,0,0,0,0,0,0,0,0,0,0,0,0,0,0,0,4,1,0,false
C:\EZHotel-master\EZHotel-master\src\main\java\com\cyan\hotel\model\Booking.java,com.cyan.hotel.model.Booking,getUser/0,false,84,1,0,0,0,1,0,3,1,0,0,0,0,0,0,0,0,0,0,0,0,0,0,0,0,0,3,1,0,false
C:\EZHotel-master\EZHotel-master\src\main\java\com\cyan\hotel\model\Booking.java,com.cyan.hotel.model.Booking,getObserver/0,false,46,0,0,0,0,1,0,3,1,0,0,0,0,0,0,0,0,0,0,0,0,0,0,0,0,0,3,1,0,false
C:\EZHotel-master\EZHotel-master\src\main\java\com\cyan\hotel\model\Booking.java,com.cyan.hotel.model.Booking,getNumberOfGuests/0,false,72,0,0,0,0,1,0,3,1,0,0,0,0,0,0,0,0,0,0,0,0,0,0,0,0,0,6,1,0,false
C:\EZHotel-master\EZHotel-master\src\main\java\com\cyan\hotel\model\Booking.java,com.cyan.hotel.model.Booking,setBookingTotal/1[java.lang.Double],false,92,0,1,1,0,1,0,3,0,0,1,0,0,0,0,0,0,0,0,0,1,0,0,0,0,0,5,1,0,false
C:\EZHotel-master\EZHotel-master\src\main\java\com\cyan\hotel\model\Booking.java,com.cyan.hotel.model.Booking,setBookingId/1[java.lang.Long],false,60,0,0,0,0,1,0,3,0,0,1,0,0,0,0,0,0,0,0,0,1,0,0,0,0,0,5,1,0,false
C:\EZHotel-master\EZHotel-master\src\main\java\com\cyan\hotel\model\Booking.java,com.cyan.hotel.model.Booking,getBookingId/0,false,64,0,0,0,0,1,0,3,1,0,0,0,0,0,0,0,0,0,0,0,0,0,0,0,0,0,5,1,0,false
C:\EZHotel-master\EZHotel-master\src\main\java\com\cyan\hotel\model\Booking.java,com.cyan.hotel.model.Booking,setBookingDate/1[java.lang.String],false,68,0,1,1,0,1,0,3,0,0,1,0,0,0,0,0,0,0,0,0,1,0,0,0,0,0,4,1,0,false
C:\EZHotel-master\EZHotel-master\src\main\java\com\cyan\hotel\model\Booking.java,com.cyan.hotel.model.Booking,setNumberOfGuests/1[java.lang.Integer],false,76,0,1,1,0,1,0,3,0,0,1,0,0,0,0,0,0,0,0,0,1,0,0,0,0,0,6,1,0,false
C:\EZHotel-master\EZHotel-master\src\main\java\com\cyan\hotel\model\Booking.java,com.cyan.hotel.model.Booking,getBookingTotal/0,false,96,0,0,0,0,1,0,3,1,0,0,0,0,0,0,0,0,0,0,0,0,0,0,0,0,0,5,1,0,false
C:\EZHotel-master\EZHotel-master\src\main\java\com\cyan\hotel\model\Room.java,com.cyan.hotel.model.Room,setBooking/1[com.cyan.hotel.model.Booking],false,63,1,0,0,0,1,0,3,0,0,1,0,0,0,0,0,0,0,0,0,1,0,0,0,0,0,3,1,0,false
C:\EZHotel-master\EZHotel-master\src\main\java\com\cyan\hotel\model\Room.java,com.cyan.hotel.model.Room,getDescription/0,false,41,0,1,1,0,1,0,1,0,0,0,0,0,0,0,0,0,0,0,0,0,0,0,0,0,0,2,1025,0,false
C:\EZHotel-master\EZHotel-master\src\main\java\com\cyan\hotel\model\Room.java,com.cyan.hotel.model.Room,setRoomId/1[java.lang.Long],false,47,0,0,0,0,1,0,3,0,0,1,0,0,0,0,0,0,0,0,0,1,0,0,0,0,0,5,1,0,false
C:\EZHotel-master\EZHotel-master\src\main\java\com\cyan\hotel\model\Room.java,com.cyan.hotel.model.Room,getPrice/0,false,40,0,2,2,0,1,0,1,0,0,0,0,0,0,0,0,0,0,0,0,0,0,0,0,0,0,3,1025,0,false
C:\EZHotel-master\EZHotel-master\src\main\java\com\cyan\hotel\model\Room.java,com.cyan.hotel.model.Room,setRoomStatus/1[java.lang.Integer],false,55,0,0,0,0,1,0,3,0,0,1,0,0,0,0,0,0,0,0,0,1,0,0,0,0,0,5,1,0,false
C:\EZHotel-master\EZHotel-master\src\main\java\com\cyan\hotel\model\Room.java,com.cyan.hotel.model.Room,getRoomType/0,false,67,0,0,0,0,1,0,3,1,0,0,0,0,0,0,0,0,0,0,0,0,0,0,0,0,0,4,1,0,false
C:\EZHotel-master\EZHotel-master\src\main\java\com\cyan\hotel\model\Room.java,com.cyan.hotel.model.Room,getBooking/0,false,59,1,0,0,0,1,0,3,1,0,0,0,0,0,0,0,0,0,0,0,0,0,0,0,0,0,3,1,0,false
C:\EZHotel-master\EZHotel-master\src\main\java\com\cyan\hotel\model\Room.java,com.cyan.hotel.model.Room,getRoomStatus/0,false,51,0,0,0,0,1,0,3,1,0,0,0,0,0,0,0,0,0,0,0,0,0,0,0,0,0,5,1,0,false
C:\EZHotel-master\EZHotel-master\src\main\java\com\cyan\hotel\model\Room.java,com.cyan.hotel.model.Room,setRoomType/1[java.lang.String],false,71,0,4,4,0,1,0,3,0,0,1,0,0,0,0,0,0,0,0,0,1,0,0,0,0,0,4,1,0,false
C:\EZHotel-master\EZHotel-master\src\main\java\com\cyan\hotel\model\Room.java,com.cyan.hotel.model.Room,Room/0,true,36,0,0,0,0,1,0,3,0,0,0,0,0,0,0,0,0,0,0,1,1,0,0,0,0,0,1,1,0,false
C:\EZHotel-master\EZHotel-master\src\main\java\com\cyan\hotel\model\Room.java,com.cyan.hotel.model.Room,getRoomId/0,false,43,0,0,0,0,1,0,3,1,0,0,0,0,0,0,0,0,0,0,0,0,0,0,0,0,0,5,1,0,false
C:\EZHotel-master\EZHotel-master\src\main\java\com\cyan\hotel\repositoryService\UserService.java,com.cyan.hotel.repositoryService.UserService,save/1[com.cyan.hotel.model.User],false,13,1,1,1,0,1,0,1,0,0,1,0,0,0,0,0,0,0,0,0,0,0,0,0,0,0,3,0,0,false
C:\EZHotel-master\EZHotel-master\src\main\java\com\cyan\hotel\repositoryService\UserService.java,com.cyan.hotel.repositoryService.UserService,findByUserId/1[java.lang.Long],false,14,1,2,2,0,1,0,1,0,0,1,0,0,0,0,0,0,0,0,0,0,0,0,0,0,0,6,0,0,false
C:\EZHotel-master\EZHotel-master\src\main\java\com\cyan\hotel\repositoryService\UserService.java,com.cyan.hotel.repositoryService.UserService,"updateUserBalance/2[java.lang.Long,java.lang.Double]",false,16,0,1,1,0,1,0,1,0,0,2,0,0,0,0,0,0,0,0,0,0,0,0,0,0,0,5,0,0,false
C:\EZHotel-master\EZHotel-master\src\main\java\com\cyan\hotel\repositoryService\UserService.java,com.cyan.hotel.repositoryService.UserService,findByUsername/1[java.lang.String],false,12,1,5,5,0,1,0,1,0,0,1,0,0,0,0,0,0,0,0,0,0,0,0,0,0,0,5,0,0,false
C:\EZHotel-master\EZHotel-master\src\main\java\com\cyan\hotel\repositoryService\UserService.java,com.cyan.hotel.repositoryService.UserService,"validateUser/2[java.lang.String,java.lang.String]",false,15,0,1,1,0,1,0,1,0,0,2,0,0,0,0,0,0,0,0,0,0,0,0,0,0,0,3,0,0,false
C:\EZHotel-master\EZHotel-master\src\main\java\com\cyan\hotel\model\ExecutiveRoom.java,com.cyan.hotel.model.ExecutiveRoom,ExecutiveRoom/0,true,22,1,2,1,1,1,1,5,0,0,0,1,0,0,0,0,0,0,2,1,2,0,0,0,0,0,6,1,0,false
C:\EZHotel-master\EZHotel-master\src\main\java\com\cyan\hotel\model\ExecutiveRoom.java,com.cyan.hotel.model.ExecutiveRoom,getPrice/0,false,29,0,0,0,0,1,0,3,1,0,0,0,0,0,0,0,0,0,0,1,0,0,0,0,0,0,3,1,0,false
C:\EZHotel-master\EZHotel-master\src\main\java\com\cyan\hotel\model\ExecutiveRoom.java,com.cyan.hotel.model.ExecutiveRoom,getDescription/0,false,34,0,0,0,0,1,0,3,1,0,0,0,0,0,0,0,0,0,0,0,0,0,0,0,0,0,3,1,0,false
C:\EZHotel-master\EZHotel-master\src\main\java\com\cyan\hotel\repositoryService\RegistrationServiceImpl.java,com.cyan.hotel.repositoryService.RegistrationServiceImpl,"validateRegistration/5[java.lang.String,java.lang.String,java.lang.String,java.lang.String,java.lang.String]",false,22,3,7,0,7,2,8,11,1,1,5,8,0,0,0,1,0,0,0,0,3,0,1,0,0,0,16,1,0,false
C:\EZHotel-master\EZHotel-master\src\main\java\com\cyan\hotel\model\Event.java,com.cyan.hotel.model.Event,setEventDate/1[java.util.Date],false,55,0,0,0,0,1,0,3,0,0,1,0,0,0,0,0,0,0,0,0,1,0,0,0,0,0,4,1,0,false
C:\EZHotel-master\EZHotel-master\src\main\java\com\cyan\hotel\model\Event.java,com.cyan.hotel.model.Event,setEventId/1[java.lang.Long],false,39,0,0,0,0,1,0,3,0,0,1,0,0,0,0,0,0,0,0,0,1,0,0,0,0,0,5,1,0,false
C:\EZHotel-master\EZHotel-master\src\main\java\com\cyan\hotel\model\Event.java,com.cyan.hotel.model.Event,setEventDesc/1[java.lang.String],false,47,0,0,0,0,1,0,3,0,0,1,0,0,0,0,0,0,0,0,0,1,0,0,0,0,0,4,1,0,false
C:\EZHotel-master\EZHotel-master\src\main\java\com\cyan\hotel\model\Event.java,com.cyan.hotel.model.Event,getEventDesc/0,false,43,0,0,0,0,1,0,3,1,0,0,0,0,0,0,0,0,0,0,0,0,0,0,0,0,0,4,1,0,false
C:\EZHotel-master\EZHotel-master\src\main\java\com\cyan\hotel\model\Event.java,com.cyan.hotel.model.Event,Event/0,true,31,0,0,0,0,1,0,2,0,0,0,0,0,0,0,0,0,0,0,0,0,0,0,0,0,0,1,1,0,false
C:\EZHotel-master\EZHotel-master\src\main\java\com\cyan\hotel\model\Event.java,com.cyan.hotel.model.Event,getEventId/0,false,35,0,0,0,0,1,0,3,1,0,0,0,0,0,0,0,0,0,0,0,0,0,0,0,0,0,5,1,0,false
C:\EZHotel-master\EZHotel-master\src\main\java\com\cyan\hotel\model\Event.java,com.cyan.hotel.model.Event,getEventDate/0,false,51,0,0,0,0,1,0,3,1,0,0,0,0,0,0,0,0,0,0,0,0,0,0,0,0,0,4,1,0,false
C:\EZHotel-master\EZHotel-master\src\main\java\com\cyan\hotel\repository\RoomRepository.java,com.cyan.hotel.repository.RoomRepository,getRoomsByRoomType/1[java.lang.String],false,24,1,1,1,0,1,0,1,0,0,1,0,0,0,0,0,0,0,0,0,0,0,0,0,0,0,6,0,0,false
C:\EZHotel-master\EZHotel-master\src\main\java\com\cyan\hotel\repository\RoomRepository.java,com.cyan.hotel.repository.RoomRepository,getRoomByRoomId/1[java.lang.Long],false,26,1,1,1,0,1,0,1,0,0,1,0,0,0,0,0,0,0,0,0,0,0,0,0,0,0,6,0,0,false
C:\EZHotel-master\EZHotel-master\src\main\java\com\cyan\hotel\repository\RoomRepository.java,com.cyan.hotel.repository.RoomRepository,findAllAvailableRooms/0,false,21,2,1,1,0,1,0,1,0,0,0,0,0,0,0,0,0,0,1,0,0,0,0,0,0,0,10,0,0,false
C:\EZHotel-master\EZHotel-master\src\main\java\com\cyan\hotel\repository\RoomRepository.java,com.cyan.hotel.repository.RoomRepository,findAllRooms/0,false,18,2,1,1,0,1,0,1,0,0,0,0,0,0,0,0,0,0,1,0,0,0,0,0,0,0,8,0,0,false
C:\EZHotel-master\EZHotel-master\src\main\java\com\cyan\hotel\repositoryService\BookingServiceImpl.java,com.cyan.hotel.repositoryService.BookingServiceImpl,findBookingByUser/1[com.cyan.hotel.model.User],false,38,4,3,0,3,1,3,4,1,1,1,3,0,0,0,0,0,0,0,0,1,0,0,0,0,0,7,1,0,false
C:\EZHotel-master\EZHotel-master\src\main\java\com\cyan\hotel\repositoryService\BookingServiceImpl.java,com.cyan.hotel.repositoryService.BookingServiceImpl,"insertBooking/4[java.lang.String,java.lang.Integer,java.lang.Double,java.lang.String]",false,27,2,6,0,6,1,6,8,0,1,4,6,0,0,0,0,0,0,0,0,1,0,0,0,0,0,9,1,0,false
C:\EZHotel-master\EZHotel-master\src\main\java\com\cyan\hotel\model\Manager.java,com.cyan.hotel.model.Manager$Anonymous1,build/0,false,25,1,3,0,3,1,0,3,1,0,0,0,0,0,0,0,0,0,0,0,0,0,0,0,0,0,2,1,0,false
C:\EZHotel-master\EZHotel-master\src\main\java\com\cyan\hotel\validator\UserValidator.java,com.cyan.hotel.validator.UserValidator,supports/1[java.lang.Class<?>],false,23,1,0,0,0,1,1,3,1,0,1,1,0,0,0,0,0,0,0,0,0,0,0,0,0,0,3,1,0,false
C:\EZHotel-master\EZHotel-master\src\main\java\com\cyan\hotel\validator\UserValidator.java,com.cyan.hotel.validator.UserValidator,"validateLogin/3[com.cyan.hotel.validator.Errors,java.lang.String,java.lang.String]",false,47,3,2,0,2,3,5,15,0,1,3,5,0,0,0,1,0,0,12,0,1,0,2,0,0,0,11,1,0,false
C:\EZHotel-master\EZHotel-master\src\main\java\com\cyan\hotel\validator\UserValidator.java,com.cyan.hotel.validator.UserValidator,"validate/2[java.lang.Object,com.cyan.hotel.validator.Errors]",false,28,3,5,1,4,7,8,17,0,1,2,8,0,0,0,1,0,0,12,4,1,0,1,0,0,0,8,1,0,false
C:\EZHotel-master\EZHotel-master\src\main\java\com\cyan\hotel\model\Guest.java,com.cyan.hotel.model.Guest$Builder,phoneNumber/1[java.lang.String],false,85,2,0,0,0,1,0,4,1,0,1,0,0,0,0,0,0,0,0,0,1,0,0,0,0,0,2,1,0,false
C:\EZHotel-master\EZHotel-master\src\main\java\com\cyan\hotel\model\Guest.java,com.cyan.hotel.model.Guest$Builder,emailAddress/1[java.lang.String],false,80,2,0,0,0,1,0,4,1,0,1,0,0,0,0,0,0,0,0,0,1,0,0,0,0,0,2,1,0,false
C:\EZHotel-master\EZHotel-master\src\main\java\com\cyan\hotel\repositoryService\PaymentServiceImpl.java,com.cyan.hotel.repositoryService.PaymentServiceImpl,"insertPayment/4[java.lang.Long,java.lang.String,java.lang.Double,com.cyan.hotel.enumeration.PayType]",false,23,3,6,0,6,1,6,8,0,1,4,6,0,0,0,0,0,0,0,0,1,0,0,0,0,0,9,1,0,false
C:\EZHotel-master\EZHotel-master\src\main\java\com\cyan\hotel\model\RoomDecorator.java,com.cyan.hotel.model.RoomDecorator,RoomDecorator/1[com.cyan.hotel.model.Room],true,11,1,0,0,0,1,0,3,0,0,1,0,0,0,0,0,0,0,0,0,1,0,0,0,0,0,3,1,0,false
C:\EZHotel-master\EZHotel-master\src\main\java\com\cyan\hotel\model\RoomDecorator.java,com.cyan.hotel.model.RoomDecorator,getDescription/0,false,21,1,1,0,1,1,1,3,1,0,0,1,0,0,0,0,0,0,0,0,0,0,0,0,0,0,2,1,0,false
C:\EZHotel-master\EZHotel-master\src\main\java\com\cyan\hotel\model\RoomDecorator.java,com.cyan.hotel.model.RoomDecorator,getPrice/0,false,16,1,1,0,1,1,1,3,1,0,0,1,0,0,0,0,0,0,0,0,0,0,0,0,0,0,3,1,0,false
C:\EZHotel-master\EZHotel-master\src\main\java\com\cyan\hotel\repositoryService\RoomServiceImpl.java,com.cyan.hotel.repositoryService.RoomServiceImpl,findRoomByRoomId/1[java.lang.Long],false,29,2,1,0,1,1,1,3,1,0,1,1,0,0,0,0,0,0,0,0,0,0,0,0,0,0,6,1,0,false
C:\EZHotel-master\EZHotel-master\src\main\java\com\cyan\hotel\repositoryService\RoomServiceImpl.java,com.cyan.hotel.repositoryService.RoomServiceImpl,findAllRooms/0,false,35,2,1,0,1,1,1,3,1,0,0,1,0,0,0,0,0,0,0,0,0,0,0,0,0,0,3,1,0,false
C:\EZHotel-master\EZHotel-master\src\main\java\com\cyan\hotel\repositoryService\RoomServiceImpl.java,com.cyan.hotel.repositoryService.RoomServiceImpl,"updateRoomStatus/2[java.lang.Long,java.lang.Integer]",false,50,0,0,0,0,1,0,2,0,0,2,0,0,0,0,0,0,0,0,0,0,0,0,0,0,0,5,1,0,false
C:\EZHotel-master\EZHotel-master\src\main\java\com\cyan\hotel\repositoryService\RoomServiceImpl.java,com.cyan.hotel.repositoryService.RoomServiceImpl,findAllAvailableRooms/0,false,40,2,1,0,1,1,1,3,1,0,0,1,0,0,0,0,0,0,0,0,0,0,0,0,0,0,4,1,0,false
C:\EZHotel-master\EZHotel-master\src\main\java\com\cyan\hotel\repositoryService\RoomServiceImpl.java,com.cyan.hotel.repositoryService.RoomServiceImpl,getRoomsByRoomType/1[java.lang.String],false,45,2,1,0,1,1,1,3,1,0,1,1,0,0,0,0,0,0,0,0,0,0,0,0,0,0,6,1,0,false
C:\EZHotel-master\EZHotel-master\src\main\java\com\cyan\hotel\model\User.java,com.cyan.hotel.model.User$Builder,password/1[java.lang.String],false,154,2,0,0,0,1,0,4,1,0,1,0,0,0,0,0,0,0,0,0,1,0,0,0,0,0,1,1,0,false
C:\EZHotel-master\EZHotel-master\src\main\java\com\cyan\hotel\model\User.java,com.cyan.hotel.model.User$Builder,lastName/1[java.lang.String],false,144,2,0,0,0,1,0,4,1,0,1,0,0,0,0,0,0,0,0,0,1,0,0,0,0,0,2,1,0,false
C:\EZHotel-master\EZHotel-master\src\main\java\com\cyan\hotel\model\User.java,com.cyan.hotel.model.User$Builder,firstName/1[java.lang.String],false,139,2,0,0,0,1,0,4,1,0,1,0,0,0,0,0,0,0,0,0,1,0,0,0,0,0,2,1,0,false
C:\EZHotel-master\EZHotel-master\src\main\java\com\cyan\hotel\model\User.java,com.cyan.hotel.model.User$Builder,balance/1[java.lang.Double],false,159,2,0,0,0,1,0,4,1,0,1,0,0,0,0,0,0,0,0,0,1,0,0,0,0,0,2,1,0,false
C:\EZHotel-master\EZHotel-master\src\main\java\com\cyan\hotel\model\User.java,com.cyan.hotel.model.User$Builder,username/1[java.lang.String],false,149,2,0,0,0,1,0,4,1,0,1,0,0,0,0,0,0,0,0,0,1,0,0,0,0,0,1,1,0,false
C:\EZHotel-master\EZHotel-master\src\main\java\com\cyan\hotel\model\User.java,com.cyan.hotel.model.User$Builder,build/0,false,164,1,0,0,0,1,0,1,0,0,0,0,0,0,0,0,0,0,0,0,0,0,0,0,0,0,2,1025,0,false
C:\EZHotel-master\EZHotel-master\src\main\java\com\cyan\hotel\repositoryService\RoomService.java,com.cyan.hotel.repositoryService.RoomService,findRoomByRoomId/1[java.lang.Long],false,9,1,1,1,0,1,0,1,0,0,1,0,0,0,0,0,0,0,0,0,0,0,0,0,0,0,6,0,0,false
C:\EZHotel-master\EZHotel-master\src\main\java\com\cyan\hotel\repositoryService\RoomService.java,com.cyan.hotel.repositoryService.RoomService,findAllRooms/0,false,10,1,0,0,0,1,0,1,0,0,0,0,0,0,0,0,0,0,0,0,0,0,0,0,0,0,3,0,0,false
C:\EZHotel-master\EZHotel-master\src\main\java\com\cyan\hotel\repositoryService\RoomService.java,com.cyan.hotel.repositoryService.RoomService,findAllAvailableRooms/0,false,11,1,0,0,0,1,0,1,0,0,0,0,0,0,0,0,0,0,0,0,0,0,0,0,0,0,4,0,0,false
C:\EZHotel-master\EZHotel-master\src\main\java\com\cyan\hotel\repositoryService\RoomService.java,com.cyan.hotel.repositoryService.RoomService,getRoomsByRoomType/1[java.lang.String],false,12,1,1,1,0,1,0,1,0,0,1,0,0,0,0,0,0,0,0,0,0,0,0,0,0,0,6,0,0,false
C:\EZHotel-master\EZHotel-master\src\main\java\com\cyan\hotel\repositoryService\RoomService.java,com.cyan.hotel.repositoryService.RoomService,"updateRoomStatus/2[java.lang.Long,java.lang.Integer]",false,13,0,0,0,0,1,0,1,0,0,2,0,0,0,0,0,0,0,0,0,0,0,0,0,0,0,5,0,0,false
C:\EZHotel-master\EZHotel-master\src\main\java\com\cyan\hotel\repositoryService\RegistrationService.java,com.cyan.hotel.repositoryService.RegistrationService,"validateRegistration/5[java.lang.String,java.lang.String,java.lang.String,java.lang.String,java.lang.String]",false,4,0,0,0,0,1,0,1,0,0,5,0,0,0,0,0,0,0,0,0,0,0,0,0,0,0,4,0,0,false
C:\EZHotel-master\EZHotel-master\src\main\java\com\cyan\hotel\repositoryService\UserServiceImpl.java,com.cyan.hotel.repositoryService.UserServiceImpl,findByUserId/1[java.lang.Long],false,30,2,1,0,1,1,1,3,1,0,1,1,0,0,0,0,0,0,0,0,0,0,0,0,0,0,6,1,0,false
C:\EZHotel-master\EZHotel-master\src\main\java\com\cyan\hotel\repositoryService\UserServiceImpl.java,com.cyan.hotel.repositoryService.UserServiceImpl,findByUsername/1[java.lang.String],false,20,2,1,0,1,1,1,3,1,0,1,1,0,0,0,0,0,0,0,0,0,0,0,0,0,0,5,1,0,false
C:\EZHotel-master\EZHotel-master\src\main\java\com\cyan\hotel\repositoryService\UserServiceImpl.java,com.cyan.hotel.repositoryService.UserServiceImpl,save/1[com.cyan.hotel.model.User],false,25,1,0,0,0,1,1,3,0,0,1,1,0,0,0,0,0,0,0,0,0,0,0,0,0,0,3,1,0,false
C:\EZHotel-master\EZHotel-master\src\main\java\com\cyan\hotel\repositoryService\UserServiceImpl.java,com.cyan.hotel.repositoryService.UserServiceImpl,"validateUser/2[java.lang.String,java.lang.String]",false,35,2,2,0,2,1,3,4,1,1,2,3,0,0,0,0,0,1,0,0,1,0,0,0,0,0,5,1,0,false
C:\EZHotel-master\EZHotel-master\src\main\java\com\cyan\hotel\repositoryService\UserServiceImpl.java,com.cyan.hotel.repositoryService.UserServiceImpl,"updateUserBalance/2[java.lang.Long,java.lang.Double]",false,42,1,1,0,1,1,1,3,0,0,2,1,0,0,0,0,0,0,0,0,0,0,0,0,0,0,5,1,0,false
C:\EZHotel-master\EZHotel-master\src\main\java\com\cyan\hotel\billingSystem\BillingSystem.java,com.cyan.hotel.billingSystem.BillingSystem,BillingSystem/1[com.cyan.hotel.model.Booking],true,18,1,0,0,0,1,0,3,0,0,1,0,0,0,0,0,0,0,0,0,1,0,0,0,0,0,4,1,0,false
C:\EZHotel-master\EZHotel-master\src\main\java\com\cyan\hotel\controller\RoomController.java,com.cyan.hotel.controller.RoomController,show/0,false,31,4,1,0,1,1,2,6,1,2,0,2,1,1,0,0,0,0,3,0,2,0,0,0,0,0,10,1,0,false
C:\EZHotel-master\EZHotel-master\src\main\java\com\cyan\hotel\controller\RoomController.java,com.cyan.hotel.controller.RoomController,"getRoomType/2[java.lang.String,com.cyan.hotel.controller.Model]",false,41,7,2,0,2,1,3,8,1,2,2,3,1,1,0,0,0,0,5,0,2,0,0,0,0,0,9,1,0,false
C:\EZHotel-master\EZHotel-master\src\main\java\com\cyan\hotel\controller\RoomController.java,com.cyan.hotel.controller.RoomController,getRoomTypes/0,false,62,1,2,2,0,1,1,3,1,0,0,1,0,0,0,0,0,0,0,0,0,0,0,0,0,0,3,2,0,false
C:\EZHotel-master\EZHotel-master\src\main\java\com\cyan\hotel\controller\RoomController.java,com.cyan.hotel.controller.RoomController,getRoomTypeByForm/1[java.lang.String],false,53,2,0,0,0,2,1,6,2,0,1,1,0,0,0,0,0,0,4,0,0,1,1,0,0,0,8,1,0,false
C:\EZHotel-master\EZHotel-master\src\main\java\com\cyan\hotel\model\User.java,com.cyan.hotel.model.User$Anonymous1,build/0,false,61,1,3,0,3,1,0,3,1,0,0,0,0,0,0,0,0,0,0,0,0,0,0,0,0,0,2,1,0,false
C:\EZHotel-master\EZHotel-master\src\main\java\com\cyan\hotel\model\Guest.java,com.cyan.hotel.model.Guest,setLoyatyLevel/1[com.cyan.hotel.enumeration.LoyatyLevel],false,63,1,0,0,0,1,0,3,0,0,1,0,0,0,0,0,0,0,0,0,1,0,0,0,0,0,4,1,0,false
C:\EZHotel-master\EZHotel-master\src\main\java\com\cyan\hotel\model\Guest.java,com.cyan.hotel.model.Guest,getPayments/0,false,67,1,0,0,0,1,0,3,1,0,0,0,0,0,0,0,0,0,0,0,0,0,0,0,0,0,3,1,0,false
C:\EZHotel-master\EZHotel-master\src\main\java\com\cyan\hotel\model\Guest.java,com.cyan.hotel.model.Guest,builder/0,false,42,3,1,0,1,1,0,8,1,0,0,0,0,0,0,0,0,0,0,0,0,0,0,1,0,0,3,9,0,false
C:\EZHotel-master\EZHotel-master\src\main\java\com\cyan\hotel\model\Guest.java,com.cyan.hotel.model.Guest,Guest/0,true,32,0,0,0,0,1,0,2,0,0,0,0,0,0,0,0,0,0,0,0,0,0,0,0,0,0,1,1,0,false
C:\EZHotel-master\EZHotel-master\src\main\java\com\cyan\hotel\model\Guest.java,com.cyan.hotel.model.Guest,Guest/1[com.cyan.hotel.model.Guest.Builder<?>],true,36,1,1,1,0,1,0,5,0,0,1,0,0,0,0,0,0,0,0,0,2,0,0,0,0,0,2,1,0,false
C:\EZHotel-master\EZHotel-master\src\main\java\com\cyan\hotel\model\Guest.java,com.cyan.hotel.model.Guest,getEmailAddress/0,false,51,0,0,0,0,1,0,3,1,0,0,0,0,0,0,0,0,0,0,0,0,0,0,0,0,0,4,1,0,false
C:\EZHotel-master\EZHotel-master\src\main\java\com\cyan\hotel\model\Guest.java,com.cyan.hotel.model.Guest,getPhoneNumber/0,false,55,0,0,0,0,1,0,3,1,0,0,0,0,0,0,0,0,0,0,0,0,0,0,0,0,0,4,1,0,false
C:\EZHotel-master\EZHotel-master\src\main\java\com\cyan\hotel\model\Guest.java,com.cyan.hotel.model.Guest,getLoyatyLevel/0,false,59,1,0,0,0,1,0,3,1,0,0,0,0,0,0,0,0,0,0,0,0,0,0,0,0,0,4,1,0,false
C:\EZHotel-master\EZHotel-master\src\main\java\com\cyan\hotel\model\Guest.java,com.cyan.hotel.model.Guest,setPayments/1[java.util.List<com.cyan.hotel.model.Payment>],false,71,1,0,0,0,1,0,3,0,0,1,0,0,0,0,0,0,0,0,0,1,0,0,0,0,0,3,1,0,false
C:\EZHotel-master\EZHotel-master\src\main\java\com\cyan\hotel\controller\BookingController.java,com.cyan.hotel.controller.BookingController,failed/0,false,74,1,0,0,0,1,0,3,1,0,0,0,0,0,0,0,0,0,2,0,0,0,0,0,0,0,3,1,0,false
C:\EZHotel-master\EZHotel-master\src\main\java\com\cyan\hotel\controller\BookingController.java,com.cyan.hotel.controller.BookingController,"getUsername/6[java.lang.String,java.lang.String,java.lang.Double,java.lang.Integer,java.lang.String,com.cyan.hotel.controller.Model]",false,51,6,2,0,2,2,4,12,2,3,6,4,1,1,0,0,0,0,7,0,3,1,1,0,0,0,22,1,0,false
C:\EZHotel-master\EZHotel-master\src\main\java\com\cyan\hotel\controller\BookingController.java,com.cyan.hotel.controller.BookingController,"getRoomIdForBooking/2[java.lang.Long,com.cyan.hotel.controller.Model]",false,37,5,1,0,1,1,2,6,1,1,2,2,0,0,0,0,0,0,4,0,1,0,0,0,0,0,10,1,0,false
C:\EZHotel-master\EZHotel-master\src\main\java\com\cyan\hotel\controller\BookingController.java,com.cyan.hotel.controller.BookingController,"getTotalPrice/3[java.lang.String,java.lang.String,java.lang.Double]",false,78,9,10,1,9,11,4,38,2,3,3,4,0,0,1,2,0,0,9,0,11,0,3,0,0,0,26,2,0,false
C:\EZHotel-master\EZHotel-master\src\main\java\com\cyan\hotel\model\withBottleOfWine.java,com.cyan.hotel.model.withBottleOfWine,withBottleOfWine/1[com.cyan.hotel.model.Room],true,10,1,1,1,0,1,0,3,0,0,1,0,0,0,0,0,0,0,0,0,0,0,0,0,0,0,6,1,0,false
C:\EZHotel-master\EZHotel-master\src\main\java\com\cyan\hotel\model\withBottleOfWine.java,com.cyan.hotel.model.withBottleOfWine,getDescription/0,false,20,0,0,0,0,1,1,3,1,0,0,1,0,0,0,0,0,0,1,0,0,1,0,0,0,0,6,1,0,false
C:\EZHotel-master\EZHotel-master\src\main\java\com\cyan\hotel\model\withBottleOfWine.java,com.cyan.hotel.model.withBottleOfWine,getPrice/0,false,15,0,0,0,0,1,1,3,1,0,0,1,0,0,0,0,0,0,0,1,0,1,0,0,0,0,3,1,0,false
C:\EZHotel-master\EZHotel-master\src\main\java\com\cyan\hotel\repositoryService\PaymentService.java,com.cyan.hotel.repositoryService.PaymentService,"insertPayment/4[java.lang.Long,java.lang.String,java.lang.Double,com.cyan.hotel.enumeration.PayType]",false,7,1,1,1,0,1,0,1,0,0,4,0,0,0,0,0,0,0,0,0,0,0,0,0,0,0,5,0,0,false
C:\EZHotel-master\EZHotel-master\src\main\java\com\cyan\hotel\controller\UserController.java,com.cyan.hotel.controller.UserController,register/1[com.cyan.hotel.controller.Model],false,29,3,1,0,1,1,1,4,1,0,1,1,0,0,0,0,0,0,3,0,0,0,0,0,0,0,5,1,0,false
C:\EZHotel-master\EZHotel-master\src\main\java\com\cyan\hotel\controller\UserController.java,com.cyan.hotel.controller.UserController,showLoginPage/1[com.cyan.hotel.controller.ModelMap],false,50,2,0,0,0,1,0,3,1,0,1,0,0,0,0,0,0,0,2,0,0,0,0,0,0,0,7,1,0,false
C:\EZHotel-master\EZHotel-master\src\main\java\com\cyan\hotel\controller\UserController.java,com.cyan.hotel.controller.UserController,"register/3[com.cyan.hotel.model.User,com.cyan.hotel.controller.BindingResult,com.cyan.hotel.controller.ModelMap]",false,35,7,3,0,3,2,5,9,2,0,3,5,0,0,0,0,0,0,5,0,0,0,1,0,0,0,6,1,0,false
C:\EZHotel-master\EZHotel-master\src\main\java\com\cyan\hotel\controller\UserController.java,com.cyan.hotel.controller.UserController,"showWelcomePage/3[com.cyan.hotel.controller.ModelMap,java.lang.String,java.lang.String]",false,55,4,1,0,1,2,3,12,2,1,3,3,0,0,0,0,0,0,10,0,1,0,1,0,0,0,10,1,0,false
C:\EZHotel-master\EZHotel-master\src\main\java\com\cyan\hotel\controller\UserController.java,com.cyan.hotel.controller.UserController,logout/1[com.cyan.hotel.controller.ModelMap],false,84,2,0,0,0,1,1,4,1,0,1,1,0,0,0,0,0,0,4,0,0,0,0,0,0,0,5,1,0,false
C:\EZHotel-master\EZHotel-master\src\main\java\com\cyan\hotel\exception\ResourceNotFoundException.java,com.cyan.hotel.exception.ResourceNotFoundException,"ResourceNotFoundException/3[java.lang.String,java.lang.String,java.lang.String]",true,10,0,0,0,0,1,0,3,0,0,3,0,0,0,0,0,0,0,4,0,0,1,0,0,0,0,11,1,0,false
C:\EZHotel-master\EZHotel-master\.mvn\wrapper\MavenWrapperDownloader.java,MavenWrapperDownloader,"downloadFileFromURL/2[java.lang.String,java.io.File]",false,104,0,1,1,0,1,6,9,0,3,2,6,0,0,0,0,0,0,0,1,3,0,0,0,0,0,18,10,0,false
C:\EZHotel-master\EZHotel-master\.mvn\wrapper\MavenWrapperDownloader.java,MavenWrapperDownloader,main/1[java.lang.String[]],false,55,1,1,0,1,8,11,46,0,6,1,11,1,1,0,1,3,0,10,3,8,5,4,0,0,0,43,9,0,false
C:\EZHotel-master\EZHotel-master\src\main\java\com\cyan\hotel\HotelApplication.java,com.cyan.hotel.HotelApplication,main/1[java.lang.String[]],false,22,1,0,0,0,1,1,3,0,0,1,1,0,0,0,0,0,0,0,0,0,0,0,0,0,0,2,9,0,false
C:\EZHotel-master\EZHotel-master\src\main\java\com\cyan\hotel\HotelApplication.java,com.cyan.hotel.HotelApplication,configure/1[com.cyan.hotel.SpringApplicationBuilder],false,18,2,0,0,0,1,1,3,1,0,1,1,0,0,0,0,0,0,0,0,0,0,0,0,0,0,5,4,0,false
C:\EZHotel-master\EZHotel-master\src\main\java\com\cyan\hotel\repository\BookingRepository.java,com.cyan.hotel.repository.BookingRepository,findBookingByUser/1[com.cyan.hotel.model.User],false,15,2,1,1,0,1,0,1,0,0,1,0,0,0,0,0,0,0,0,0,0,0,0,0,0,0,5,0,0,false
C:\EZHotel-master\EZHotel-master\src\main\java\com\cyan\hotel\exception\RoomNotFoundException.java,com.cyan.hotel.exception.RoomNotFoundException,RoomNotFoundException/1[java.lang.Long],true,9,0,0,0,0,1,1,3,0,0,1,1,0,0,0,0,0,0,2,0,0,0,0,0,0,0,7,1,0,false
C:\EZHotel-master\EZHotel-master\src\main\java\com\cyan\hotel\repository\UserRepository.java,com.cyan.hotel.repository.UserRepository,"updateUserBalance/2[java.lang.Double,java.lang.Long]",false,28,2,1,1,0,1,0,1,0,0,2,0,0,0,0,0,0,0,1,0,0,0,0,0,0,0,11,0,0,false
C:\EZHotel-master\EZHotel-master\src\main\java\com\cyan\hotel\repository\UserRepository.java,com.cyan.hotel.repository.UserRepository,findByUsername/1[java.lang.String],false,25,1,3,3,0,1,0,1,0,0,1,0,0,0,0,0,0,0,0,0,0,0,0,0,0,0,5,0,0,false
C:\EZHotel-master\EZHotel-master\src\main\java\com\cyan\hotel\repository\UserRepository.java,com.cyan.hotel.repository.UserRepository,findByUserId/1[java.lang.Long],false,26,1,1,1,0,1,0,1,0,0,1,0,0,0,0,0,0,0,0,0,0,0,0,0,0,0,6,0,0,false
C:\EZHotel-master\EZHotel-master\src\main\java\com\cyan\hotel\model\withDinner.java,com.cyan.hotel.model.withDinner,withDinner/1[com.cyan.hotel.model.Room],true,10,1,1,1,0,1,0,3,0,0,1,0,0,0,0,0,0,0,0,0,0,0,0,0,0,0,4,1,0,false
C:\EZHotel-master\EZHotel-master\src\main\java\com\cyan\hotel\model\withDinner.java,com.cyan.hotel.model.withDinner,getDescription/0,false,20,0,0,0,0,1,1,3,1,0,0,1,0,0,0,0,0,0,1,0,0,1,0,0,0,0,4,1,0,false
C:\EZHotel-master\EZHotel-master\src\main\java\com\cyan\hotel\model\withDinner.java,com.cyan.hotel.model.withDinner,getPrice/0,false,15,0,0,0,0,1,1,3,1,0,0,1,0,0,0,0,0,0,0,1,0,1,0,0,0,0,3,1,0,false
C:\EZHotel-master\EZHotel-master\src\main\java\com\cyan\hotel\controller\EventController.java,com.cyan.hotel.controller.EventController,event/0,false,15,1,0,0,0,1,0,3,1,0,0,0,0,0,0,0,0,0,2,0,0,0,0,0,0,0,2,1,0,false
C:\EZHotel-master\EZHotel-master\src\main\java\com\cyan\hotel\controller\HomeController.java,com.cyan.hotel.controller.HomeController,home/0,false,17,1,1,1,0,1,0,3,1,0,0,0,0,0,0,0,0,0,2,0,0,0,0,0,0,0,2,1,0,false
C:\EZHotel-master\EZHotel-master\src\main\java\com\cyan\hotel\controller\HomeController.java,com.cyan.hotel.controller.HomeController,contact/0,false,22,1,1,1,0,1,0,3,1,0,0,0,0,0,0,0,0,0,2,0,0,0,0,0,0,0,2,1,0,false
C:\EZHotel-master\EZHotel-master\src\main\java\com\cyan\hotel\controller\HomeController.java,com.cyan.hotel.controller.HomeController,about/0,false,28,1,0,0,0,1,0,3,1,0,0,0,0,0,0,0,0,0,2,0,0,0,0,0,0,0,2,1,0,false
C:\EZHotel-master\EZHotel-master\src\main\java\com\cyan\hotel\model\withWiFi.java,com.cyan.hotel.model.withWiFi,withWiFi/1[com.cyan.hotel.model.Room],true,9,1,1,1,0,1,0,3,0,0,1,0,0,0,0,0,0,0,0,0,0,0,0,0,0,0,5,1,0,false
C:\EZHotel-master\EZHotel-master\src\main\java\com\cyan\hotel\model\withWiFi.java,com.cyan.hotel.model.withWiFi,getPrice/0,false,14,0,0,0,0,1,1,3,1,0,0,1,0,0,0,0,0,0,0,1,0,1,0,0,0,0,3,1,0,false
C:\EZHotel-master\EZHotel-master\src\main\java\com\cyan\hotel\model\withWiFi.java,com.cyan.hotel.model.withWiFi,getDescription/0,false,19,0,0,0,0,1,1,3,1,0,0,1,0,0,0,0,0,0,1,0,0,1,0,0,0,0,5,1,0,false
C:\EZHotel-master\EZHotel-master\src\main\java\com\cyan\hotel\repositoryService\BookingService.java,com.cyan.hotel.repositoryService.BookingService,"insertBooking/4[java.lang.String,java.lang.Integer,java.lang.Double,java.lang.String]",false,15,0,1,1,0,1,0,1,0,0,4,0,0,0,0,0,0,0,0,0,0,0,0,0,0,0,3,0,0,false
C:\EZHotel-master\EZHotel-master\src\main\java\com\cyan\hotel\repositoryService\BookingService.java,com.cyan.hotel.repositoryService.BookingService,findBookingByUser/1[com.cyan.hotel.model.User],false,16,2,1,1,0,1,0,1,0,0,1,0,0,0,0,0,0,0,0,0,0,0,0,0,0,0,5,0,0,false
