file,class,method,variable,usage
C:\EZHotel-master\EZHotel-master\src\main\java\com\cyan\hotel\controller\PaymentController.java,com.cyan.hotel.controller.PaymentController,"pay/6[java.lang.Long,java.lang.String,java.lang.Double,com.cyan.hotel.enumeration.PayType,java.lang.Double,com.cyan.hotel.controller.Model]",formatter,1
C:\EZHotel-master\EZHotel-master\src\main\java\com\cyan\hotel\controller\PaymentController.java,com.cyan.hotel.controller.PaymentController,"pay/6[java.lang.Long,java.lang.String,java.lang.Double,com.cyan.hotel.enumeration.PayType,java.lang.Double,com.cyan.hotel.controller.Model]",date,1
C:\EZHotel-master\EZHotel-master\src\main\java\com\cyan\hotel\controller\PaymentController.java,com.cyan.hotel.controller.PaymentController,"pay/6[java.lang.Long,java.lang.String,java.lang.Double,com.cyan.hotel.enumeration.PayType,java.lang.Double,com.cyan.hotel.controller.Model]",payType,1
C:\EZHotel-master\EZHotel-master\src\main\java\com\cyan\hotel\controller\PaymentController.java,com.cyan.hotel.controller.PaymentController,"pay/6[java.lang.Long,java.lang.String,java.lang.Double,com.cyan.hotel.enumeration.PayType,java.lang.Double,com.cyan.hotel.controller.Model]",balance,1
C:\EZHotel-master\EZHotel-master\src\main\java\com\cyan\hotel\controller\PaymentController.java,com.cyan.hotel.controller.PaymentController,"pay/6[java.lang.Long,java.lang.String,java.lang.Double,com.cyan.hotel.enumeration.PayType,java.lang.Double,com.cyan.hotel.controller.Model]",totalPrice,2
C:\EZHotel-master\EZHotel-master\src\main\java\com\cyan\hotel\controller\PaymentController.java,com.cyan.hotel.controller.PaymentController,"pay/6[java.lang.Long,java.lang.String,java.lang.Double,com.cyan.hotel.enumeration.PayType,java.lang.Double,com.cyan.hotel.controller.Model]",currentBalance,2
C:\EZHotel-master\EZHotel-master\src\main\java\com\cyan\hotel\controller\PaymentController.java,com.cyan.hotel.controller.PaymentController,"pay/6[java.lang.Long,java.lang.String,java.lang.Double,com.cyan.hotel.enumeration.PayType,java.lang.Double,com.cyan.hotel.controller.Model]",model,0
C:\EZHotel-master\EZHotel-master\src\main\java\com\cyan\hotel\controller\PaymentController.java,com.cyan.hotel.controller.PaymentController,"pay/6[java.lang.Long,java.lang.String,java.lang.Double,com.cyan.hotel.enumeration.PayType,java.lang.Double,com.cyan.hotel.controller.Model]",user,2
C:\EZHotel-master\EZHotel-master\src\main\java\com\cyan\hotel\controller\PaymentController.java,com.cyan.hotel.controller.PaymentController,"pay/6[java.lang.Long,java.lang.String,java.lang.Double,com.cyan.hotel.enumeration.PayType,java.lang.Double,com.cyan.hotel.controller.Model]",bookingId,0
C:\EZHotel-master\EZHotel-master\src\main\java\com\cyan\hotel\controller\PaymentController.java,com.cyan.hotel.controller.PaymentController,"pay/6[java.lang.Long,java.lang.String,java.lang.Double,com.cyan.hotel.enumeration.PayType,java.lang.Double,com.cyan.hotel.controller.Model]",username,2
C:\EZHotel-master\EZHotel-master\src\main\java\com\cyan\hotel\controller\PaymentController.java,com.cyan.hotel.controller.PaymentController,"showPayment/3[java.lang.String,java.lang.Double,com.cyan.hotel.controller.Model]",booking,1
C:\EZHotel-master\EZHotel-master\src\main\java\com\cyan\hotel\controller\PaymentController.java,com.cyan.hotel.controller.PaymentController,"showPayment/3[java.lang.String,java.lang.Double,com.cyan.hotel.controller.Model]",payTypes,1
C:\EZHotel-master\EZHotel-master\src\main\java\com\cyan\hotel\controller\PaymentController.java,com.cyan.hotel.controller.PaymentController,"showPayment/3[java.lang.String,java.lang.Double,com.cyan.hotel.controller.Model]",balance,1
C:\EZHotel-master\EZHotel-master\src\main\java\com\cyan\hotel\controller\PaymentController.java,com.cyan.hotel.controller.PaymentController,"showPayment/3[java.lang.String,java.lang.Double,com.cyan.hotel.controller.Model]",totalPrice,1
C:\EZHotel-master\EZHotel-master\src\main\java\com\cyan\hotel\controller\PaymentController.java,com.cyan.hotel.controller.PaymentController,"showPayment/3[java.lang.String,java.lang.Double,com.cyan.hotel.controller.Model]",model,5
C:\EZHotel-master\EZHotel-master\src\main\java\com\cyan\hotel\controller\PaymentController.java,com.cyan.hotel.controller.PaymentController,"showPayment/3[java.lang.String,java.lang.Double,com.cyan.hotel.controller.Model]",user,3
C:\EZHotel-master\EZHotel-master\src\main\java\com\cyan\hotel\controller\PaymentController.java,com.cyan.hotel.controller.PaymentController,"showPayment/3[java.lang.String,java.lang.Double,com.cyan.hotel.controller.Model]",userId,1
C:\EZHotel-master\EZHotel-master\src\main\java\com\cyan\hotel\controller\PaymentController.java,com.cyan.hotel.controller.PaymentController,"showPayment/3[java.lang.String,java.lang.Double,com.cyan.hotel.controller.Model]",username,2
C:\EZHotel-master\EZHotel-master\src\main\java\com\cyan\hotel\model\withAC.java,com.cyan.hotel.model.withAC,withAC/1[com.cyan.hotel.model.Room],room,1
C:\EZHotel-master\EZHotel-master\src\main\java\com\cyan\hotel\model\Discount.java,com.cyan.hotel.model.Discount,setDiscountPercentage/1[java.lang.Double],discountPercentage,2
C:\EZHotel-master\EZHotel-master\src\main\java\com\cyan\hotel\model\Discount.java,com.cyan.hotel.model.Discount,setDiscountId/1[java.lang.Long],discountId,2
C:\EZHotel-master\EZHotel-master\src\main\java\com\cyan\hotel\model\Payment.java,com.cyan.hotel.model.Payment,setPaymentAmount/1[java.lang.Double],paymentAmount,2
C:\EZHotel-master\EZHotel-master\src\main\java\com\cyan\hotel\model\Payment.java,com.cyan.hotel.model.Payment,setPaymentDate/1[java.lang.String],paymentDate,2
C:\EZHotel-master\EZHotel-master\src\main\java\com\cyan\hotel\model\Payment.java,com.cyan.hotel.model.Payment,setPaymentId/1[java.lang.Long],paymentId,2
C:\EZHotel-master\EZHotel-master\src\main\java\com\cyan\hotel\model\Payment.java,com.cyan.hotel.model.Payment,setPayType/1[com.cyan.hotel.enumeration.PayType],payType,2
C:\EZHotel-master\EZHotel-master\src\main\java\com\cyan\hotel\model\Payment.java,com.cyan.hotel.model.Payment,setUser/1[com.cyan.hotel.model.User],user,2
C:\EZHotel-master\EZHotel-master\src\main\java\com\cyan\hotel\model\Manager.java,com.cyan.hotel.model.Manager,Manager/1[com.cyan.hotel.model.Manager.Builder<?>],builder,1
C:\EZHotel-master\EZHotel-master\src\main\java\com\cyan\hotel\model\User.java,com.cyan.hotel.model.User,setFirstName/1[java.lang.String],firstName,2
C:\EZHotel-master\EZHotel-master\src\main\java\com\cyan\hotel\model\User.java,com.cyan.hotel.model.User,setPasswordConfirm/1[java.lang.String],passwordConfirm,2
C:\EZHotel-master\EZHotel-master\src\main\java\com\cyan\hotel\model\User.java,com.cyan.hotel.model.User,setPayments/1[java.util.List<com.cyan.hotel.model.Payment>],payments,2
C:\EZHotel-master\EZHotel-master\src\main\java\com\cyan\hotel\model\User.java,com.cyan.hotel.model.User,setUserId/1[java.lang.Long],userId,2
C:\EZHotel-master\EZHotel-master\src\main\java\com\cyan\hotel\model\User.java,com.cyan.hotel.model.User,setBalance/1[java.lang.Double],balance,2
C:\EZHotel-master\EZHotel-master\src\main\java\com\cyan\hotel\model\User.java,com.cyan.hotel.model.User,setLastName/1[java.lang.String],lastName,2
C:\EZHotel-master\EZHotel-master\src\main\java\com\cyan\hotel\model\User.java,com.cyan.hotel.model.User,User/1[com.cyan.hotel.model.User.Builder<?>],builder,5
C:\EZHotel-master\EZHotel-master\src\main\java\com\cyan\hotel\model\User.java,com.cyan.hotel.model.User,setUsername/1[java.lang.String],username,2
C:\EZHotel-master\EZHotel-master\src\main\java\com\cyan\hotel\model\User.java,com.cyan.hotel.model.User,setPassword/1[java.lang.String],password,2
C:\EZHotel-master\EZHotel-master\src\test\java\com\cyan\hotel\HomeControllerTests.java,com.cyan.hotel.HomeControllerTests,test1/0,s,1
C:\EZHotel-master\EZHotel-master\src\test\java\com\cyan\hotel\HomeControllerTests.java,com.cyan.hotel.HomeControllerTests,test1/0,homeController,1
C:\EZHotel-master\EZHotel-master\src\test\java\com\cyan\hotel\HomeControllerTests.java,com.cyan.hotel.HomeControllerTests,test2/0,s,1
C:\EZHotel-master\EZHotel-master\src\test\java\com\cyan\hotel\HomeControllerTests.java,com.cyan.hotel.HomeControllerTests,test2/0,homeController,1
C:\EZHotel-master\EZHotel-master\src\main\java\com\cyan\hotel\model\RoomType.java,com.cyan.hotel.model.RoomType,setRoomRate/1[int],roomRate,2
C:\EZHotel-master\EZHotel-master\src\main\java\com\cyan\hotel\model\RoomType.java,com.cyan.hotel.model.RoomType,setDescription/1[java.lang.String],description,2
C:\EZHotel-master\EZHotel-master\src\main\java\com\cyan\hotel\model\RoomType.java,com.cyan.hotel.model.RoomType,setRoomStyle/1[com.cyan.hotel.enumeration.RoomStyle],roomStyle,2
C:\EZHotel-master\EZHotel-master\src\main\java\com\cyan\hotel\model\RoomType.java,com.cyan.hotel.model.RoomType,setRoomTypeId/1[java.lang.Long],roomTypeId,2
C:\EZHotel-master\EZHotel-master\src\main\java\com\cyan\hotel\model\RoomType.java,com.cyan.hotel.model.RoomType,setNumBeds/1[int],numBeds,2
C:\EZHotel-master\EZHotel-master\src\main\java\com\cyan\hotel\model\RoomType.java,com.cyan.hotel.model.RoomType,setCapacity/1[int],capacity,2
C:\EZHotel-master\EZHotel-master\src\main\java\com\cyan\hotel\model\Booking.java,com.cyan.hotel.model.Booking,setUser/1[com.cyan.hotel.model.User],user,2
C:\EZHotel-master\EZHotel-master\src\main\java\com\cyan\hotel\model\Booking.java,com.cyan.hotel.model.Booking,setBookingTotal/1[java.lang.Double],bookingTotal,2
C:\EZHotel-master\EZHotel-master\src\main\java\com\cyan\hotel\model\Booking.java,com.cyan.hotel.model.Booking,setBookingId/1[java.lang.Long],bookingId,2
C:\EZHotel-master\EZHotel-master\src\main\java\com\cyan\hotel\model\Booking.java,com.cyan.hotel.model.Booking,setBookingDate/1[java.lang.String],bookingDate,2
C:\EZHotel-master\EZHotel-master\src\main\java\com\cyan\hotel\model\Booking.java,com.cyan.hotel.model.Booking,setNumberOfGuests/1[java.lang.Integer],numberOfGuests,2
C:\EZHotel-master\EZHotel-master\src\main\java\com\cyan\hotel\model\Room.java,com.cyan.hotel.model.Room,setBooking/1[com.cyan.hotel.model.Booking],booking,2
C:\EZHotel-master\EZHotel-master\src\main\java\com\cyan\hotel\model\Room.java,com.cyan.hotel.model.Room,setRoomId/1[java.lang.Long],roomId,2
C:\EZHotel-master\EZHotel-master\src\main\java\com\cyan\hotel\model\Room.java,com.cyan.hotel.model.Room,setRoomStatus/1[java.lang.Integer],roomStatus,2
C:\EZHotel-master\EZHotel-master\src\main\java\com\cyan\hotel\model\Room.java,com.cyan.hotel.model.Room,setRoomType/1[java.lang.String],roomType,2
C:\EZHotel-master\EZHotel-master\src\main\java\com\cyan\hotel\repositoryService\UserService.java,com.cyan.hotel.repositoryService.UserService,save/1[com.cyan.hotel.model.User],user,0
C:\EZHotel-master\EZHotel-master\src\main\java\com\cyan\hotel\repositoryService\UserService.java,com.cyan.hotel.repositoryService.UserService,findByUserId/1[java.lang.Long],userId,0
C:\EZHotel-master\EZHotel-master\src\main\java\com\cyan\hotel\repositoryService\UserService.java,com.cyan.hotel.repositoryService.UserService,"updateUserBalance/2[java.lang.Long,java.lang.Double]",currentBalance,0
C:\EZHotel-master\EZHotel-master\src\main\java\com\cyan\hotel\repositoryService\UserService.java,com.cyan.hotel.repositoryService.UserService,"updateUserBalance/2[java.lang.Long,java.lang.Double]",userId,0
C:\EZHotel-master\EZHotel-master\src\main\java\com\cyan\hotel\repositoryService\UserService.java,com.cyan.hotel.repositoryService.UserService,findByUsername/1[java.lang.String],username,0
C:\EZHotel-master\EZHotel-master\src\main\java\com\cyan\hotel\repositoryService\UserService.java,com.cyan.hotel.repositoryService.UserService,"validateUser/2[java.lang.String,java.lang.String]",password,0
C:\EZHotel-master\EZHotel-master\src\main\java\com\cyan\hotel\repositoryService\UserService.java,com.cyan.hotel.repositoryService.UserService,"validateUser/2[java.lang.String,java.lang.String]",username,0
C:\EZHotel-master\EZHotel-master\src\main\java\com\cyan\hotel\repositoryService\RegistrationServiceImpl.java,com.cyan.hotel.repositoryService.RegistrationServiceImpl,"validateRegistration/5[java.lang.String,java.lang.String,java.lang.String,java.lang.String,java.lang.String]",firstName,2
C:\EZHotel-master\EZHotel-master\src\main\java\com\cyan\hotel\repositoryService\RegistrationServiceImpl.java,com.cyan.hotel.repositoryService.RegistrationServiceImpl,"validateRegistration/5[java.lang.String,java.lang.String,java.lang.String,java.lang.String,java.lang.String]",lastName,2
C:\EZHotel-master\EZHotel-master\src\main\java\com\cyan\hotel\repositoryService\RegistrationServiceImpl.java,com.cyan.hotel.repositoryService.RegistrationServiceImpl,"validateRegistration/5[java.lang.String,java.lang.String,java.lang.String,java.lang.String,java.lang.String]",password,2
C:\EZHotel-master\EZHotel-master\src\main\java\com\cyan\hotel\repositoryService\RegistrationServiceImpl.java,com.cyan.hotel.repositoryService.RegistrationServiceImpl,"validateRegistration/5[java.lang.String,java.lang.String,java.lang.String,java.lang.String,java.lang.String]",emailAddress,0
C:\EZHotel-master\EZHotel-master\src\main\java\com\cyan\hotel\repositoryService\RegistrationServiceImpl.java,com.cyan.hotel.repositoryService.RegistrationServiceImpl,"validateRegistration/5[java.lang.String,java.lang.String,java.lang.String,java.lang.String,java.lang.String]",user,1
C:\EZHotel-master\EZHotel-master\src\main\java\com\cyan\hotel\repositoryService\RegistrationServiceImpl.java,com.cyan.hotel.repositoryService.RegistrationServiceImpl,"validateRegistration/5[java.lang.String,java.lang.String,java.lang.String,java.lang.String,java.lang.String]",username,3
C:\EZHotel-master\EZHotel-master\src\main\java\com\cyan\hotel\model\Event.java,com.cyan.hotel.model.Event,setEventDate/1[java.util.Date],eventDate,2
C:\EZHotel-master\EZHotel-master\src\main\java\com\cyan\hotel\model\Event.java,com.cyan.hotel.model.Event,setEventId/1[java.lang.Long],eventId,2
C:\EZHotel-master\EZHotel-master\src\main\java\com\cyan\hotel\model\Event.java,com.cyan.hotel.model.Event,setEventDesc/1[java.lang.String],eventDesc,2
C:\EZHotel-master\EZHotel-master\src\main\java\com\cyan\hotel\repository\RoomRepository.java,com.cyan.hotel.repository.RoomRepository,getRoomsByRoomType/1[java.lang.String],roomType,0
C:\EZHotel-master\EZHotel-master\src\main\java\com\cyan\hotel\repository\RoomRepository.java,com.cyan.hotel.repository.RoomRepository,getRoomByRoomId/1[java.lang.Long],roomId,0
C:\EZHotel-master\EZHotel-master\src\main\java\com\cyan\hotel\repositoryService\BookingServiceImpl.java,com.cyan.hotel.repositoryService.BookingServiceImpl,findBookingByUser/1[com.cyan.hotel.model.User],user,1
C:\EZHotel-master\EZHotel-master\src\main\java\com\cyan\hotel\repositoryService\BookingServiceImpl.java,com.cyan.hotel.repositoryService.BookingServiceImpl,findBookingByUser/1[com.cyan.hotel.model.User],userId,1
C:\EZHotel-master\EZHotel-master\src\main\java\com\cyan\hotel\repositoryService\BookingServiceImpl.java,com.cyan.hotel.repositoryService.BookingServiceImpl,"insertBooking/4[java.lang.String,java.lang.Integer,java.lang.Double,java.lang.String]",booking,5
C:\EZHotel-master\EZHotel-master\src\main\java\com\cyan\hotel\repositoryService\BookingServiceImpl.java,com.cyan.hotel.repositoryService.BookingServiceImpl,"insertBooking/4[java.lang.String,java.lang.Integer,java.lang.Double,java.lang.String]",bookingTotal,1
C:\EZHotel-master\EZHotel-master\src\main\java\com\cyan\hotel\repositoryService\BookingServiceImpl.java,com.cyan.hotel.repositoryService.BookingServiceImpl,"insertBooking/4[java.lang.String,java.lang.Integer,java.lang.Double,java.lang.String]",numberOfGuests,1
C:\EZHotel-master\EZHotel-master\src\main\java\com\cyan\hotel\repositoryService\BookingServiceImpl.java,com.cyan.hotel.repositoryService.BookingServiceImpl,"insertBooking/4[java.lang.String,java.lang.Integer,java.lang.Double,java.lang.String]",bookingDate,1
C:\EZHotel-master\EZHotel-master\src\main\java\com\cyan\hotel\repositoryService\BookingServiceImpl.java,com.cyan.hotel.repositoryService.BookingServiceImpl,"insertBooking/4[java.lang.String,java.lang.Integer,java.lang.Double,java.lang.String]",username,1
C:\EZHotel-master\EZHotel-master\src\main\java\com\cyan\hotel\validator\UserValidator.java,com.cyan.hotel.validator.UserValidator,supports/1[java.lang.Class<?>],aClass,1
C:\EZHotel-master\EZHotel-master\src\main\java\com\cyan\hotel\validator\UserValidator.java,com.cyan.hotel.validator.UserValidator,"validateLogin/3[com.cyan.hotel.validator.Errors,java.lang.String,java.lang.String]",password,1
C:\EZHotel-master\EZHotel-master\src\main\java\com\cyan\hotel\validator\UserValidator.java,com.cyan.hotel.validator.UserValidator,"validateLogin/3[com.cyan.hotel.validator.Errors,java.lang.String,java.lang.String]",user,1
C:\EZHotel-master\EZHotel-master\src\main\java\com\cyan\hotel\validator\UserValidator.java,com.cyan.hotel.validator.UserValidator,"validateLogin/3[com.cyan.hotel.validator.Errors,java.lang.String,java.lang.String]",errors,6
C:\EZHotel-master\EZHotel-master\src\main\java\com\cyan\hotel\validator\UserValidator.java,com.cyan.hotel.validator.UserValidator,"validateLogin/3[com.cyan.hotel.validator.Errors,java.lang.String,java.lang.String]",username,2
C:\EZHotel-master\EZHotel-master\src\main\java\com\cyan\hotel\validator\UserValidator.java,com.cyan.hotel.validator.UserValidator,"validate/2[java.lang.Object,com.cyan.hotel.validator.Errors]",user,7
C:\EZHotel-master\EZHotel-master\src\main\java\com\cyan\hotel\validator\UserValidator.java,com.cyan.hotel.validator.UserValidator,"validate/2[java.lang.Object,com.cyan.hotel.validator.Errors]",errors,6
C:\EZHotel-master\EZHotel-master\src\main\java\com\cyan\hotel\validator\UserValidator.java,com.cyan.hotel.validator.UserValidator,"validate/2[java.lang.Object,com.cyan.hotel.validator.Errors]",o,1
C:\EZHotel-master\EZHotel-master\src\main\java\com\cyan\hotel\model\Guest.java,com.cyan.hotel.model.Guest$Builder,phoneNumber/1[java.lang.String],phoneNumber,2
C:\EZHotel-master\EZHotel-master\src\main\java\com\cyan\hotel\model\Guest.java,com.cyan.hotel.model.Guest$Builder,emailAddress/1[java.lang.String],emailAddress,2
C:\EZHotel-master\EZHotel-master\src\main\java\com\cyan\hotel\repositoryService\PaymentServiceImpl.java,com.cyan.hotel.repositoryService.PaymentServiceImpl,"insertPayment/4[java.lang.Long,java.lang.String,java.lang.Double,com.cyan.hotel.enumeration.PayType]",payment,5
C:\EZHotel-master\EZHotel-master\src\main\java\com\cyan\hotel\repositoryService\PaymentServiceImpl.java,com.cyan.hotel.repositoryService.PaymentServiceImpl,"insertPayment/4[java.lang.Long,java.lang.String,java.lang.Double,com.cyan.hotel.enumeration.PayType]",paymentDate,1
C:\EZHotel-master\EZHotel-master\src\main\java\com\cyan\hotel\repositoryService\PaymentServiceImpl.java,com.cyan.hotel.repositoryService.PaymentServiceImpl,"insertPayment/4[java.lang.Long,java.lang.String,java.lang.Double,com.cyan.hotel.enumeration.PayType]",userId,1
C:\EZHotel-master\EZHotel-master\src\main\java\com\cyan\hotel\repositoryService\PaymentServiceImpl.java,com.cyan.hotel.repositoryService.PaymentServiceImpl,"insertPayment/4[java.lang.Long,java.lang.String,java.lang.Double,com.cyan.hotel.enumeration.PayType]",paymentAmount,1
C:\EZHotel-master\EZHotel-master\src\main\java\com\cyan\hotel\repositoryService\PaymentServiceImpl.java,com.cyan.hotel.repositoryService.PaymentServiceImpl,"insertPayment/4[java.lang.Long,java.lang.String,java.lang.Double,com.cyan.hotel.enumeration.PayType]",paymentType,1
C:\EZHotel-master\EZHotel-master\src\main\java\com\cyan\hotel\model\RoomDecorator.java,com.cyan.hotel.model.RoomDecorator,RoomDecorator/1[com.cyan.hotel.model.Room],room,2
C:\EZHotel-master\EZHotel-master\src\main\java\com\cyan\hotel\repositoryService\RoomServiceImpl.java,com.cyan.hotel.repositoryService.RoomServiceImpl,findRoomByRoomId/1[java.lang.Long],roomId,1
C:\EZHotel-master\EZHotel-master\src\main\java\com\cyan\hotel\repositoryService\RoomServiceImpl.java,com.cyan.hotel.repositoryService.RoomServiceImpl,"updateRoomStatus/2[java.lang.Long,java.lang.Integer]",roomStatus,0
C:\EZHotel-master\EZHotel-master\src\main\java\com\cyan\hotel\repositoryService\RoomServiceImpl.java,com.cyan.hotel.repositoryService.RoomServiceImpl,"updateRoomStatus/2[java.lang.Long,java.lang.Integer]",roomId,0
C:\EZHotel-master\EZHotel-master\src\main\java\com\cyan\hotel\repositoryService\RoomServiceImpl.java,com.cyan.hotel.repositoryService.RoomServiceImpl,getRoomsByRoomType/1[java.lang.String],roomType,1
C:\EZHotel-master\EZHotel-master\src\main\java\com\cyan\hotel\model\User.java,com.cyan.hotel.model.User$Builder,password/1[java.lang.String],password,2
C:\EZHotel-master\EZHotel-master\src\main\java\com\cyan\hotel\model\User.java,com.cyan.hotel.model.User$Builder,lastName/1[java.lang.String],lastName,2
C:\EZHotel-master\EZHotel-master\src\main\java\com\cyan\hotel\model\User.java,com.cyan.hotel.model.User$Builder,firstName/1[java.lang.String],firstName,2
C:\EZHotel-master\EZHotel-master\src\main\java\com\cyan\hotel\model\User.java,com.cyan.hotel.model.User$Builder,balance/1[java.lang.Double],balance,2
C:\EZHotel-master\EZHotel-master\src\main\java\com\cyan\hotel\model\User.java,com.cyan.hotel.model.User$Builder,username/1[java.lang.String],username,2
C:\EZHotel-master\EZHotel-master\src\main\java\com\cyan\hotel\repositoryService\RoomService.java,com.cyan.hotel.repositoryService.RoomService,findRoomByRoomId/1[java.lang.Long],roomId,0
C:\EZHotel-master\EZHotel-master\src\main\java\com\cyan\hotel\repositoryService\RoomService.java,com.cyan.hotel.repositoryService.RoomService,getRoomsByRoomType/1[java.lang.String],roomType,0
C:\EZHotel-master\EZHotel-master\src\main\java\com\cyan\hotel\repositoryService\RoomService.java,com.cyan.hotel.repositoryService.RoomService,"updateRoomStatus/2[java.lang.Long,java.lang.Integer]",roomStatus,0
C:\EZHotel-master\EZHotel-master\src\main\java\com\cyan\hotel\repositoryService\RoomService.java,com.cyan.hotel.repositoryService.RoomService,"updateRoomStatus/2[java.lang.Long,java.lang.Integer]",roomId,0
C:\EZHotel-master\EZHotel-master\src\main\java\com\cyan\hotel\repositoryService\RegistrationService.java,com.cyan.hotel.repositoryService.RegistrationService,"validateRegistration/5[java.lang.String,java.lang.String,java.lang.String,java.lang.String,java.lang.String]",firstName,0
C:\EZHotel-master\EZHotel-master\src\main\java\com\cyan\hotel\repositoryService\RegistrationService.java,com.cyan.hotel.repositoryService.RegistrationService,"validateRegistration/5[java.lang.String,java.lang.String,java.lang.String,java.lang.String,java.lang.String]",lastName,0
C:\EZHotel-master\EZHotel-master\src\main\java\com\cyan\hotel\repositoryService\RegistrationService.java,com.cyan.hotel.repositoryService.RegistrationService,"validateRegistration/5[java.lang.String,java.lang.String,java.lang.String,java.lang.String,java.lang.String]",password,0
C:\EZHotel-master\EZHotel-master\src\main\java\com\cyan\hotel\repositoryService\RegistrationService.java,com.cyan.hotel.repositoryService.RegistrationService,"validateRegistration/5[java.lang.String,java.lang.String,java.lang.String,java.lang.String,java.lang.String]",emailAddress,0
C:\EZHotel-master\EZHotel-master\src\main\java\com\cyan\hotel\repositoryService\RegistrationService.java,com.cyan.hotel.repositoryService.RegistrationService,"validateRegistration/5[java.lang.String,java.lang.String,java.lang.String,java.lang.String,java.lang.String]",username,0
C:\EZHotel-master\EZHotel-master\src\main\java\com\cyan\hotel\repositoryService\UserServiceImpl.java,com.cyan.hotel.repositoryService.UserServiceImpl,findByUserId/1[java.lang.Long],userId,1
C:\EZHotel-master\EZHotel-master\src\main\java\com\cyan\hotel\repositoryService\UserServiceImpl.java,com.cyan.hotel.repositoryService.UserServiceImpl,findByUsername/1[java.lang.String],username,1
C:\EZHotel-master\EZHotel-master\src\main\java\com\cyan\hotel\repositoryService\UserServiceImpl.java,com.cyan.hotel.repositoryService.UserServiceImpl,save/1[com.cyan.hotel.model.User],user,1
C:\EZHotel-master\EZHotel-master\src\main\java\com\cyan\hotel\repositoryService\UserServiceImpl.java,com.cyan.hotel.repositoryService.UserServiceImpl,"validateUser/2[java.lang.String,java.lang.String]",password,0
C:\EZHotel-master\EZHotel-master\src\main\java\com\cyan\hotel\repositoryService\UserServiceImpl.java,com.cyan.hotel.repositoryService.UserServiceImpl,"validateUser/2[java.lang.String,java.lang.String]",user,2
C:\EZHotel-master\EZHotel-master\src\main\java\com\cyan\hotel\repositoryService\UserServiceImpl.java,com.cyan.hotel.repositoryService.UserServiceImpl,"validateUser/2[java.lang.String,java.lang.String]",username,1
C:\EZHotel-master\EZHotel-master\src\main\java\com\cyan\hotel\repositoryService\UserServiceImpl.java,com.cyan.hotel.repositoryService.UserServiceImpl,"updateUserBalance/2[java.lang.Long,java.lang.Double]",currentBalance,1
C:\EZHotel-master\EZHotel-master\src\main\java\com\cyan\hotel\repositoryService\UserServiceImpl.java,com.cyan.hotel.repositoryService.UserServiceImpl,"updateUserBalance/2[java.lang.Long,java.lang.Double]",userId,1
C:\EZHotel-master\EZHotel-master\src\main\java\com\cyan\hotel\billingSystem\BillingSystem.java,com.cyan.hotel.billingSystem.BillingSystem,BillingSystem/1[com.cyan.hotel.model.Booking],booking,1
C:\EZHotel-master\EZHotel-master\src\main\java\com\cyan\hotel\controller\RoomController.java,com.cyan.hotel.controller.RoomController,show/0,roomTypes,1
C:\EZHotel-master\EZHotel-master\src\main\java\com\cyan\hotel\controller\RoomController.java,com.cyan.hotel.controller.RoomController,show/0,model,2
C:\EZHotel-master\EZHotel-master\src\main\java\com\cyan\hotel\controller\RoomController.java,com.cyan.hotel.controller.RoomController,"getRoomType/2[java.lang.String,com.cyan.hotel.controller.Model]",roomTypes,1
C:\EZHotel-master\EZHotel-master\src\main\java\com\cyan\hotel\controller\RoomController.java,com.cyan.hotel.controller.RoomController,"getRoomType/2[java.lang.String,com.cyan.hotel.controller.Model]",model,3
C:\EZHotel-master\EZHotel-master\src\main\java\com\cyan\hotel\controller\RoomController.java,com.cyan.hotel.controller.RoomController,"getRoomType/2[java.lang.String,com.cyan.hotel.controller.Model]",roomType,2
C:\EZHotel-master\EZHotel-master\src\main\java\com\cyan\hotel\controller\RoomController.java,com.cyan.hotel.controller.RoomController,"getRoomType/2[java.lang.String,com.cyan.hotel.controller.Model]",roomList,1
C:\EZHotel-master\EZHotel-master\src\main\java\com\cyan\hotel\controller\RoomController.java,com.cyan.hotel.controller.RoomController,getRoomTypeByForm/1[java.lang.String],roomType,2
C:\EZHotel-master\EZHotel-master\src\main\java\com\cyan\hotel\model\Guest.java,com.cyan.hotel.model.Guest,setLoyatyLevel/1[com.cyan.hotel.enumeration.LoyatyLevel],loyatyLevel,2
C:\EZHotel-master\EZHotel-master\src\main\java\com\cyan\hotel\model\Guest.java,com.cyan.hotel.model.Guest,Guest/1[com.cyan.hotel.model.Guest.Builder<?>],builder,3
C:\EZHotel-master\EZHotel-master\src\main\java\com\cyan\hotel\model\Guest.java,com.cyan.hotel.model.Guest,setPayments/1[java.util.List<com.cyan.hotel.model.Payment>],payments,2
C:\EZHotel-master\EZHotel-master\src\main\java\com\cyan\hotel\controller\BookingController.java,com.cyan.hotel.controller.BookingController,"getUsername/6[java.lang.String,java.lang.String,java.lang.Double,java.lang.Integer,java.lang.String,com.cyan.hotel.controller.Model]",formatter,1
C:\EZHotel-master\EZHotel-master\src\main\java\com\cyan\hotel\controller\BookingController.java,com.cyan.hotel.controller.BookingController,"getUsername/6[java.lang.String,java.lang.String,java.lang.Double,java.lang.Integer,java.lang.String,com.cyan.hotel.controller.Model]",date,1
C:\EZHotel-master\EZHotel-master\src\main\java\com\cyan\hotel\controller\BookingController.java,com.cyan.hotel.controller.BookingController,"getUsername/6[java.lang.String,java.lang.String,java.lang.Double,java.lang.Integer,java.lang.String,com.cyan.hotel.controller.Model]",numOfGuests,1
C:\EZHotel-master\EZHotel-master\src\main\java\com\cyan\hotel\controller\BookingController.java,com.cyan.hotel.controller.BookingController,"getUsername/6[java.lang.String,java.lang.String,java.lang.Double,java.lang.Integer,java.lang.String,com.cyan.hotel.controller.Model]",price,1
C:\EZHotel-master\EZHotel-master\src\main\java\com\cyan\hotel\controller\BookingController.java,com.cyan.hotel.controller.BookingController,"getUsername/6[java.lang.String,java.lang.String,java.lang.Double,java.lang.Integer,java.lang.String,com.cyan.hotel.controller.Model]",extrasList,1
C:\EZHotel-master\EZHotel-master\src\main\java\com\cyan\hotel\controller\BookingController.java,com.cyan.hotel.controller.BookingController,"getUsername/6[java.lang.String,java.lang.String,java.lang.Double,java.lang.Integer,java.lang.String,com.cyan.hotel.controller.Model]",model,0
C:\EZHotel-master\EZHotel-master\src\main\java\com\cyan\hotel\controller\BookingController.java,com.cyan.hotel.controller.BookingController,"getUsername/6[java.lang.String,java.lang.String,java.lang.Double,java.lang.Integer,java.lang.String,com.cyan.hotel.controller.Model]",bookingTotalPrice,2
C:\EZHotel-master\EZHotel-master\src\main\java\com\cyan\hotel\controller\BookingController.java,com.cyan.hotel.controller.BookingController,"getUsername/6[java.lang.String,java.lang.String,java.lang.Double,java.lang.Integer,java.lang.String,com.cyan.hotel.controller.Model]",roomType,1
C:\EZHotel-master\EZHotel-master\src\main\java\com\cyan\hotel\controller\BookingController.java,com.cyan.hotel.controller.BookingController,"getUsername/6[java.lang.String,java.lang.String,java.lang.Double,java.lang.Integer,java.lang.String,com.cyan.hotel.controller.Model]",username,3
C:\EZHotel-master\EZHotel-master\src\main\java\com\cyan\hotel\controller\BookingController.java,com.cyan.hotel.controller.BookingController,"getRoomIdForBooking/2[java.lang.Long,com.cyan.hotel.controller.Model]",model,2
C:\EZHotel-master\EZHotel-master\src\main\java\com\cyan\hotel\controller\BookingController.java,com.cyan.hotel.controller.BookingController,"getRoomIdForBooking/2[java.lang.Long,com.cyan.hotel.controller.Model]",roomId,2
C:\EZHotel-master\EZHotel-master\src\main\java\com\cyan\hotel\controller\BookingController.java,com.cyan.hotel.controller.BookingController,"getRoomIdForBooking/2[java.lang.Long,com.cyan.hotel.controller.Model]",room,1
C:\EZHotel-master\EZHotel-master\src\main\java\com\cyan\hotel\controller\BookingController.java,com.cyan.hotel.controller.BookingController,"getTotalPrice/3[java.lang.String,java.lang.String,java.lang.Double]",price,1
C:\EZHotel-master\EZHotel-master\src\main\java\com\cyan\hotel\controller\BookingController.java,com.cyan.hotel.controller.BookingController,"getTotalPrice/3[java.lang.String,java.lang.String,java.lang.Double]",values,1
C:\EZHotel-master\EZHotel-master\src\main\java\com\cyan\hotel\controller\BookingController.java,com.cyan.hotel.controller.BookingController,"getTotalPrice/3[java.lang.String,java.lang.String,java.lang.Double]",extra,1
C:\EZHotel-master\EZHotel-master\src\main\java\com\cyan\hotel\controller\BookingController.java,com.cyan.hotel.controller.BookingController,"getTotalPrice/3[java.lang.String,java.lang.String,java.lang.Double]",extras,1
C:\EZHotel-master\EZHotel-master\src\main\java\com\cyan\hotel\controller\BookingController.java,com.cyan.hotel.controller.BookingController,"getTotalPrice/3[java.lang.String,java.lang.String,java.lang.Double]",extrasList,2
C:\EZHotel-master\EZHotel-master\src\main\java\com\cyan\hotel\controller\BookingController.java,com.cyan.hotel.controller.BookingController,"getTotalPrice/3[java.lang.String,java.lang.String,java.lang.Double]",roomType,4
C:\EZHotel-master\EZHotel-master\src\main\java\com\cyan\hotel\controller\BookingController.java,com.cyan.hotel.controller.BookingController,"getTotalPrice/3[java.lang.String,java.lang.String,java.lang.Double]",room,14
C:\EZHotel-master\EZHotel-master\src\main\java\com\cyan\hotel\model\withBottleOfWine.java,com.cyan.hotel.model.withBottleOfWine,withBottleOfWine/1[com.cyan.hotel.model.Room],room,1
C:\EZHotel-master\EZHotel-master\src\main\java\com\cyan\hotel\repositoryService\PaymentService.java,com.cyan.hotel.repositoryService.PaymentService,"insertPayment/4[java.lang.Long,java.lang.String,java.lang.Double,com.cyan.hotel.enumeration.PayType]",paymentDate,0
C:\EZHotel-master\EZHotel-master\src\main\java\com\cyan\hotel\repositoryService\PaymentService.java,com.cyan.hotel.repositoryService.PaymentService,"insertPayment/4[java.lang.Long,java.lang.String,java.lang.Double,com.cyan.hotel.enumeration.PayType]",userId,0
C:\EZHotel-master\EZHotel-master\src\main\java\com\cyan\hotel\repositoryService\PaymentService.java,com.cyan.hotel.repositoryService.PaymentService,"insertPayment/4[java.lang.Long,java.lang.String,java.lang.Double,com.cyan.hotel.enumeration.PayType]",paymentAmount,0
C:\EZHotel-master\EZHotel-master\src\main\java\com\cyan\hotel\repositoryService\PaymentService.java,com.cyan.hotel.repositoryService.PaymentService,"insertPayment/4[java.lang.Long,java.lang.String,java.lang.Double,com.cyan.hotel.enumeration.PayType]",paymentType,0
C:\EZHotel-master\EZHotel-master\src\main\java\com\cyan\hotel\controller\UserController.java,com.cyan.hotel.controller.UserController,register/1[com.cyan.hotel.controller.Model],model,1
C:\EZHotel-master\EZHotel-master\src\main\java\com\cyan\hotel\controller\UserController.java,com.cyan.hotel.controller.UserController,showLoginPage/1[com.cyan.hotel.controller.ModelMap],model,0
C:\EZHotel-master\EZHotel-master\src\main\java\com\cyan\hotel\controller\UserController.java,com.cyan.hotel.controller.UserController,"register/3[com.cyan.hotel.model.User,com.cyan.hotel.controller.BindingResult,com.cyan.hotel.controller.ModelMap]",result,2
C:\EZHotel-master\EZHotel-master\src\main\java\com\cyan\hotel\controller\UserController.java,com.cyan.hotel.controller.UserController,"register/3[com.cyan.hotel.model.User,com.cyan.hotel.controller.BindingResult,com.cyan.hotel.controller.ModelMap]",userForm,3
C:\EZHotel-master\EZHotel-master\src\main\java\com\cyan\hotel\controller\UserController.java,com.cyan.hotel.controller.UserController,"register/3[com.cyan.hotel.model.User,com.cyan.hotel.controller.BindingResult,com.cyan.hotel.controller.ModelMap]",model,1
C:\EZHotel-master\EZHotel-master\src\main\java\com\cyan\hotel\controller\UserController.java,com.cyan.hotel.controller.UserController,"showWelcomePage/3[com.cyan.hotel.controller.ModelMap,java.lang.String,java.lang.String]",password,2
C:\EZHotel-master\EZHotel-master\src\main\java\com\cyan\hotel\controller\UserController.java,com.cyan.hotel.controller.UserController,"showWelcomePage/3[com.cyan.hotel.controller.ModelMap,java.lang.String,java.lang.String]",name,3
C:\EZHotel-master\EZHotel-master\src\main\java\com\cyan\hotel\controller\UserController.java,com.cyan.hotel.controller.UserController,"showWelcomePage/3[com.cyan.hotel.controller.ModelMap,java.lang.String,java.lang.String]",model,5
C:\EZHotel-master\EZHotel-master\src\main\java\com\cyan\hotel\controller\UserController.java,com.cyan.hotel.controller.UserController,"showWelcomePage/3[com.cyan.hotel.controller.ModelMap,java.lang.String,java.lang.String]",isValidUser,1
C:\EZHotel-master\EZHotel-master\src\main\java\com\cyan\hotel\controller\UserController.java,com.cyan.hotel.controller.UserController,logout/1[com.cyan.hotel.controller.ModelMap],model,1
C:\EZHotel-master\EZHotel-master\src\main\java\com\cyan\hotel\exception\ResourceNotFoundException.java,com.cyan.hotel.exception.ResourceNotFoundException,"ResourceNotFoundException/3[java.lang.String,java.lang.String,java.lang.String]",name,1
C:\EZHotel-master\EZHotel-master\src\main\java\com\cyan\hotel\exception\ResourceNotFoundException.java,com.cyan.hotel.exception.ResourceNotFoundException,"ResourceNotFoundException/3[java.lang.String,java.lang.String,java.lang.String]",value,1
C:\EZHotel-master\EZHotel-master\src\main\java\com\cyan\hotel\exception\ResourceNotFoundException.java,com.cyan.hotel.exception.ResourceNotFoundException,"ResourceNotFoundException/3[java.lang.String,java.lang.String,java.lang.String]",resourceType,1
C:\EZHotel-master\EZHotel-master\.mvn\wrapper\MavenWrapperDownloader.java,MavenWrapperDownloader,"downloadFileFromURL/2[java.lang.String,java.io.File]",website,1
C:\EZHotel-master\EZHotel-master\.mvn\wrapper\MavenWrapperDownloader.java,MavenWrapperDownloader,"downloadFileFromURL/2[java.lang.String,java.io.File]",rbc,3
C:\EZHotel-master\EZHotel-master\.mvn\wrapper\MavenWrapperDownloader.java,MavenWrapperDownloader,"downloadFileFromURL/2[java.lang.String,java.io.File]",urlString,1
C:\EZHotel-master\EZHotel-master\.mvn\wrapper\MavenWrapperDownloader.java,MavenWrapperDownloader,"downloadFileFromURL/2[java.lang.String,java.io.File]",destination,1
C:\EZHotel-master\EZHotel-master\.mvn\wrapper\MavenWrapperDownloader.java,MavenWrapperDownloader,"downloadFileFromURL/2[java.lang.String,java.io.File]",fos,2
C:\EZHotel-master\EZHotel-master\.mvn\wrapper\MavenWrapperDownloader.java,MavenWrapperDownloader,main/1[java.lang.String[]],args,1
C:\EZHotel-master\EZHotel-master\.mvn\wrapper\MavenWrapperDownloader.java,MavenWrapperDownloader,main/1[java.lang.String[]],outputFile,5
C:\EZHotel-master\EZHotel-master\.mvn\wrapper\MavenWrapperDownloader.java,MavenWrapperDownloader,main/1[java.lang.String[]],mavenWrapperPropertyFile,2
C:\EZHotel-master\EZHotel-master\.mvn\wrapper\MavenWrapperDownloader.java,MavenWrapperDownloader,main/1[java.lang.String[]],e,3
C:\EZHotel-master\EZHotel-master\.mvn\wrapper\MavenWrapperDownloader.java,MavenWrapperDownloader,main/1[java.lang.String[]],mavenWrapperPropertyFileInputStream,4
C:\EZHotel-master\EZHotel-master\.mvn\wrapper\MavenWrapperDownloader.java,MavenWrapperDownloader,main/1[java.lang.String[]],mavenWrapperProperties,2
C:\EZHotel-master\EZHotel-master\.mvn\wrapper\MavenWrapperDownloader.java,MavenWrapperDownloader,main/1[java.lang.String[]],baseDirectory,3
C:\EZHotel-master\EZHotel-master\.mvn\wrapper\MavenWrapperDownloader.java,MavenWrapperDownloader,main/1[java.lang.String[]],url,4
C:\EZHotel-master\EZHotel-master\src\main\java\com\cyan\hotel\HotelApplication.java,com.cyan.hotel.HotelApplication,main/1[java.lang.String[]],args,1
C:\EZHotel-master\EZHotel-master\src\main\java\com\cyan\hotel\HotelApplication.java,com.cyan.hotel.HotelApplication,configure/1[com.cyan.hotel.SpringApplicationBuilder],application,1
C:\EZHotel-master\EZHotel-master\src\main\java\com\cyan\hotel\repository\BookingRepository.java,com.cyan.hotel.repository.BookingRepository,findBookingByUser/1[com.cyan.hotel.model.User],user,0
C:\EZHotel-master\EZHotel-master\src\main\java\com\cyan\hotel\exception\RoomNotFoundException.java,com.cyan.hotel.exception.RoomNotFoundException,RoomNotFoundException/1[java.lang.Long],roomId,1
C:\EZHotel-master\EZHotel-master\src\main\java\com\cyan\hotel\repository\UserRepository.java,com.cyan.hotel.repository.UserRepository,"updateUserBalance/2[java.lang.Double,java.lang.Long]",balance,0
C:\EZHotel-master\EZHotel-master\src\main\java\com\cyan\hotel\repository\UserRepository.java,com.cyan.hotel.repository.UserRepository,"updateUserBalance/2[java.lang.Double,java.lang.Long]",userId,0
C:\EZHotel-master\EZHotel-master\src\main\java\com\cyan\hotel\repository\UserRepository.java,com.cyan.hotel.repository.UserRepository,findByUsername/1[java.lang.String],username,0
C:\EZHotel-master\EZHotel-master\src\main\java\com\cyan\hotel\repository\UserRepository.java,com.cyan.hotel.repository.UserRepository,findByUserId/1[java.lang.Long],userId,0
C:\EZHotel-master\EZHotel-master\src\main\java\com\cyan\hotel\model\withDinner.java,com.cyan.hotel.model.withDinner,withDinner/1[com.cyan.hotel.model.Room],room,1
C:\EZHotel-master\EZHotel-master\src\main\java\com\cyan\hotel\model\withWiFi.java,com.cyan.hotel.model.withWiFi,withWiFi/1[com.cyan.hotel.model.Room],room,1
C:\EZHotel-master\EZHotel-master\src\main\java\com\cyan\hotel\repositoryService\BookingService.java,com.cyan.hotel.repositoryService.BookingService,"insertBooking/4[java.lang.String,java.lang.Integer,java.lang.Double,java.lang.String]",bookingTotal,0
C:\EZHotel-master\EZHotel-master\src\main\java\com\cyan\hotel\repositoryService\BookingService.java,com.cyan.hotel.repositoryService.BookingService,"insertBooking/4[java.lang.String,java.lang.Integer,java.lang.Double,java.lang.String]",numberOfGuests,0
C:\EZHotel-master\EZHotel-master\src\main\java\com\cyan\hotel\repositoryService\BookingService.java,com.cyan.hotel.repositoryService.BookingService,"insertBooking/4[java.lang.String,java.lang.Integer,java.lang.Double,java.lang.String]",bookingDate,0
C:\EZHotel-master\EZHotel-master\src\main\java\com\cyan\hotel\repositoryService\BookingService.java,com.cyan.hotel.repositoryService.BookingService,"insertBooking/4[java.lang.String,java.lang.Integer,java.lang.Double,java.lang.String]",username,0
C:\EZHotel-master\EZHotel-master\src\main\java\com\cyan\hotel\repositoryService\BookingService.java,com.cyan.hotel.repositoryService.BookingService,findBookingByUser/1[com.cyan.hotel.model.User],user,0
